Date,Open,High,Low,Close,Adj Close,Volume
2001-10-30,20.250000,20.450001,20.174999,20.450001,17.429440,45441800
2001-10-31,20.549999,21.250000,20.504999,20.940001,17.847059,11104400
2001-11-01,21.125000,21.299999,20.900000,21.084999,17.970642,3901800
2001-11-02,21.025000,21.549999,21.010000,21.450001,18.281731,4075000
2001-11-05,21.750000,21.750000,21.375000,21.445000,18.277473,2763800
2001-11-06,21.475000,22.150000,21.075001,22.025000,18.771799,3248200
2001-11-07,21.875000,21.875000,21.245001,21.625000,18.430883,2675200
2001-11-08,21.500000,21.549999,21.000000,21.350000,18.196508,3404000
2001-11-09,21.250000,21.250000,20.500000,21.000000,17.898199,3291600
2001-11-12,21.000000,21.424999,20.850000,21.424999,18.260424,973600
2001-11-13,21.700001,21.700001,21.260000,21.375000,18.217808,1721800
2001-11-14,22.000000,23.000000,21.775000,22.975000,19.581484,4213000
2001-11-15,22.850000,23.375000,22.725000,23.375000,19.922405,2310400
2001-11-16,23.450001,23.600000,23.150000,23.400000,19.943705,2176200
2001-11-19,23.375000,23.785000,23.200001,23.750000,20.242012,2007200
2001-11-20,23.650000,24.625000,23.625000,24.400000,20.796001,2803000
2001-11-21,24.350000,24.850000,24.205000,24.504999,20.885494,2684000
2001-11-23,24.475000,24.674999,24.475000,24.590000,20.957941,287800
2001-11-26,24.850000,25.125000,24.150000,24.275000,20.689463,1917400
2001-11-27,24.400000,24.924999,24.135000,24.299999,20.710775,1148000
2001-11-28,24.275000,24.600000,23.754999,24.475000,20.859922,625200
2001-11-29,24.750000,25.049999,24.540001,25.004999,21.311638,1136800
2001-11-30,25.049999,25.500000,24.900000,25.424999,21.669600,2960200
2001-12-03,25.400000,25.650000,25.049999,25.650000,21.861378,1270800
2001-12-04,25.674999,25.750000,25.250000,25.750000,21.946604,794000
2001-12-05,25.900000,25.950001,24.350000,24.430000,20.821571,1356200
2001-12-06,24.450001,24.500000,23.674999,24.245001,20.663898,902600
2001-12-07,24.250000,24.350000,23.799999,24.299999,20.710775,649600
2001-12-10,24.299999,24.434999,24.075001,24.125000,20.561623,308000
2001-12-11,24.125000,24.344999,23.855000,24.100000,20.540316,892800
2001-12-12,24.125000,24.125000,23.924999,23.930000,20.395418,478800
2001-12-13,23.805000,24.049999,23.450001,24.049999,20.497694,960600
2001-12-14,24.000000,24.049999,23.674999,24.000000,20.455084,813600
2001-12-17,24.049999,24.650000,23.959999,24.625000,20.987774,421200
2001-12-18,24.750000,24.799999,24.610001,24.650000,21.009081,809200
2001-12-19,24.650000,24.674999,23.875000,24.000000,20.455084,1473200
2001-12-20,23.879999,24.000000,23.400000,23.450001,19.986320,1312000
2001-12-21,23.400000,23.400000,22.625000,22.875000,19.496250,4283800
2001-12-24,22.875000,22.975000,22.799999,22.799999,19.432331,900200
2001-12-26,22.924999,23.240000,22.924999,23.125000,19.709324,1191600
2001-12-27,23.174999,23.650000,23.174999,23.450001,19.986320,1925400
2001-12-28,23.475000,24.250000,23.475000,24.250000,20.668156,1714800
2001-12-31,24.350000,25.125000,24.350000,24.750000,21.094303,1792800
2002-01-02,24.840000,24.840000,24.355000,24.400000,20.796001,1933000
2002-01-03,24.400000,24.639999,24.225000,24.225000,20.646849,625600
2002-01-04,24.250000,24.400000,23.450001,23.930000,20.395418,2318600
2002-01-07,23.930000,23.969999,23.500000,23.510000,20.037457,1916400
2002-01-08,23.424999,23.924999,23.200001,23.700001,20.199400,932000
2002-01-09,23.775000,24.125000,23.750000,23.799999,20.284624,855000
2002-01-10,23.799999,25.370001,23.785000,25.049999,21.349993,2550400
2002-01-11,25.049999,25.900000,24.950001,25.750000,21.946604,1111800
2002-01-14,25.799999,26.200001,25.424999,25.950001,22.117060,1364600
2002-01-15,25.850000,25.855000,24.700001,25.350000,21.605684,1426800
2002-01-16,25.225000,25.850000,24.799999,25.495001,21.729267,1721200
2002-01-17,25.500000,25.525000,25.000000,25.150000,21.435225,912000
2002-01-18,25.025000,25.500000,24.910000,25.490000,21.724997,1406000
2002-01-22,25.365000,25.940001,25.025000,25.875000,22.053137,1613000
2002-01-23,25.700001,26.434999,25.700001,26.129999,22.270472,1625400
2002-01-24,26.025000,26.545000,26.025000,26.400000,22.500591,1846800
2002-01-25,26.500000,27.049999,26.424999,26.940001,22.960833,1670400
2002-01-28,26.700001,27.250000,26.600000,26.875000,22.905445,1404200
2002-01-29,26.525000,26.875000,26.475000,26.600000,22.671055,1353400
2002-01-30,26.250000,26.650000,25.975000,26.260000,22.381275,1301400
2002-01-31,26.299999,26.600000,25.900000,26.600000,22.671055,2071800
2002-02-01,26.625000,27.049999,26.500000,26.575001,22.649748,1569400
2002-02-04,26.485001,26.500000,25.700001,26.100000,22.244902,1055200
2002-02-05,26.150000,27.125000,25.750000,27.120001,23.114243,1731800
2002-02-06,28.250000,28.969999,27.764999,28.250000,24.077341,5261000
2002-02-07,28.250000,29.420000,28.160000,28.799999,24.546101,1815400
2002-02-08,28.875000,29.010000,28.680000,28.850000,24.588718,1792800
2002-02-11,28.764999,29.049999,28.680000,28.775000,24.524794,1503800
2002-02-12,28.500000,28.549999,28.275000,28.450001,24.247805,2127000
2002-02-13,28.549999,28.625000,27.924999,28.025000,23.885571,1555200
2002-02-14,28.100000,28.375000,27.875000,28.205000,24.038990,1656000
2002-02-15,28.200001,28.250000,28.010000,28.049999,23.906883,1526600
2002-02-19,28.000000,28.035000,26.725000,27.184999,23.169645,2207200
2002-02-20,26.900000,27.350000,26.875000,27.000000,23.011972,1516600
2002-02-21,26.975000,28.275000,26.850000,27.775000,23.672503,1646000
2002-02-22,27.725000,28.549999,27.725000,28.174999,24.013420,1305400
2002-02-25,28.100000,28.760000,28.035000,28.525000,24.311722,1013000
2002-02-26,28.750000,29.480000,28.750000,29.125000,24.823101,1992000
2002-02-27,29.049999,29.250000,28.799999,28.990000,24.708042,2011200
2002-02-28,28.900000,29.125000,28.674999,29.049999,24.759176,1878800
2002-03-01,28.924999,29.025000,28.850000,29.025000,24.737871,1153000
2002-03-04,28.900000,29.225000,27.725000,27.750000,23.651186,2725800
2002-03-05,27.665001,27.889999,27.200001,27.325001,23.288971,1680200
2002-03-06,27.375000,28.549999,27.250000,28.174999,24.013420,1911400
2002-03-07,28.350000,28.600000,28.110001,28.129999,23.975067,1055400
2002-03-08,28.135000,28.350000,27.750000,28.125000,23.970806,1557400
2002-03-11,28.000000,28.330000,27.850000,28.299999,24.119951,1525800
2002-03-12,28.200001,28.250000,28.025000,28.245001,24.073086,846800
2002-03-13,28.225000,28.375000,28.049999,28.275000,24.098644,994200
2002-03-14,28.225000,28.525000,28.125000,28.250000,24.077341,871000
2002-03-15,28.250000,28.610001,28.200001,28.450001,24.247805,1631600
2002-03-18,28.375000,29.225000,28.375000,29.150000,24.844406,1847200
2002-03-19,29.049999,29.200001,28.200001,28.200001,24.034731,991200
2002-03-20,28.150000,28.370001,27.875000,28.200001,24.034731,945000
2002-03-21,28.250000,28.855000,28.250000,28.650000,24.418262,1066200
2002-03-22,28.700001,29.025000,28.325001,28.400000,24.205177,587000
2002-03-25,28.275000,28.500000,28.200001,28.299999,24.119951,559400
2002-03-26,28.299999,28.375000,27.875000,27.990000,23.855745,566200
2002-03-27,27.990000,29.004999,27.950001,29.000000,24.716558,1202600
2002-03-28,29.000000,29.225000,28.525000,28.785000,24.533319,1196000
2002-04-01,28.910000,29.174999,28.750000,29.125000,24.823101,1502200
2002-04-02,29.225000,30.000000,29.205000,30.000000,25.568853,1497600
2002-04-03,30.000000,30.200001,29.584999,29.674999,25.291861,1443200
2002-04-04,29.625000,30.375000,29.600000,30.375000,25.888472,1551600
2002-04-05,30.400000,31.275000,30.264999,30.959999,26.387056,1606800
2002-04-08,30.959999,30.975000,30.469999,30.684999,26.152681,1446400
2002-04-09,30.674999,30.750000,30.375000,30.424999,25.931087,1429600
2002-04-10,30.424999,30.745001,30.375000,30.600000,26.080236,1524200
2002-04-11,30.549999,30.645000,30.135000,30.420000,25.926819,1235000
2002-04-12,30.350000,30.600000,30.299999,30.320000,25.841589,1281400
2002-04-15,30.475000,30.750000,30.309999,30.475000,25.973698,936800
2002-04-16,30.799999,31.250000,30.790001,31.105000,26.510639,1833800
2002-04-17,31.100000,32.500000,31.100000,32.325001,27.550444,2273400
2002-04-18,32.950001,34.125000,32.875000,34.125000,29.084570,4319000
2002-04-19,34.000000,34.299999,33.799999,34.180000,29.131466,2466200
2002-04-22,34.125000,34.375000,33.660000,33.674999,28.701044,1849600
2002-04-23,33.000000,33.200001,32.450001,32.974998,28.104437,2278800
2002-04-24,32.849998,33.875000,32.619999,33.875000,28.871500,1594400
2002-04-25,34.250000,35.625000,34.099998,35.599998,30.341717,4351800
2002-04-26,35.599998,36.000000,35.250000,35.349998,30.128645,2812400
2002-04-29,33.474998,34.115002,32.250000,33.325001,28.402735,16078000
2002-04-30,33.424999,34.500000,33.375000,34.099998,29.063265,7172200
2002-05-01,33.900002,36.075001,33.860001,35.380001,30.154207,9494800
2002-05-02,35.325001,35.799999,34.875000,35.549999,30.299095,5432600
2002-05-03,35.599998,36.150002,35.575001,35.930000,30.622969,3412800
2002-05-06,35.849998,35.855000,34.500000,34.750000,29.617262,3781600
2002-05-07,34.750000,34.750000,33.025002,33.794998,28.803310,4696800
2002-05-08,33.794998,34.325001,33.099998,34.250000,29.191114,4173200
2002-05-09,34.255001,34.255001,33.900002,34.075001,29.041969,2203200
2002-05-10,34.075001,34.419998,34.009998,34.080002,29.046223,2170000
2002-05-13,34.000000,34.000000,32.650002,33.000000,28.125744,2378400
2002-05-14,33.000000,33.000000,31.750000,32.474998,27.678284,4077000
2002-05-15,32.299999,33.290001,32.139999,32.209999,27.452427,3218800
2002-05-16,32.299999,33.889999,32.299999,33.674999,28.701044,3705000
2002-05-17,34.125000,35.325001,34.075001,34.950001,29.787716,4835000
2002-05-20,34.424999,34.430000,33.075001,33.244999,28.334555,3528400
2002-05-21,33.299999,33.825001,32.924999,33.674999,28.701044,2649200
2002-05-22,33.549999,33.924999,32.674999,32.849998,27.997902,1826800
2002-05-23,32.825001,32.990002,32.555000,32.935001,28.070341,2227800
2002-05-24,32.935001,33.740002,32.875000,33.580002,28.620071,1548200
2002-05-28,33.549999,33.599998,33.075001,33.250000,28.338816,839800
2002-05-29,33.250000,34.060001,33.209999,33.900002,28.892807,2147000
2002-05-30,33.900002,35.375000,33.674999,35.375000,30.149948,2738000
2002-05-31,35.299999,35.810001,34.535000,35.450001,30.213865,2897400
2002-06-03,35.375000,35.439999,34.685001,35.134998,29.945395,1314400
2002-06-04,34.750000,34.884998,34.474998,34.650002,29.532017,1596400
2002-06-05,34.625000,36.700001,34.580002,36.000000,30.682623,3235800
2002-06-06,36.000000,36.395000,34.950001,35.224998,30.022097,2300200
2002-06-07,35.230000,36.365002,34.950001,35.950001,30.640007,3551000
2002-06-10,36.000000,36.349998,35.625000,36.349998,30.980936,2013400
2002-06-11,37.500000,37.625000,36.625000,36.625000,31.215317,4227000
2002-06-12,36.825001,37.419998,36.625000,37.299999,31.790606,2924600
2002-06-13,37.275002,37.279999,36.099998,36.200001,30.853090,1390000
2002-06-14,35.974998,35.990002,35.110001,35.695000,30.422668,3330000
2002-06-17,35.950001,36.974998,35.950001,36.750000,31.321844,2711200
2002-06-18,36.755001,36.904999,36.450001,36.875000,31.428387,2098000
2002-06-19,36.724998,37.525002,36.549999,36.715000,31.292027,1977800
2002-06-20,36.590000,36.935001,35.875000,36.270000,30.912750,1819800
2002-06-21,36.169998,36.500000,35.599998,36.250000,30.895700,2150600
2002-06-24,36.174999,36.250000,33.770000,34.599998,29.489414,4338400
2002-06-25,34.500000,34.900002,32.939999,33.180000,28.279156,4011000
2002-06-26,32.200001,33.375000,31.700001,33.000000,28.125744,4727800
2002-06-27,33.375000,33.740002,32.950001,33.450001,28.509274,2412600
2002-06-28,33.500000,33.875000,33.090000,33.740002,28.756447,6945200
2002-07-01,33.615002,33.724998,31.924999,32.125000,27.379980,3081600
2002-07-02,32.125000,32.590000,31.405001,31.875000,27.166910,4343000
2002-07-03,31.875000,32.549999,31.549999,32.375000,27.593058,2510400
2002-07-05,32.724998,33.200001,32.599998,32.950001,28.083130,1298800
2002-07-08,33.025002,33.740002,33.000000,33.349998,28.424038,2409000
2002-07-09,33.349998,33.549999,31.760000,31.764999,27.073156,3113600
2002-07-10,31.674999,32.049999,30.160000,30.275000,25.803238,3737200
2002-07-11,30.275000,31.400000,28.500000,31.025000,26.442459,5174000
2002-07-12,31.500000,32.424999,31.450001,32.174999,27.422602,2868800
2002-07-15,32.099998,32.275002,30.299999,31.750000,27.060373,3345200
2002-07-16,31.625000,32.660000,30.665001,30.900000,26.335922,2295800
2002-07-17,31.750000,32.674999,31.299999,32.424999,27.635672,2377000
2002-07-18,32.750000,34.250000,32.400002,32.750000,27.912668,5435200
2002-07-19,32.500000,32.500000,31.250000,31.400000,26.762072,2902000
2002-07-22,31.375000,31.375000,28.375000,29.299999,24.972248,5004000
2002-07-23,29.500000,29.594999,28.510000,28.875000,24.610023,2888400
2002-07-24,29.750000,32.000000,29.635000,31.504999,26.851566,32792800
2002-07-25,31.500000,34.000000,31.400000,32.320000,27.546181,11095800
2002-07-26,32.570000,32.619999,31.264999,32.000000,27.273443,6009400
2002-07-29,32.250000,34.465000,32.250000,34.299999,29.233727,5311000
2002-07-30,33.924999,35.049999,32.500000,32.955002,28.087387,8583400
2002-07-31,32.625000,34.564999,32.380001,33.939999,28.926901,12098800
2002-08-01,33.965000,35.250000,33.500000,34.445000,29.357309,4690000
2002-08-02,34.325001,34.470001,32.950001,33.349998,28.424038,5027800
2002-08-05,33.000000,33.005001,29.950001,30.250000,25.781927,9503600
2002-08-06,31.100000,31.200001,30.299999,30.745001,26.203827,5698600
2002-08-07,31.125000,31.424999,30.594999,30.799999,26.250689,3376600
2002-08-08,30.924999,32.314999,30.809999,32.099998,27.358681,3364400
2002-08-09,31.975000,32.500000,31.250000,31.680000,27.000711,2045600
2002-08-12,31.600000,31.825001,30.600000,30.625000,26.101540,3092200
2002-08-13,30.799999,31.475000,30.100000,30.660000,26.131374,2890400
2002-08-14,30.000000,31.174999,29.975000,30.940001,26.370012,3433000
2002-08-15,31.315001,31.490000,29.700001,29.825001,25.419708,4183400
2002-08-16,29.750000,30.165001,29.350000,29.350000,25.014864,3202800
2002-08-19,29.500000,31.225000,29.500000,30.995001,26.416887,3921000
2002-08-20,30.950001,31.775000,30.924999,31.260000,26.642744,2561600
2002-08-21,31.325001,31.620001,30.500000,30.799999,26.250689,1704200
2002-08-22,30.750000,32.500000,30.750000,32.419998,27.631411,3405200
2002-08-23,32.340000,32.650002,31.900000,32.250000,27.486523,1689000
2002-08-26,32.250000,32.459999,31.725000,32.189999,27.435381,1394000
2002-08-27,32.189999,32.404999,31.000000,31.160000,26.557516,2499200
2002-08-28,30.950001,31.305000,30.379999,30.594999,26.075972,1488000
2002-08-29,30.469999,32.049999,30.250000,31.950001,27.230833,2445000
2002-08-30,31.825001,32.125000,31.379999,31.555000,26.894175,1577600
2002-09-03,31.500000,31.540001,29.775000,30.105000,25.658344,1577600
2002-09-04,30.000000,30.639999,29.629999,30.455000,25.956648,2150400
2002-09-05,30.440001,31.200001,30.000000,31.000000,26.421158,1394800
2002-09-06,31.375000,31.665001,30.950001,31.500000,26.847301,1197800
2002-09-09,31.375000,32.040001,31.250000,31.950001,27.230833,1146600
2002-09-10,31.950001,32.340000,31.850000,32.240002,27.478003,1822600
2002-09-11,32.599998,32.799999,32.380001,32.709999,27.878572,1499200
2002-09-12,32.500000,32.950001,32.349998,32.884998,28.027737,1804800
2002-09-13,32.775002,34.150002,32.439999,34.000000,28.978041,2525600
2002-09-16,33.750000,34.485001,33.724998,34.450001,29.361570,2040400
2002-09-17,34.974998,34.974998,34.215000,34.525002,29.425495,2832800
2002-09-18,34.500000,34.764999,34.025002,34.619999,29.506460,1934000
2002-09-19,34.244999,34.349998,32.810001,32.845001,27.993635,3135400
2002-09-20,32.849998,33.459999,32.549999,32.654999,27.831705,1900000
2002-09-23,32.654999,32.799999,31.750000,32.424999,27.635672,3294800
2002-09-24,32.430000,32.470001,31.370001,31.705000,27.022024,2088400
2002-09-25,31.830000,33.099998,31.764999,32.950001,28.083130,1990200
2002-09-26,33.000000,33.349998,32.075001,32.320000,27.546181,3062200
2002-09-27,32.320000,33.139999,32.064999,32.125000,27.379980,2504000
2002-09-30,32.125000,32.500000,31.174999,32.500000,27.699594,3149200
2002-10-01,32.450001,32.669998,31.715000,32.160000,27.409811,2365200
2002-10-02,32.250000,32.950001,32.174999,32.500000,27.699594,3010200
2002-10-03,32.750000,33.799999,32.625000,33.380001,28.449610,2990400
2002-10-04,33.500000,33.549999,32.775002,33.334999,28.411261,2119600
2002-10-07,33.299999,33.645000,32.099998,32.110001,27.367201,2386800
2002-10-08,32.325001,32.525002,31.750000,32.400002,27.614368,2584400
2002-10-09,32.325001,32.794998,32.110001,32.674999,27.848745,2073400
2002-10-10,33.625000,33.775002,33.035000,33.220001,28.313240,3094000
2002-10-11,33.974998,34.424999,33.465000,33.900002,28.892807,2828400
2002-10-14,33.849998,34.400002,33.799999,34.334999,29.263550,1506400
2002-10-15,34.994999,36.424999,34.985001,35.799999,30.512180,3712200
2002-10-16,35.674999,36.750000,35.650002,36.750000,31.321844,2772000
2002-10-17,37.750000,37.750000,33.730000,34.950001,29.787716,6891400
2002-10-18,34.955002,36.250000,34.549999,35.275002,30.064707,3029000
2002-10-21,35.200001,36.275002,34.950001,36.084999,30.755070,1975400
2002-10-22,36.084999,36.689999,35.270000,35.634998,30.371531,1918800
2002-10-23,35.445000,36.150002,35.259998,36.070000,30.742283,1284000
2002-10-24,36.049999,36.055000,34.259998,34.625000,29.510725,3323400
2002-10-25,33.525002,34.595001,33.525002,34.544998,29.442539,3758200
2002-10-28,34.750000,34.750000,33.250000,33.709999,28.730875,2325600
2002-10-29,33.709999,33.709999,32.455002,32.790001,27.946764,2493200
2002-10-30,32.855000,33.849998,32.750000,32.939999,28.074608,2479200
2002-10-31,33.625000,33.740002,31.125000,31.500000,26.847301,7362800
2002-11-01,31.750000,32.500000,31.250000,31.725000,27.039066,5283000
2002-11-04,32.875000,33.750000,31.535000,32.000000,27.273443,5980800
2002-11-05,32.075001,32.125000,30.205000,30.915001,26.348705,6125200
2002-11-06,31.500000,32.180000,31.400000,32.060001,27.324593,3334400
2002-11-07,32.150002,32.840000,32.099998,32.825001,27.976593,3175600
2002-11-08,32.830002,32.830002,30.504999,30.815001,26.263475,7611000
2002-11-11,31.125000,31.299999,30.250000,30.650000,26.122849,3884400
2002-11-12,30.875000,31.325001,30.700001,31.045000,26.459507,2595600
2002-11-13,30.950001,31.719999,30.940001,31.475000,26.825987,3232000
2002-11-14,31.825001,32.250000,31.650000,31.665001,26.987930,4243400
2002-11-15,31.600000,32.674999,31.600000,32.340000,27.563227,3562600
2002-11-18,32.500000,32.775002,32.209999,32.209999,27.452427,2157800
2002-11-19,32.215000,32.255001,31.090000,31.250000,26.634226,2086000
2002-11-20,30.375000,31.125000,30.299999,31.125000,26.527689,4561200
2002-11-21,31.200001,31.320000,29.250000,29.375000,25.036173,9199400
2002-11-22,29.250000,29.924999,28.995001,29.719999,25.330215,7319400
2002-11-25,29.725000,29.809999,27.250000,27.485001,23.425333,13676800
2002-11-26,28.000000,28.639999,27.825001,28.299999,24.119951,9355800
2002-11-27,28.625000,29.120001,28.375000,29.105000,24.806055,5750000
2002-11-29,29.150000,29.924999,29.150000,29.625000,25.249249,5245000
2002-12-02,30.250000,30.299999,28.424999,28.559999,24.341553,6002400
2002-12-03,28.625000,29.750000,28.500000,29.594999,25.223671,5764200
2002-12-04,29.480000,31.250000,29.375000,31.004999,26.425411,5306400
2002-12-05,30.900000,31.049999,30.340000,30.750000,26.208076,3693600
2002-12-06,30.775000,31.299999,30.424999,30.860001,26.301826,2530200
2002-12-09,30.775000,31.559999,30.750000,30.825001,26.272003,2432800
2002-12-10,31.125000,31.420000,30.590000,31.420000,26.779114,2927200
2002-12-11,31.415001,32.099998,31.400000,31.775000,27.081684,2513400
2002-12-12,31.799999,32.029999,31.375000,31.650000,26.975143,1468200
2002-12-13,31.600000,31.860001,31.000000,31.215000,26.604393,1956400
2002-12-16,31.575001,31.850000,31.275000,31.700001,27.017759,2271000
2002-12-17,31.700001,31.760000,31.150000,31.424999,26.783373,2204000
2002-12-18,31.525000,31.740000,30.825001,30.850000,26.293310,2538600
2002-12-19,30.650000,31.090000,30.075001,30.385000,25.896996,2789800
2002-12-20,30.674999,31.145000,30.215000,30.975000,26.399843,4843200
2002-12-23,31.350000,31.725000,31.150000,31.610001,26.941053,1847800
2002-12-24,32.099998,32.099998,31.530001,31.555000,26.894175,552000
2002-12-26,31.674999,31.855000,31.209999,31.275000,26.655533,1039800
2002-12-27,31.275000,31.275000,30.625000,30.674999,26.144156,749200
2002-12-30,30.725000,30.830000,30.434999,30.700001,26.165464,1540000
2002-12-31,30.900000,31.450001,30.525000,31.450001,26.804686,2207600
2003-01-02,31.350000,31.740000,31.200001,31.674999,26.996450,3595000
2003-01-03,31.575001,32.025002,31.299999,31.299999,26.676840,2782400
2003-01-06,31.299999,31.549999,30.695000,31.110001,26.514908,2704600
2003-01-07,30.975000,31.059999,30.500000,30.600000,26.080236,2457400
2003-01-08,30.725000,30.975000,30.450001,30.575001,26.058929,1792800
2003-01-09,30.525000,30.625000,30.125000,30.549999,26.037613,3514600
2003-01-10,30.424999,30.430000,30.025000,30.180000,25.722271,2075600
2003-01-13,30.299999,30.600000,29.975000,30.320000,25.841589,2422200
2003-01-14,30.325001,30.325001,29.575001,29.795000,25.394138,2676800
2003-01-15,29.780001,30.000000,29.385000,29.725000,25.334475,2266000
2003-01-16,29.750000,30.125000,29.500000,29.860001,25.449532,2129800
2003-01-17,29.855000,30.510000,29.750000,30.490000,25.986485,3145400
2003-01-21,30.485001,30.674999,30.049999,30.150000,25.696707,2571600
2003-01-22,30.209999,30.700001,30.200001,30.500000,25.995005,2851000
2003-01-23,31.049999,31.395000,30.910000,31.250000,26.634226,2742000
2003-01-24,31.254999,31.275000,30.340000,30.625000,26.101540,2249200
2003-01-27,30.549999,30.575001,29.900000,30.045000,25.607208,1464000
2003-01-28,30.170000,30.475000,30.004999,30.375000,25.888472,1432200
2003-01-29,30.150000,30.790001,29.950001,30.785000,26.237906,2316400
2003-01-30,30.575001,30.875000,30.434999,30.625000,26.101540,3081400
2003-01-31,30.674999,31.450001,30.575001,31.040001,26.455246,2527400
2003-02-03,31.059999,31.400000,29.254999,29.875000,25.462322,8424000
2003-02-04,29.879999,29.879999,28.625000,29.035000,24.746389,5351600
2003-02-05,29.155001,29.629999,29.100000,29.125000,24.823101,3061800
2003-02-06,29.125000,29.205000,28.865000,29.000000,24.716558,2572000
2003-02-07,29.200001,29.325001,28.780001,28.910000,24.639856,1950400
2003-02-10,28.910000,29.125000,28.725000,28.950001,24.673950,1722600
2003-02-11,29.075001,29.200001,28.010000,28.080000,23.932446,5743800
2003-02-12,28.100000,28.250000,26.500000,27.105000,23.101460,6915800
2003-02-13,27.275000,27.719999,26.875000,27.500000,23.438116,3643800
2003-02-14,27.504999,27.504999,26.600000,27.190001,23.173910,3079400
2003-02-18,27.299999,28.315001,27.299999,28.055000,23.911140,4047400
2003-02-19,28.299999,28.695000,28.160000,28.309999,24.128481,1844400
2003-02-20,28.500000,28.575001,27.825001,28.059999,23.915398,2008400
2003-02-21,28.150000,28.995001,28.049999,28.955000,24.678213,2723400
2003-02-24,28.825001,28.844999,28.010000,28.014999,23.877048,1804600
2003-02-25,27.875000,28.625000,27.850000,28.510000,24.298937,1510000
2003-02-26,28.514999,29.200001,28.514999,29.180000,24.869978,2194800
2003-02-27,29.500000,29.709999,29.254999,29.475000,25.121401,2786000
2003-02-28,29.620001,29.875000,29.485001,29.805000,25.402655,2220400
2003-03-03,29.975000,30.070000,29.450001,29.504999,25.146971,2267600
2003-03-04,29.700001,29.809999,29.049999,29.049999,24.759176,2671000
2003-03-05,29.090000,29.850000,29.049999,29.790001,25.389879,2580400
2003-03-06,29.740000,30.075001,29.355000,29.959999,25.534763,2512000
2003-03-07,29.799999,30.250000,29.700001,30.250000,25.781927,2026600
2003-03-10,30.174999,30.290001,29.400000,29.480000,25.125666,1505000
2003-03-11,29.485001,29.600000,29.025000,29.334999,25.002079,1342000
2003-03-12,29.250000,29.395000,28.805000,29.200001,24.887020,1358200
2003-03-13,29.325001,30.240000,29.285000,30.240000,25.773409,2039400
2003-03-14,30.309999,30.350000,29.375000,29.500000,25.142706,1881000
2003-03-17,29.424999,30.684999,29.200001,30.650000,26.122849,2377200
2003-03-18,30.635000,30.995001,30.510000,30.930000,26.361488,1574600
2003-03-19,30.934999,31.350000,30.655001,31.340000,26.710930,1177000
2003-03-20,31.344999,31.965000,30.775000,31.520000,26.864346,2182400
2003-03-21,31.625000,31.750000,30.965000,31.240000,26.625704,3014400
2003-03-24,31.245001,31.285000,30.580000,31.155001,26.553249,1836000
2003-03-25,31.475000,32.000000,31.135000,31.650000,26.975143,3377400
2003-03-26,31.650000,31.705000,31.200001,31.450001,26.804686,1734600
2003-03-27,31.450001,31.805000,30.924999,31.590000,26.924009,1509800
2003-03-28,31.500000,32.599998,31.424999,32.474998,27.678284,2304200
2003-03-31,32.480000,33.564999,31.950001,33.125000,28.232281,3536400
2003-04-01,33.125000,33.474998,32.665001,33.474998,28.530577,4513000
2003-04-02,33.619999,33.860001,33.240002,33.470001,28.526329,2806400
2003-04-03,33.419998,33.895000,33.154999,33.790001,28.799047,2500600
2003-04-04,33.840000,33.939999,32.810001,33.145000,28.249323,2743200
2003-04-07,33.520000,33.820000,33.200001,33.255001,28.343077,2219800
2003-04-08,33.000000,33.259998,32.794998,33.029999,28.151302,2116200
2003-04-09,33.040001,33.215000,32.540001,32.700001,27.870058,2117600
2003-04-10,32.700001,32.860001,31.900000,32.730000,27.895626,3088200
2003-04-11,32.799999,33.470001,32.799999,33.380001,28.449610,1803200
2003-04-14,33.380001,34.125000,33.299999,34.044998,29.016386,1495600
2003-04-15,34.044998,34.064999,33.474998,33.889999,28.884283,3276000
2003-04-16,34.375000,34.500000,32.150002,32.369999,27.588804,5027800
2003-04-17,32.915001,33.665001,32.650002,33.465000,28.522057,4692600
2003-04-21,33.465000,33.584999,32.965000,33.005001,28.130007,2011600
2003-04-22,33.060001,34.134998,33.029999,34.099998,29.063265,2391600
2003-04-23,34.125000,34.174999,33.490002,33.959999,28.943953,1555400
2003-04-24,33.959999,34.349998,33.150002,33.695000,28.718082,2683800
2003-04-25,33.575001,34.025002,33.490002,33.650002,28.679737,1670000
2003-04-28,33.775002,33.990002,33.169998,33.900002,28.892807,1485200
2003-04-29,33.900002,33.930000,33.369999,33.599998,28.637114,1832800
2003-04-30,33.599998,34.549999,32.950001,34.320000,29.250772,3452200
2003-05-01,34.360001,34.939999,33.974998,34.820000,29.676926,3115600
2003-05-02,34.820000,35.035000,34.200001,34.865002,29.715277,3698200
2003-05-05,35.125000,35.660000,35.075001,35.500000,30.256479,2460800
2003-05-06,35.599998,36.200001,35.480000,36.060001,30.733770,2699800
2003-05-07,36.060001,36.115002,35.535000,35.584999,30.328930,2114200
2003-05-08,35.494999,35.799999,35.250000,35.270000,30.060463,2050000
2003-05-09,35.200001,35.605000,35.150002,35.349998,30.128645,1961400
2003-05-12,35.349998,35.880001,35.250000,35.849998,30.554783,1446400
2003-05-13,35.799999,35.814999,35.410000,35.480000,30.239428,1449200
2003-05-14,35.480000,35.590000,35.075001,35.525002,30.277792,1252000
2003-05-15,35.525002,35.895000,35.180000,35.834999,30.542000,1289800
2003-05-16,35.950001,36.930000,35.900002,36.799999,31.364466,2798000
2003-05-19,36.799999,37.200001,36.415001,36.450001,31.066166,2420800
2003-05-20,36.450001,38.000000,36.450001,37.325001,31.811922,5213200
2003-05-21,37.224998,37.900002,37.224998,37.509998,31.969591,5103600
2003-05-22,37.549999,37.605000,37.000000,37.500000,31.961086,3065800
2003-05-23,37.599998,37.825001,37.240002,37.330002,31.816175,1649800
2003-05-27,37.500000,37.650002,37.189999,37.419998,31.892879,3966600
2003-05-28,37.500000,37.549999,36.970001,37.115002,31.632950,1514800
2003-05-29,36.950001,37.020000,36.275002,36.790001,31.355940,2953600
2003-05-30,36.709999,37.080002,36.450001,36.674999,31.257921,2404600
2003-06-02,36.740002,36.970001,36.180000,36.235001,30.882931,1740200
2003-06-03,36.334999,36.855000,35.900002,36.189999,30.844563,1557000
2003-06-04,36.189999,36.599998,35.860001,36.395000,31.019285,1534200
2003-06-05,36.395000,37.075001,36.314999,37.029999,31.560497,1743400
2003-06-06,37.150002,37.575001,36.900002,37.075001,31.598845,1552400
2003-06-09,37.000000,37.450001,36.375000,36.580002,31.176956,1160800
2003-06-10,36.680000,37.650002,36.680000,37.189999,31.696863,1596600
2003-06-11,37.240002,38.500000,37.240002,38.459999,32.779270,3170000
2003-06-12,38.424999,38.525002,37.955002,38.174999,32.536362,2094400
2003-06-13,38.200001,38.424999,37.990002,38.209999,32.566204,1782600
2003-06-16,38.334999,39.625000,38.330002,39.520000,33.682701,2356400
2003-06-17,39.959999,40.500000,39.599998,40.430000,34.458294,2629000
2003-06-18,40.525002,41.450001,40.400002,41.009998,34.952625,3172600
2003-06-19,40.884998,40.884998,39.424999,39.575001,33.729591,2309800
2003-06-20,39.724998,39.875000,39.200001,39.654999,33.797760,2608400
2003-06-23,39.380001,39.384998,38.619999,38.935001,33.184116,1965800
2003-06-24,38.900002,39.580002,38.900002,39.410000,33.588955,1607600
2003-06-25,39.500000,39.650002,38.720001,38.820000,33.086090,1528600
2003-06-26,38.820000,39.505001,38.549999,39.445000,33.618782,1085200
2003-06-27,39.625000,39.715000,38.950001,38.950001,33.196892,708800
2003-06-30,38.889999,39.230000,38.575001,38.575001,32.877289,1891000
2003-07-01,38.575001,38.750000,37.669998,38.200001,32.557674,2277400
2003-07-02,38.474998,38.875000,38.439999,38.790001,33.060535,1841200
2003-07-03,38.790001,38.790001,38.020000,38.424999,32.749428,3104800
2003-07-07,38.595001,39.200001,38.595001,39.055000,33.286392,1475400
2003-07-08,39.005001,39.525002,38.775002,39.494999,33.661407,1151600
2003-07-09,39.445000,39.974998,39.250000,39.875000,33.985268,1381800
2003-07-10,39.500000,39.775002,38.700001,39.134998,33.354561,1175800
2003-07-11,39.334999,40.174999,39.200001,39.750000,33.878742,2117600
2003-07-14,39.750000,40.095001,38.955002,39.084999,33.311954,2026200
2003-07-15,39.174999,39.174999,38.264999,38.564999,32.868755,2203400
2003-07-16,38.700001,38.700001,37.500000,37.674999,32.110218,2495200
2003-07-17,37.750000,38.384998,37.500000,38.200001,32.557674,2968000
2003-07-18,38.650002,38.939999,38.450001,38.924999,33.175598,2135400
2003-07-21,38.924999,39.220001,38.605000,38.825001,33.090363,1254200
2003-07-22,39.000000,39.099998,38.049999,38.990002,33.230984,1242000
2003-07-23,39.650002,40.160000,39.275002,40.060001,34.142944,2051800
2003-07-24,40.060001,40.150002,39.400002,39.485001,33.652885,1608800
2003-07-25,39.435001,40.139999,39.314999,40.099998,34.177040,857600
2003-07-28,40.185001,41.000000,40.134998,40.509998,34.526482,1502800
2003-07-29,40.610001,40.884998,40.384998,40.525002,34.539257,2453800
2003-07-30,40.650002,40.825001,39.270000,39.485001,33.652885,3937400
2003-07-31,39.490002,39.490002,36.915001,37.755001,32.178402,7878800
2003-08-01,37.810001,38.044998,37.014999,37.244999,31.743736,3353600
2003-08-04,37.244999,37.360001,36.240002,37.125000,31.641453,2572400
2003-08-05,37.130001,37.200001,36.130001,36.130001,30.793425,2067400
2003-08-06,35.549999,35.549999,33.005001,34.200001,29.148491,13048400
2003-08-07,34.200001,35.900002,34.200001,35.349998,30.128645,4193000
2003-08-08,35.500000,35.860001,35.025002,35.764999,30.482330,2180000
2003-08-11,35.849998,36.709999,35.724998,36.305000,30.942566,1755200
2003-08-12,36.305000,36.560001,36.125000,36.490002,31.100250,1634200
2003-08-13,36.549999,36.625000,35.814999,36.174999,30.831776,2359200
2003-08-14,36.174999,36.900002,35.845001,36.400002,31.023550,2603200
2003-08-15,36.400002,36.555000,36.215000,36.355000,30.985199,571800
2003-08-18,36.424999,36.724998,36.334999,36.615002,31.206787,800600
2003-08-19,36.615002,36.724998,36.250000,36.480000,31.091726,1046000
2003-08-20,36.424999,36.445000,35.974998,36.044998,30.720982,1382000
2003-08-21,36.044998,36.369999,35.599998,35.645000,30.380066,1775200
2003-08-22,35.575001,35.595001,35.250000,35.369999,30.145681,1714200
2003-08-25,35.369999,35.599998,35.084999,35.455002,30.218130,1022600
2003-08-26,35.330002,35.814999,35.305000,35.814999,30.524948,826800
2003-08-27,35.700001,35.950001,35.590000,35.880001,30.580353,839200
2003-08-28,35.799999,36.049999,35.665001,35.950001,30.640007,708600
2003-08-29,35.750000,36.785000,35.744999,36.599998,31.194000,1167600
2003-09-02,36.599998,37.130001,36.320000,37.060001,31.586061,1924600
2003-09-03,37.125000,37.549999,37.044998,37.345001,31.828960,1730600
2003-09-04,37.349998,37.419998,36.650002,36.750000,31.321844,1563400
2003-09-05,36.755001,36.755001,36.125000,36.200001,30.853090,2014800
2003-09-08,36.215000,36.950001,36.200001,36.660000,31.245138,1099800
2003-09-09,36.860001,36.900002,36.430000,36.750000,31.321844,1619800
2003-09-10,36.744999,37.224998,36.650002,36.830002,31.390034,1140800
2003-09-11,36.830002,36.900002,36.349998,36.740002,31.313330,741000
2003-09-12,36.740002,37.404999,36.669998,37.404999,31.880104,1169600
2003-09-15,37.400002,37.404999,36.799999,37.040001,31.569010,1353000
2003-09-16,36.924999,37.349998,36.840000,37.009998,31.543442,2572800
2003-09-17,36.974998,37.119999,36.820000,36.950001,31.492323,1978000
2003-09-18,36.950001,37.549999,36.849998,37.509998,31.969591,1030600
2003-09-19,37.349998,37.485001,37.259998,37.345001,31.828960,1180400
2003-09-22,37.345001,37.345001,36.770000,37.275002,31.769310,1233600
2003-09-23,37.275002,37.450001,36.875000,36.900002,31.449701,1656000
2003-09-24,37.125000,37.130001,35.775002,35.849998,30.554783,2338800
2003-09-25,35.799999,35.965000,35.169998,35.224998,30.022097,2103000
2003-09-26,35.244999,35.244999,34.549999,34.590000,29.480888,2366200
2003-09-29,35.000000,35.200001,34.764999,35.200001,30.000793,2301400
2003-09-30,35.099998,36.000000,35.064999,35.665001,30.397108,2551600
2003-10-01,35.625000,36.270000,35.450001,36.235001,30.882931,2292800
2003-10-02,36.275002,36.849998,36.230000,36.369999,30.997974,2332800
2003-10-03,36.875000,36.880001,36.400002,36.485001,31.096003,1595200
2003-10-06,36.525002,36.549999,36.049999,36.209999,30.861612,1321400
2003-10-07,36.099998,36.625000,36.000000,36.130001,30.793425,1308600
2003-10-08,36.200001,36.494999,36.064999,36.115002,30.780651,1203200
2003-10-09,36.375000,36.904999,36.375000,36.674999,31.257921,1209600
2003-10-10,36.625000,36.970001,36.610001,36.794998,31.360203,934800
2003-10-13,36.750000,37.084999,36.634998,36.669998,31.253662,924400
2003-10-14,36.750000,36.759998,36.209999,36.380001,31.006510,1212600
2003-10-15,36.380001,36.380001,35.570000,35.625000,30.363024,2156800
2003-10-16,35.700001,36.305000,35.650002,35.974998,30.661325,3099200
2003-10-17,36.125000,36.555000,35.955002,36.509998,31.117292,3172600
2003-10-20,36.509998,38.480000,36.505001,38.445000,32.766483,5176800
2003-10-21,38.375000,38.849998,38.139999,38.770000,33.043488,2334200
2003-10-22,38.450001,38.980000,38.375000,38.709999,32.992348,1621400
2003-10-23,38.709999,38.724998,38.255001,38.450001,32.770756,1430000
2003-10-24,38.349998,38.630001,38.105000,38.630001,32.924164,1538200
2003-10-27,36.514999,36.599998,34.799999,35.525002,30.277792,43262600
2003-10-28,35.599998,35.845001,33.650002,34.525002,29.425495,17336200
2003-10-29,34.450001,34.950001,34.400002,34.619999,29.506460,6224000
2003-10-30,34.500000,34.549999,33.220001,33.599998,28.637114,12638000
2003-10-31,33.599998,34.740002,33.599998,34.215000,29.161278,6400200
2003-11-03,34.224998,34.564999,33.785000,34.250000,29.191114,5850600
2003-11-04,34.224998,34.404999,33.834999,33.950001,28.935425,5785800
2003-11-05,33.825001,34.500000,33.825001,34.305000,29.237988,5848000
2003-11-06,34.349998,34.375000,33.474998,33.610001,28.645641,6276400
2003-11-07,33.599998,33.740002,33.095001,33.275002,28.360126,6514000
2003-11-10,33.174999,33.424999,32.445000,32.605000,27.789085,5312200
2003-11-11,32.650002,33.035000,32.470001,32.939999,28.074608,5457200
2003-11-12,32.924999,33.619999,32.375000,33.455002,28.513540,3247200
2003-11-13,33.435001,34.235001,33.200001,34.105000,29.067532,5834000
2003-11-14,34.125000,34.790001,34.105000,34.360001,29.284861,4043400
2003-11-17,34.375000,34.500000,33.735001,33.939999,28.926901,2939800
2003-11-18,33.974998,34.145000,33.639999,33.889999,28.884283,3443000
2003-11-19,34.099998,34.625000,33.820000,34.535000,29.434021,4786800
2003-11-20,34.540001,34.724998,34.259998,34.299999,29.233727,3719200
2003-11-21,34.325001,34.400002,33.904999,34.090000,29.054747,1923000
2003-11-24,34.099998,34.639999,34.099998,34.570000,29.463839,1854200
2003-11-25,35.000000,35.395000,34.799999,35.314999,30.098804,3500200
2003-11-26,35.474998,36.099998,35.314999,36.099998,30.767851,3800000
2003-11-28,36.099998,36.200001,35.849998,36.060001,30.733770,1344000
2003-12-01,36.200001,36.470001,36.049999,36.435001,31.053366,1986000
2003-12-02,36.500000,37.404999,36.500000,37.305000,31.794870,3821000
2003-12-03,37.375000,37.494999,36.950001,37.099998,31.620148,2959200
2003-12-04,37.009998,37.349998,36.580002,37.125000,31.641453,3344400
2003-12-05,37.080002,37.080002,36.250000,36.349998,30.980936,3259800
2003-12-08,36.299999,36.450001,35.720001,36.450001,31.066166,3068400
2003-12-09,36.299999,36.375000,35.779999,35.900002,30.597408,2911600
2003-12-10,35.869999,36.275002,35.639999,36.000000,30.682623,2448400
2003-12-11,36.075001,36.825001,36.055000,36.715000,31.292027,2062600
2003-12-12,36.715000,36.945000,36.544998,36.695000,31.274973,1925400
2003-12-15,37.200001,37.200001,36.150002,36.250000,30.895700,1830000
2003-12-16,35.924999,36.575001,35.799999,36.509998,31.117292,3053400
2003-12-17,36.509998,36.825001,36.174999,36.724998,31.300543,1976400
2003-12-18,36.700001,37.235001,36.700001,37.000000,31.534927,2095200
2003-12-19,37.049999,37.115002,36.270000,36.500000,31.108786,2836000
2003-12-22,36.500000,36.595001,36.105000,36.439999,31.057640,2520000
2003-12-23,36.500000,36.689999,36.174999,36.430000,31.049120,2250200
2003-12-24,36.305000,36.549999,36.150002,36.500000,31.108786,1423400
2003-12-26,36.525002,36.974998,36.419998,36.974998,31.513618,570200
2003-12-29,37.000000,37.215000,36.974998,37.130001,31.645735,1803600
2003-12-30,37.125000,37.244999,36.845001,37.160000,31.671288,1634400
2003-12-31,37.174999,37.615002,37.165001,37.500000,31.961086,2229400
2004-01-02,38.125000,38.139999,37.799999,38.139999,32.506550,2725000
2004-01-05,37.990002,37.990002,36.630001,36.855000,31.411335,5964200
2004-01-06,36.855000,37.490002,36.790001,37.055000,31.581799,2486600
2004-01-07,37.250000,37.540001,36.705002,37.250000,31.747997,3529600
2004-01-08,37.625000,37.750000,37.095001,37.134998,31.649986,3458800
2004-01-09,37.134998,37.134998,36.625000,36.755001,31.326113,2943800
2004-01-12,36.755001,36.840000,36.250000,36.514999,31.121561,4661400
2004-01-13,36.575001,36.849998,36.270000,36.724998,31.300543,2878600
2004-01-14,36.799999,38.084999,36.799999,38.025002,32.408531,4262800
2004-01-15,38.029999,38.560001,37.724998,38.424999,32.749428,3053000
2004-01-16,38.509998,39.244999,38.320000,39.174999,33.388649,2705800
2004-01-20,39.174999,39.320000,38.529999,38.695000,32.979561,4804200
2004-01-21,38.700001,39.130001,38.424999,39.099998,33.324745,4385000
2004-01-22,39.525002,40.525002,39.310001,40.419998,34.449764,4981400
2004-01-23,40.424999,40.424999,39.345001,39.735001,33.865967,3279600
2004-01-26,39.375000,40.110001,39.125000,39.974998,34.070492,1920600
2004-01-27,39.935001,39.945000,39.099998,39.250000,33.452595,2439000
2004-01-28,39.450001,40.130001,39.154999,39.450001,33.623043,2429000
2004-01-29,39.485001,41.139999,39.070000,41.000000,34.944103,6905800
2004-01-30,40.875000,41.599998,40.514999,40.889999,34.850346,4432400
2004-02-02,41.250000,41.895000,40.599998,41.665001,35.510880,6051800
2004-02-03,41.750000,42.445000,41.365002,42.189999,35.958332,4508400
2004-02-04,42.099998,42.419998,41.775002,41.775002,35.604633,4021000
2004-02-05,41.900002,41.900002,41.029999,41.325001,35.221100,4028800
2004-02-06,41.325001,42.474998,40.900002,41.645000,35.493832,3707600
2004-02-09,41.650002,41.950001,41.250000,41.389999,35.276512,1851800
2004-02-10,41.490002,42.130001,41.415001,42.009998,35.804924,2767400
2004-02-11,42.150002,42.200001,41.180000,41.424999,35.306332,3820600
2004-02-12,41.650002,42.355000,41.650002,42.264999,36.022259,3471400
2004-02-13,42.389999,42.625000,42.064999,42.099998,35.881626,2969400
2004-02-17,42.099998,42.200001,41.700001,41.990002,35.787888,2458400
2004-02-18,41.799999,42.049999,41.250000,41.415001,35.297806,2683600
2004-02-19,41.625000,42.200001,41.250000,41.299999,35.199795,3260200
2004-02-20,41.360001,41.570000,40.605000,41.110001,35.037857,2164200
2004-02-23,41.250000,41.330002,40.799999,40.959999,34.910015,1774800
2004-02-24,40.959999,42.055000,40.945000,41.740002,35.574810,2768200
2004-02-25,41.740002,42.369999,41.590000,42.185001,35.954079,1706600
2004-02-26,42.189999,42.880001,41.770000,42.685001,36.380230,2802800
2004-02-27,42.544998,43.299999,42.349998,42.974998,36.627373,3355000
2004-03-01,43.200001,43.590000,42.990002,43.415001,37.002403,2841000
2004-03-02,43.415001,43.700001,43.154999,43.154999,36.780792,2892400
2004-03-03,43.075001,43.779999,42.875000,43.650002,37.202682,2586800
2004-03-04,43.474998,44.224998,43.349998,44.154999,37.633091,2662600
2004-03-05,44.154999,46.075001,44.150002,44.904999,38.272320,5534200
2004-03-08,44.865002,44.994999,44.264999,44.384998,37.829136,2553000
2004-03-09,44.384998,44.424999,43.724998,43.814999,37.343311,2433400
2004-03-10,44.000000,44.770000,43.950001,44.049999,37.543598,3225400
2004-03-11,43.875000,44.020000,43.305000,43.365002,36.959789,2562000
2004-03-12,43.970001,44.150002,43.744999,43.939999,37.449860,2203800
2004-03-15,43.814999,44.915001,43.775002,44.500000,37.927143,4188600
2004-03-16,44.650002,45.270000,44.435001,44.950001,38.310669,3814400
2004-03-17,45.375000,45.375000,44.299999,44.970001,38.327717,3123200
2004-03-18,44.750000,45.224998,44.715000,45.029999,38.378857,1774800
2004-03-19,44.910000,45.250000,44.615002,44.750000,38.140205,1510000
2004-03-22,44.424999,44.424999,43.650002,44.035000,37.530815,2366400
2004-03-23,44.174999,45.049999,43.775002,44.500000,37.927143,3222200
2004-03-24,44.560001,44.575001,43.680000,43.744999,37.283646,2551600
2004-03-25,43.849998,44.185001,43.349998,44.060001,37.552124,2290800
2004-03-26,44.060001,44.240002,43.845001,44.099998,37.586231,1506600
2004-03-29,44.174999,45.014999,44.150002,44.825001,38.204140,2404000
2004-03-30,44.875000,45.470001,44.799999,45.285000,38.596195,1784000
2004-03-31,45.395000,45.424999,44.974998,45.320000,38.626015,1521800
2004-04-01,45.299999,45.855000,45.255001,45.599998,38.864662,1742000
2004-04-02,45.810001,46.105000,45.549999,45.744999,38.988251,1969800
2004-04-05,46.049999,46.814999,45.884998,46.810001,39.895943,2731400
2004-04-06,46.900002,46.994999,46.255001,46.560001,39.682861,2808400
2004-04-07,46.474998,46.825001,46.314999,46.825001,39.908730,1480400
2004-04-08,46.880001,46.974998,46.674999,46.860001,39.938553,2888000
2004-04-12,46.880001,47.445000,46.810001,47.424999,40.420086,2123800
2004-04-13,47.490002,47.490002,46.110001,46.110001,39.299335,3461600
2004-04-14,46.025002,46.139999,45.255001,45.599998,38.864662,3775000
2004-04-15,44.349998,44.895000,42.955002,44.400002,37.841915,10990600
2004-04-16,44.549999,44.575001,43.599998,43.674999,37.223995,7557000
2004-04-19,44.240002,44.625000,44.049999,44.195000,37.667194,4387000
2004-04-20,44.450001,44.450001,43.720001,43.720001,37.262348,4139200
2004-04-21,43.830002,44.924999,43.715000,44.730000,38.123158,3271400
2004-04-22,45.750000,47.599998,45.750000,47.375000,40.377487,5668000
2004-04-23,47.375000,47.389999,46.799999,47.174999,40.207031,3802200
2004-04-26,47.174999,47.275002,46.380001,46.424999,39.567795,2239000
2004-04-27,46.470001,46.849998,46.244999,46.669998,39.776608,3176200
2004-04-28,47.250000,47.799999,45.849998,45.930000,39.145916,4504000
2004-04-29,46.075001,46.224998,45.279999,45.590000,38.856129,3429800
2004-04-30,45.724998,45.724998,44.200001,44.290001,37.748161,5395600
2004-05-03,44.410000,45.130001,44.189999,44.974998,38.331982,2920400
2004-05-04,45.200001,45.200001,44.160000,44.404999,37.846180,3139800
2004-05-05,44.349998,45.419998,44.255001,45.404999,38.698463,1993000
2004-05-06,45.125000,46.169998,44.855000,45.110001,38.447041,3579600
2004-05-07,44.924999,45.220001,44.139999,44.139999,37.620308,3073200
2004-05-10,43.875000,43.875000,42.625000,42.994999,36.644432,4821800
2004-05-11,43.200001,43.910000,42.884998,43.080002,36.716885,2378600
2004-05-12,43.750000,43.994999,43.060001,43.950001,37.458370,3250800
2004-05-13,43.849998,44.244999,43.759998,44.000000,37.500988,1707600
2004-05-14,44.005001,44.595001,43.595001,44.525002,37.948463,1956200
2004-05-17,44.340000,44.575001,43.799999,44.180000,37.654400,1689200
2004-05-18,44.450001,44.459999,43.820000,44.099998,37.586231,2057400
2004-05-19,44.375000,44.375000,43.514999,43.514999,37.087627,2155000
2004-05-20,43.455002,43.505001,41.910000,42.735001,36.422848,5117400
2004-05-21,42.889999,43.820000,42.459999,43.025002,36.670006,3706600
2004-05-24,43.299999,43.810001,43.275002,43.610001,37.168591,3072000
2004-05-25,43.610001,43.660000,43.020000,43.439999,37.023705,2496200
2004-05-26,43.455002,43.985001,43.410000,43.924999,37.437069,2394800
2004-05-27,43.924999,44.215000,43.055000,44.025002,37.522308,6162200
2004-05-28,43.950001,44.535000,43.799999,44.264999,37.726845,3637600
2004-06-01,44.020000,44.435001,43.974998,44.325001,37.777977,3248800
2004-06-02,44.400002,44.494999,44.014999,44.244999,37.709785,2666200
2004-06-03,44.700001,45.389999,44.455002,44.810001,38.191364,5704200
2004-06-04,45.250000,45.299999,44.665001,44.770000,38.157261,2795200
2004-06-07,45.215000,46.200001,44.910000,46.084999,39.278019,2732600
2004-06-08,46.090000,46.090000,45.375000,45.700001,38.949886,3561400
2004-06-09,45.599998,45.820000,44.924999,45.250000,38.566349,8314200
2004-06-10,45.224998,45.814999,45.174999,45.369999,38.668629,5845200
2004-06-14,45.369999,45.380001,44.775002,45.000000,38.353287,2547200
2004-06-15,45.029999,45.099998,44.459999,44.945000,38.306412,2885000
2004-06-16,44.945000,45.224998,44.919998,45.169998,38.498173,2885800
2004-06-17,45.169998,45.279999,45.049999,45.165001,38.493912,1862600
2004-06-18,45.060001,45.250000,44.955002,45.044998,38.391640,2289000
2004-06-21,45.044998,45.044998,43.689999,43.750000,37.287922,4764000
2004-06-22,43.525002,43.599998,42.740002,42.855000,36.525116,5593400
2004-06-23,42.625000,43.240002,42.625000,43.095001,36.729660,3565800
2004-06-24,43.150002,43.785000,43.150002,43.660000,37.211208,4071600
2004-06-25,43.595001,44.205002,43.485001,43.910000,37.424278,3559000
2004-06-28,43.849998,44.035000,42.849998,43.165001,36.789318,5534400
2004-06-29,43.200001,44.095001,43.200001,43.709999,37.253830,6669600
2004-06-30,43.715000,44.810001,43.715000,44.779999,38.165787,6622800
2004-07-01,44.355000,44.919998,44.000000,44.334999,37.786510,3867400
2004-07-02,44.450001,44.455002,43.939999,44.150002,37.628834,1777800
2004-07-06,44.150002,44.150002,42.505001,43.200001,36.819153,10296200
2004-07-07,43.025002,44.224998,42.889999,44.099998,37.586231,5263600
2004-07-08,44.099998,44.314999,43.685001,43.724998,37.266590,3487400
2004-07-09,43.724998,44.049999,43.400002,43.724998,37.266590,4790000
2004-07-12,43.845001,44.275002,43.700001,44.209999,37.679981,2162400
2004-07-13,44.599998,45.779999,44.549999,45.654999,38.911537,5475800
2004-07-14,45.599998,46.044998,45.490002,45.900002,39.120346,6346400
2004-07-15,45.849998,46.529999,45.755001,46.445000,39.584843,5621200
2004-07-16,46.459999,46.950001,46.459999,46.700001,39.802193,6365400
2004-07-19,46.625000,46.665001,45.974998,46.490002,39.623207,3905400
2004-07-20,46.490002,46.490002,46.070000,46.200001,39.376049,3681400
2004-07-21,46.349998,46.375000,45.650002,45.755001,38.996773,3916000
2004-07-22,45.974998,45.974998,44.750000,45.000000,38.353287,3747800
2004-07-23,44.994999,44.994999,44.035000,44.400002,37.841915,3689600
2004-07-26,44.404999,44.404999,42.474998,44.080002,37.569191,19616400
2004-07-27,41.750000,44.084999,39.980000,40.889999,34.850346,35793600
2004-07-28,41.150002,41.400002,39.650002,40.525002,34.539257,10692000
2004-07-29,40.549999,41.595001,40.549999,41.154999,35.076210,6292400
2004-07-30,41.160000,41.439999,40.759998,41.235001,35.144386,4187800
2004-08-02,41.099998,41.299999,40.799999,41.150002,35.071941,2732000
2004-08-03,41.075001,41.224998,40.570000,40.680000,34.671368,3640000
2004-08-04,40.500000,40.575001,39.855000,40.264999,34.317673,3477200
2004-08-05,40.424999,40.790001,39.480000,39.615002,33.763672,3989000
2004-08-06,39.224998,39.575001,38.880001,39.380001,33.563377,3578600
2004-08-09,39.255001,39.735001,39.084999,39.375000,33.559124,2406200
2004-08-10,39.500000,40.695000,39.400002,40.630001,34.628757,4457400
2004-08-11,40.380001,40.945000,40.000000,40.930000,34.884434,3969200
2004-08-12,40.930000,40.935001,40.400002,40.450001,34.475334,1732200
2004-08-13,40.575001,40.900002,40.509998,40.525002,34.539257,1926800
2004-08-16,40.625000,40.825001,40.555000,40.660000,34.654324,3214000
2004-08-17,40.785000,41.395000,40.715000,40.985001,34.931313,2761200
2004-08-18,40.974998,41.549999,40.950001,41.549999,35.412872,1691600
2004-08-19,41.500000,41.505001,40.330002,40.744999,34.726757,3019200
2004-08-20,40.779999,41.345001,40.779999,41.105000,35.033604,1455600
2004-08-23,40.950001,41.349998,40.625000,40.994999,34.939846,1642600
2004-08-24,41.075001,41.369999,40.549999,40.695000,34.684147,2640400
2004-08-25,40.770000,40.895000,40.250000,40.450001,34.475334,2419200
2004-08-26,40.490002,40.750000,40.000000,40.125000,34.198349,2417600
2004-08-27,40.349998,40.889999,40.270000,40.709999,34.696941,1950800
2004-08-30,40.709999,41.035000,40.509998,40.509998,34.526482,1594200
2004-08-31,40.025002,40.680000,39.904999,40.619999,34.620216,2454400
2004-09-01,40.520000,40.810001,40.330002,40.424999,34.454025,2381000
2004-09-02,40.500000,41.014999,40.244999,40.950001,34.901505,2865600
2004-09-03,40.950001,41.244999,40.849998,41.200001,35.114567,2143000
2004-09-07,41.450001,42.235001,41.419998,42.025002,35.817707,2540600
2004-09-08,42.025002,42.480000,42.025002,42.095001,35.877380,2543600
2004-09-09,42.200001,42.435001,42.040001,42.200001,35.966850,2081600
2004-09-10,42.099998,42.270000,41.900002,42.255001,36.013737,1887200
2004-09-13,42.474998,43.310001,42.000000,42.584999,36.294994,4425600
2004-09-14,42.685001,43.169998,42.325001,43.029999,36.674259,3005400
2004-09-15,43.075001,43.924999,43.075001,43.830002,37.356094,2802600
2004-09-16,43.825001,44.099998,43.619999,43.700001,37.245316,3411400
2004-09-17,43.650002,43.794998,42.889999,43.055000,36.695560,3214400
2004-09-20,43.130001,43.325001,42.500000,42.849998,36.520847,2948800
2004-09-21,42.825001,43.325001,42.450001,42.980000,36.631653,2405600
2004-09-22,42.880001,43.169998,42.625000,43.049999,36.691315,2542600
2004-09-23,43.049999,43.169998,42.529999,42.755001,36.439888,2328600
2004-09-24,42.674999,43.540001,42.599998,43.404999,36.993866,2360200
2004-09-27,43.349998,43.349998,42.799999,42.950001,36.606068,1785400
2004-09-28,43.000000,44.220001,42.860001,43.709999,37.253830,2927400
2004-09-29,43.724998,43.724998,42.794998,43.310001,36.912910,4447000
2004-09-30,43.325001,43.994999,43.049999,43.625000,37.181381,3153600
2004-10-01,43.750000,44.095001,42.785000,43.365002,36.959789,2687800
2004-10-04,43.720001,43.799999,42.855000,42.990002,36.640175,3261400
2004-10-05,43.070000,43.195000,42.639999,42.695000,36.388748,2841000
2004-10-06,42.799999,43.240002,42.490002,42.660000,36.358921,2782400
2004-10-07,42.625000,43.150002,42.445000,42.955002,36.610336,2125600
2004-10-08,42.959999,43.605000,42.279999,42.549999,36.265156,2419400
2004-10-11,42.650002,42.875000,42.325001,42.380001,36.120270,1321200
2004-10-12,42.380001,42.654999,42.070000,42.599998,36.307785,2610600
2004-10-13,42.724998,42.849998,41.630001,41.950001,35.753780,3045200
2004-10-14,42.275002,42.700001,41.025002,41.060001,34.995239,4388600
2004-10-15,41.160000,41.224998,39.509998,40.770000,34.748077,8888600
2004-10-18,40.770000,40.869999,40.490002,40.500000,34.517963,3254800
2004-10-19,38.500000,39.680000,36.099998,36.849998,31.407072,26891600
2004-10-20,36.700001,38.349998,36.299999,38.115002,32.485245,15652400
2004-10-21,38.005001,38.900002,36.799999,36.855000,31.411335,10321400
2004-10-22,36.259998,37.549999,36.259998,37.290001,31.782089,7260600
2004-10-25,37.049999,37.349998,36.415001,36.500000,31.108786,8584200
2004-10-26,37.875000,38.875000,37.349998,38.419998,32.745182,10556400
2004-10-27,39.424999,40.799999,38.775002,40.560001,34.569096,9264200
2004-10-28,40.455002,41.200001,40.025002,40.200001,34.262272,4085600
2004-10-29,39.900002,40.285000,39.500000,40.200001,34.262272,6919000
2004-11-01,40.130001,40.325001,39.169998,39.320000,33.512249,6614000
2004-11-02,39.424999,39.990002,39.105000,39.255001,33.456848,3751200
2004-11-03,40.525002,41.264999,40.375000,40.779999,34.756603,5353600
2004-11-04,40.974998,42.700001,40.939999,42.599998,36.307785,8239400
2004-11-05,42.974998,43.389999,42.650002,43.230000,36.844727,5848400
2004-11-08,43.235001,43.575001,43.040001,43.250000,36.861767,2580600
2004-11-09,45.080002,46.790001,44.805000,45.615002,38.877460,37308600
2004-11-10,46.500000,47.055000,45.980000,46.445000,39.584843,11549400
2004-11-11,46.445000,47.325001,46.084999,47.154999,40.189987,7494200
2004-11-12,47.029999,47.430000,46.575001,47.380001,40.381752,6371800
2004-11-15,47.380001,48.424999,46.904999,48.240002,41.114716,6329400
2004-11-16,48.105000,48.200001,47.384998,47.509998,40.492554,4296000
2004-11-17,47.810001,48.500000,47.810001,48.325001,41.187172,3900400
2004-11-18,48.224998,48.924999,48.174999,48.799999,41.592003,3647000
2004-11-19,48.805000,48.849998,48.205002,48.410000,41.259609,3932600
2004-11-22,48.224998,48.884998,47.935001,48.855000,41.638889,2414200
2004-11-23,48.895000,49.095001,48.325001,48.910000,41.685760,1969200
2004-11-24,48.849998,49.185001,48.439999,48.970001,41.736900,1311000
2004-11-26,48.950001,49.750000,48.950001,49.525002,42.209923,1339000
2004-11-29,49.525002,49.985001,49.275002,49.799999,42.444290,4284400
2004-11-30,49.700001,50.924999,49.700001,50.665001,43.181545,8195200
2004-12-01,51.750000,54.709999,51.750000,54.549999,46.492710,13477000
2004-12-02,54.000000,54.334999,52.755001,53.134998,45.286705,8178200
2004-12-03,53.125000,54.000000,53.125000,53.235001,45.371941,6405800
2004-12-06,53.235001,53.625000,52.005001,53.400002,45.512554,6091200
2004-12-07,53.400002,53.650002,51.250000,51.450001,43.850578,6343800
2004-12-08,51.500000,53.090000,51.490002,52.935001,45.116249,5206600
2004-12-09,51.625000,54.500000,50.415001,54.125000,46.130470,6855200
2004-12-10,53.740002,57.150002,53.740002,56.549999,48.197289,9247600
2004-12-13,56.025002,58.875000,55.755001,58.500000,49.859272,13747600
2004-12-14,58.500000,58.500000,57.174999,58.500000,49.859272,8290600
2004-12-15,58.255001,58.744999,58.105000,58.375000,49.752735,3360400
2004-12-16,58.250000,58.250000,56.770000,57.955002,49.394772,7683000
2004-12-17,57.455002,58.314999,57.009998,57.639999,49.126305,5957000
2004-12-20,57.924999,58.055000,56.900002,57.299999,48.836525,2911800
2004-12-21,57.424999,58.400002,56.875000,58.400002,49.774040,4427000
2004-12-22,58.474998,58.549999,57.025002,57.255001,48.798149,3179600
2004-12-23,57.200001,57.395000,56.775002,57.099998,48.666054,2017600
2004-12-27,57.049999,57.250000,56.375000,56.419998,48.086491,2779600
2004-12-28,56.544998,57.610001,56.174999,57.400002,48.921745,2439600
2004-12-29,57.075001,57.570000,56.799999,57.090000,48.657539,1302000
2004-12-30,57.200001,57.865002,57.049999,57.580002,49.075161,1242400
2004-12-31,57.599998,58.224998,57.380001,57.500000,49.006985,1350600
2005-01-03,57.625000,57.750000,56.250000,56.250000,47.941612,3437000
2005-01-04,56.049999,56.625000,54.580002,55.500000,47.302372,4278400
2005-01-05,55.575001,57.740002,55.544998,57.610001,49.100727,4522000
2005-01-06,57.424999,58.195000,56.750000,57.700001,49.177437,4119000
2005-01-07,56.985001,58.090000,56.974998,57.900002,49.347900,6734400
2005-01-10,58.070000,60.549999,58.070000,60.349998,51.436028,8018600
2005-01-11,59.900002,60.625000,59.564999,59.955002,51.099373,3460600
2005-01-12,60.000000,60.849998,59.500000,60.849998,51.862175,3457000
2005-01-13,60.950001,61.904999,60.275002,60.665001,51.704487,3886600
2005-01-14,60.700001,61.450001,60.275002,61.250000,52.203079,2914600
2005-01-18,61.200001,61.730000,60.865002,61.700001,52.586620,2638200
2005-01-19,61.750000,62.084999,61.264999,61.799999,52.671844,3266400
2005-01-20,61.500000,62.474998,59.685001,60.020000,51.154758,6031000
2005-01-21,60.125000,60.724998,59.650002,60.224998,51.329475,4158400
2005-01-24,60.200001,60.584999,59.395000,59.485001,50.698788,3111000
2005-01-25,59.584999,59.959999,58.869999,59.250000,50.498497,3540600
2005-01-26,59.625000,59.625000,58.845001,59.275002,50.519802,2289200
2005-01-27,59.150002,60.064999,59.025002,59.950001,51.095093,2654200
2005-01-28,59.750000,60.605000,59.455002,60.299999,51.393414,2442400
2005-01-31,60.599998,60.845001,60.285000,60.750000,51.776943,2086000
2005-02-01,60.794998,62.450001,60.500000,62.200001,53.012760,3892800
2005-02-02,62.099998,62.244999,60.814999,61.485001,52.403366,2820800
2005-02-03,61.480000,62.084999,61.014999,61.580002,52.484344,2497600
2005-02-04,61.580002,62.450001,61.264999,62.445000,53.221577,3217000
2005-02-07,60.750000,61.895000,60.134998,60.424999,51.499950,5502600
2005-02-08,60.650002,61.000000,59.939999,60.470001,51.538303,2914000
2005-02-09,60.775002,61.099998,59.500000,59.564999,50.766960,2630200
2005-02-10,60.200001,61.299999,60.070000,60.759998,51.785461,4392800
2005-02-11,60.849998,61.375000,59.915001,60.000000,51.137707,4185800
2005-02-14,60.174999,60.855000,59.965000,60.575001,51.627785,2386400
2005-02-15,60.744999,61.660000,60.580002,61.310001,52.254219,3077000
2005-02-16,61.099998,61.845001,60.845001,61.775002,52.650543,2650600
2005-02-17,61.724998,61.775002,60.900002,60.974998,51.968700,1565200
2005-02-18,61.025002,61.209999,60.264999,60.474998,51.542557,1955000
2005-02-22,60.099998,60.250000,58.189999,58.250000,49.646202,4673000
2005-02-23,58.540001,60.270000,58.514999,59.950001,51.095093,3322800
2005-02-24,59.924999,60.549999,59.549999,60.400002,51.478634,2227600
2005-02-25,60.575001,61.480000,60.500000,61.195000,52.156204,1440200
2005-02-28,60.755001,61.779999,60.169998,61.029999,52.015575,2276600
2005-03-01,61.279999,61.494999,60.700001,60.939999,51.938873,2693000
2005-03-02,60.924999,61.650002,60.750000,60.924999,51.926079,3214400
2005-03-03,61.000000,62.000000,60.915001,61.985001,52.829517,2982000
2005-03-04,62.424999,63.445000,62.310001,63.439999,54.069618,4751600
2005-03-07,63.564999,63.974998,62.605000,62.810001,53.532669,2828600
2005-03-08,62.884998,63.119999,61.150002,61.825001,52.693161,2776800
2005-03-09,61.950001,62.669998,61.365002,62.275002,53.076687,3619000
2005-03-10,62.599998,62.884998,61.750000,62.174999,52.991463,2488400
2005-03-11,62.275002,62.490002,61.000000,61.404999,52.335175,2922400
2005-03-14,61.500000,61.834999,60.705002,60.750000,51.776943,3441400
2005-03-15,60.900002,60.980000,60.209999,60.375000,51.457321,2170000
2005-03-16,60.340000,60.345001,59.439999,59.785000,50.954460,2987800
2005-03-17,59.950001,60.720001,59.759998,60.255001,51.355038,2270400
2005-03-18,60.525002,60.924999,59.599998,60.654999,51.695965,5336400
2005-03-21,60.500000,60.924999,59.459999,60.145000,51.261292,2409000
2005-03-22,60.450001,61.500000,60.314999,61.049999,52.032612,4666800
2005-03-23,61.049999,61.235001,60.715000,60.935001,51.934605,4977000
2005-03-24,60.935001,61.900002,60.700001,61.520000,52.433201,3411600
2005-03-28,61.450001,61.689999,61.145000,61.500000,52.416153,2463600
2005-03-29,61.654999,61.805000,61.330002,61.525002,52.437469,3378600
2005-03-30,61.514999,63.075001,61.035000,62.935001,53.639206,4824000
2005-03-31,62.625000,63.360001,62.259998,62.674999,53.417606,3055400
2005-04-01,62.799999,63.450001,61.810001,62.325001,53.119312,3010800
2005-04-04,62.500000,63.450001,62.325001,63.360001,54.001423,3180600
2005-04-05,63.224998,63.994999,63.070000,63.575001,54.184669,3432600
2005-04-06,63.799999,64.800003,63.474998,63.709999,54.299725,3418200
2005-04-07,63.750000,64.349998,63.404999,64.339996,54.836670,2349000
2005-04-08,64.500000,64.504997,63.695000,63.750000,54.333820,2045600
2005-04-11,64.050003,64.050003,63.275002,63.459999,54.086651,2374400
2005-04-12,63.275002,63.884998,62.470001,63.810001,54.384960,3583200
2005-04-13,63.810001,64.279999,62.910000,63.200001,53.865063,2199600
2005-04-14,63.075001,63.200001,61.095001,61.500000,52.416153,7534800
2005-04-15,61.375000,61.715000,60.325001,60.599998,51.649097,5022000
2005-04-18,60.724998,60.950001,58.705002,59.404999,50.630600,5658800
2005-04-19,59.500000,60.275002,58.959999,60.060001,51.188862,3956800
2005-04-20,60.185001,60.500000,58.200001,58.509998,49.867790,3024000
2005-04-21,58.650002,59.290001,58.325001,59.240002,50.489967,4298000
2005-04-22,59.240002,59.459999,58.255001,58.884998,50.187405,2314200
2005-04-25,59.500000,60.134998,59.099998,60.134998,51.252766,2867800
2005-04-26,59.849998,60.455002,58.825001,59.014999,50.298195,3772000
2005-04-27,59.750000,62.750000,58.715000,62.224998,53.034069,8026000
2005-04-28,62.494999,63.244999,61.910000,62.150002,52.970150,4714600
2005-04-29,62.424999,63.950001,62.275002,63.875000,54.440361,4167800
2005-05-02,64.224998,65.074997,63.950001,64.540001,55.007130,4326400
2005-05-03,64.275002,65.180000,64.135002,64.989998,55.390663,3761200
2005-05-04,65.440002,65.650002,64.809998,65.580002,55.893528,5014400
2005-05-05,65.550003,66.644997,65.360001,66.379997,56.575344,4518000
2005-05-06,66.500000,67.300003,66.334999,66.974998,57.082485,3216600
2005-05-09,67.000000,68.250000,66.760002,68.000000,57.956081,5384600
2005-05-10,67.900002,68.214996,67.470001,67.699997,57.700390,3687200
2005-05-11,67.775002,67.949997,66.309998,67.404999,57.448952,3740000
2005-05-12,67.614998,68.125000,67.014999,67.180000,57.257195,3407400
2005-05-13,67.199997,67.199997,64.669998,65.930000,56.191826,5610400
2005-05-16,65.949997,66.940002,65.605003,66.889999,57.010052,2511400
2005-05-17,66.574997,67.675003,66.449997,67.500000,57.529922,3327400
2005-05-18,67.775002,68.120003,66.639999,66.900002,57.018547,5188600
2005-05-19,66.900002,67.309998,66.360001,66.625000,56.784184,4198800
2005-05-20,66.500000,66.675003,66.019997,66.544998,56.715988,2727400
2005-05-23,66.709999,67.425003,66.605003,67.169998,57.248684,3971200
2005-05-24,67.199997,67.940002,67.175003,67.555000,57.576809,3800800
2005-05-25,67.500000,67.669998,66.824997,67.105003,57.193275,1777000
2005-05-26,67.224998,67.599998,66.900002,67.125000,57.210320,1509800
2005-05-27,67.224998,67.400002,66.589996,67.000000,57.103779,1463800
2005-05-31,66.849998,67.320000,66.430000,66.500000,56.677631,2383600
2005-06-01,66.349998,67.349998,66.050003,66.610001,56.771381,2028100
2005-06-02,66.800003,67.769997,66.239998,67.639999,57.649254,2914500
2005-06-03,68.000000,68.940002,67.940002,68.400002,58.296982,2662400
2005-06-06,68.199997,68.440002,67.500000,67.800003,57.785614,2280800
2005-06-07,68.010002,68.269997,67.589996,67.720001,57.717434,2281100
2005-06-08,67.559998,67.629997,66.269997,66.709999,56.856606,2416200
2005-06-09,66.769997,69.230003,66.650002,69.059998,58.859505,3355300
2005-06-10,69.059998,69.099998,67.510002,67.800003,57.785614,1627500
2005-06-13,67.550003,68.940002,67.400002,68.500000,58.382229,1826800
2005-06-14,68.589996,70.169998,68.250000,69.779999,59.473156,2835800
2005-06-15,70.349998,70.400002,68.500000,69.199997,58.978828,2279900
2005-06-16,68.949997,69.290001,68.000000,68.690002,58.544151,1897200
2005-06-17,69.750000,69.750000,68.779999,69.639999,59.353851,3096100
2005-06-20,69.639999,69.750000,68.980003,69.650002,59.362377,2533300
2005-06-21,69.889999,70.040001,69.400002,69.730003,59.430553,2521400
2005-06-22,69.980003,70.690002,69.900002,69.980003,59.643627,3504800
2005-06-23,70.230003,70.300003,68.739998,68.739998,58.586777,2321300
2005-06-24,69.000000,69.279999,68.040001,68.190002,58.118004,2343400
2005-06-27,68.300003,68.709999,67.500000,67.570000,57.589577,2281200
2005-06-28,68.199997,68.500000,67.500000,68.489998,58.373703,1919300
2005-06-29,68.730003,70.180000,68.639999,69.660004,59.370876,2613500
2005-06-30,70.000000,71.230003,69.500000,69.639999,59.353851,3365000
2005-07-01,69.849998,70.150002,68.769997,69.820000,59.507252,2240400
2005-07-05,69.639999,70.760002,69.500000,70.349998,59.958946,2713000
2005-07-06,70.470001,71.790001,69.419998,69.870003,59.549877,3873500
2005-07-07,69.879997,70.309998,68.839996,69.910004,59.583958,2979800
2005-07-08,70.000000,71.050003,69.599998,70.750000,60.299896,2288300
2005-07-11,71.199997,71.599998,70.940002,71.209999,60.691948,2137900
2005-07-12,71.099998,71.449997,70.010002,70.139999,59.779968,2754800
2005-07-13,70.000000,70.199997,68.900002,69.349998,59.106678,2544200
2005-07-14,69.190002,69.830002,68.139999,68.199997,58.126530,2851200
2005-07-15,68.209999,69.519997,68.199997,68.900002,58.723141,2054100
2005-07-18,69.610001,69.769997,68.849998,68.870003,58.697571,1827500
2005-07-19,69.629997,69.669998,66.510002,68.080002,58.024258,3551200
2005-07-20,68.110001,68.739998,67.300003,67.500000,57.529922,2082700
2005-07-21,66.849998,67.230003,65.059998,66.720001,56.865147,4671900
2005-07-22,66.720001,67.800003,66.209999,67.019997,57.120827,3485400
2005-07-25,67.300003,68.199997,66.959999,66.959999,57.069691,2957700
2005-07-26,67.650002,68.989998,67.260002,68.290001,58.203247,3549100
2005-07-27,68.000000,68.750000,66.500000,67.099998,57.189018,5790900
2005-07-28,67.750000,71.000000,67.650002,70.500000,60.086826,4355600
2005-07-29,70.500000,70.940002,69.750000,70.739998,60.291363,3628700
2005-08-01,68.790001,73.099998,68.790001,72.769997,62.021500,4095600
2005-08-02,72.860001,73.489998,72.029999,73.370003,62.532913,2913800
2005-08-03,73.500000,74.250000,73.300003,73.959999,63.035740,2900600
2005-08-04,74.019997,74.099998,72.470001,72.629997,61.902195,2358500
2005-08-05,72.629997,72.870003,70.849998,70.919998,60.444790,1605300
2005-08-08,70.949997,71.830002,70.209999,70.529999,60.112385,1515900
2005-08-09,71.300003,71.949997,70.680000,71.849998,61.237423,2213700
2005-08-10,72.449997,73.570000,71.849998,73.180000,62.370953,2604200
2005-08-11,73.500000,74.000000,72.750000,73.279999,62.456192,1630800
2005-08-12,73.150002,73.250000,71.480003,72.510002,61.799911,1328300
2005-08-15,72.699997,72.730003,72.050003,72.440002,61.740261,1133200
2005-08-16,72.589996,72.839996,72.279999,72.599998,61.876644,1222100
2005-08-17,71.589996,73.129997,71.589996,73.129997,62.328346,1585700
2005-08-18,73.089996,73.709999,72.500000,72.800003,62.047100,1842000
2005-08-19,73.089996,73.489998,72.760002,73.000000,62.217571,1549000
2005-08-22,73.190002,73.550003,72.750000,73.150002,62.345387,1619600
2005-08-23,73.190002,73.320000,72.150002,72.570000,61.851067,1350500
2005-08-24,72.580002,73.330002,72.250000,72.500000,61.791401,1662700
2005-08-25,72.750000,73.150002,72.279999,72.900002,62.132332,1537700
2005-08-26,73.000000,73.000000,72.250000,72.519997,61.808430,1280300
2005-08-29,72.309998,73.080002,71.970001,73.029999,62.243122,1244100
2005-08-30,72.900002,73.430000,72.449997,73.379997,62.541420,1914000
2005-08-31,73.480003,74.250000,72.629997,74.250000,63.282906,2336300
2005-09-01,74.000000,74.809998,73.500000,73.800003,62.899403,1931800
2005-09-02,74.050003,74.629997,73.900002,73.980003,63.052811,1454100
2005-09-06,74.449997,76.349998,74.000000,76.300003,65.030136,3372800
2005-09-07,76.550003,76.980003,76.389999,76.790001,65.447731,2302100
2005-09-08,77.400002,77.400002,76.120003,76.250000,64.987526,2085400
2005-09-09,76.400002,76.919998,76.260002,76.769997,65.430717,1613000
2005-09-12,76.449997,76.650002,75.260002,75.550003,64.390915,2115600
2005-09-13,75.349998,75.480003,73.099998,73.099998,62.302780,3209400
2005-09-14,73.430000,74.300003,73.000000,73.500000,62.643688,1885300
2005-09-15,73.870003,74.290001,73.699997,73.839996,62.933495,1656900
2005-09-16,73.839996,74.459999,73.690002,74.040001,63.103947,3274300
2005-09-19,73.650002,74.050003,73.139999,73.290001,62.464710,1204600
2005-09-20,73.250000,73.519997,72.169998,72.209999,61.544254,1819400
2005-09-21,71.250000,72.879997,70.650002,72.269997,61.595375,2454800
2005-09-22,72.620003,73.690002,72.320000,73.190002,62.379501,1815000
2005-09-23,73.190002,76.699997,72.820000,74.739998,63.700554,3920400
2005-09-26,75.199997,75.400002,74.739998,75.089996,63.998871,2245800
2005-09-27,74.699997,76.599998,74.529999,75.010002,63.930695,7608000
2005-09-28,75.010002,75.239998,74.300003,74.690002,63.657921,2655800
2005-09-29,74.699997,75.449997,73.680000,75.309998,64.186363,2851300
2005-09-30,75.309998,76.279999,75.239998,75.820000,64.621040,2174200
2005-10-03,75.400002,76.180000,74.980003,75.830002,64.629539,2278200
2005-10-04,76.000000,77.809998,75.760002,75.889999,64.680679,2651300
2005-10-05,76.300003,76.330002,74.040001,74.129997,63.180645,2633700
2005-10-06,74.309998,75.190002,73.480003,74.129997,63.180645,2154800
2005-10-07,74.250000,74.849998,73.860001,74.199997,63.240295,1408900
2005-10-10,74.199997,75.070000,73.820000,74.059998,63.120995,1179200
2005-10-11,74.419998,74.599998,73.519997,73.820000,62.916428,1893700
2005-10-12,73.570000,74.120003,71.110001,71.949997,61.322651,3333700
2005-10-13,71.959999,72.320000,70.250000,71.139999,60.632286,3091200
2005-10-14,71.400002,74.320000,71.400002,73.580002,62.711880,3324900
2005-10-17,73.750000,74.230003,72.839996,74.050003,63.112488,1844400
2005-10-18,74.059998,74.489998,73.820000,74.029999,63.095409,1515800
2005-10-19,74.040001,76.379997,74.040001,76.370003,65.089783,2849600
2005-10-20,76.199997,76.290001,75.019997,75.580002,64.416473,2753100
2005-10-21,76.500000,78.050003,76.150002,78.000000,66.479019,3848700
2005-10-24,78.000000,78.199997,77.010002,78.089996,66.555725,2832600
2005-10-25,77.699997,77.800003,74.820000,76.089996,64.851143,6192700
2005-10-26,76.760002,76.760002,71.459999,71.720001,61.126606,7851300
2005-10-27,72.300003,74.000000,72.250000,73.239998,62.422092,5693300
2005-10-28,73.750000,75.070000,73.650002,74.699997,63.666454,3371300
2005-10-31,74.629997,75.220001,73.730003,74.680000,63.649422,3125400
2005-11-01,74.699997,75.459999,74.139999,75.010002,63.930695,2885700
2005-11-02,74.199997,74.879997,73.260002,74.599998,63.581211,3460700
2005-11-03,74.750000,75.400002,73.680000,73.900002,62.984646,2992900
2005-11-04,74.120003,74.599998,73.190002,73.400002,62.558449,1975900
2005-11-07,73.410004,73.699997,72.800003,73.099998,62.302780,2076800
2005-11-08,72.800003,73.150002,72.080002,72.279999,61.603897,2491200
2005-11-09,72.470001,72.900002,71.750000,71.750000,61.152195,2490700
2005-11-10,72.099998,74.129997,72.099998,74.000000,63.069855,2604400
2005-11-11,74.400002,74.410004,73.169998,73.769997,62.873810,1389300
2005-11-14,73.760002,74.709999,73.500000,74.459999,63.461895,1509200
2005-11-15,74.900002,75.980003,74.570000,75.699997,64.518753,2581500
2005-11-16,75.699997,76.129997,75.099998,76.129997,64.885208,2011300
2005-11-17,76.500000,77.489998,76.139999,76.919998,65.558540,3602700
2005-11-18,77.000000,77.400002,76.620003,77.099998,65.711975,2644800
2005-11-21,77.110001,78.480003,76.830002,78.440002,66.854042,2834900
2005-11-22,78.440002,79.230003,78.150002,78.500000,66.905190,3086200
2005-11-23,78.650002,78.919998,78.239998,78.529999,66.930748,2699400
2005-11-25,78.989998,79.400002,77.900002,78.150002,66.606865,620800
2005-11-28,78.150002,78.160004,75.629997,75.989998,64.765915,2722600
2005-11-29,76.419998,77.639999,76.419998,76.580002,65.268761,3445900
2005-11-30,76.949997,77.269997,76.599998,76.830002,65.481850,2131800
2005-12-01,78.000000,78.059998,77.500000,77.699997,66.223328,3065500
2005-12-02,77.709999,77.910004,77.300003,77.300003,65.882416,1659900
2005-12-05,77.500000,77.809998,76.449997,76.849998,65.498856,3080800
2005-12-06,77.650002,79.930000,77.440002,79.070000,67.390991,4826900
2005-12-07,77.849998,79.410004,76.650002,76.839996,65.490364,5834100
2005-12-08,76.849998,78.349998,76.730003,77.839996,66.342659,2427400
2005-12-09,78.099998,80.070000,78.059998,79.400002,67.672234,2168100
2005-12-12,79.410004,79.730003,78.260002,78.900002,67.246086,1645500
2005-12-13,79.019997,79.870003,78.580002,79.639999,67.876793,1642000
2005-12-14,79.550003,79.720001,78.500000,78.589996,66.981880,1706200
2005-12-15,79.000000,79.320000,78.339996,78.800003,67.160843,1718700
2005-12-16,79.000000,79.239998,78.089996,78.239998,66.683578,2710200
2005-12-19,77.769997,78.250000,75.790001,76.639999,65.319893,3255800
2005-12-20,75.000000,77.669998,75.000000,77.370003,65.942078,2213500
2005-12-21,77.620003,78.099998,76.849998,76.930000,65.567062,1814300
2005-12-22,77.050003,77.970001,77.050003,77.940002,66.427864,2112700
2005-12-23,78.500000,78.730003,78.180000,78.300003,66.734734,917800
2005-12-27,78.400002,78.900002,77.269997,77.760002,66.274467,894900
2005-12-28,78.000000,79.000000,77.599998,78.809998,67.169357,1633100
2005-12-29,79.480003,80.400002,79.150002,80.000000,68.183601,8155900
2005-12-30,80.050003,80.050003,79.129997,79.790001,68.004631,2366100
2006-01-03,80.000000,80.050003,78.059998,79.360001,67.638153,2986200
2006-01-04,79.559998,80.370003,79.220001,79.519997,67.774506,3540000
2006-01-05,79.110001,79.900002,78.610001,78.989998,67.322815,2433400
2006-01-06,79.699997,79.849998,78.720001,78.930000,67.271645,2075200
2006-01-09,78.800003,79.019997,77.459999,77.699997,66.223328,2514500
2006-01-10,77.699997,78.300003,77.400002,77.599998,66.138100,1536100
2006-01-11,77.599998,78.449997,76.699997,76.940002,65.575600,1917400
2006-01-12,76.650002,78.250000,76.500000,76.940002,65.575600,2635800
2006-01-13,75.400002,75.589996,73.500000,74.889999,63.828358,6813000
2006-01-17,74.250000,76.470001,74.029999,76.230003,64.970490,3409000
2006-01-18,75.699997,77.099998,75.639999,76.779999,65.439224,3203800
2006-01-19,76.550003,76.800003,74.839996,76.010002,64.782974,2298300
2006-01-20,75.989998,75.989998,72.620003,73.230003,62.413574,3370400
2006-01-23,72.500000,73.389999,71.620003,71.660004,61.075493,4762300
2006-01-24,72.300003,74.279999,72.300003,73.190002,62.379501,3320200
2006-01-25,74.739998,74.879997,72.389999,72.860001,62.098240,4034100
2006-01-26,74.199997,75.220001,74.070000,74.500000,63.495995,3761300
2006-01-27,74.500000,75.660004,74.430000,75.500000,64.348274,3720400
2006-01-30,75.500000,75.889999,75.239998,75.459999,64.314194,2558000
2006-01-31,75.150002,77.139999,75.099998,76.800003,65.456284,3177700
2006-02-01,76.400002,77.849998,76.389999,77.669998,66.197769,2697300
2006-02-02,77.669998,77.669998,76.820000,77.110001,65.720482,2702600
2006-02-03,76.309998,77.769997,76.260002,77.300003,65.882416,2271800
2006-02-06,77.000000,77.169998,75.790001,76.250000,64.987526,3679700
2006-02-07,76.489998,76.989998,75.910004,76.540001,65.234657,2987000
2006-02-08,75.500000,76.400002,75.349998,76.279999,65.013100,2103700
2006-02-09,77.050003,78.199997,76.930000,77.430000,65.993225,3334000
2006-02-10,77.440002,77.989998,77.260002,77.650002,66.180725,2526300
2006-02-13,77.250000,77.800003,76.820000,77.669998,66.197769,2184400
2006-02-14,77.500000,79.050003,77.489998,78.910004,67.254623,2104800
2006-02-15,78.680000,78.970001,78.040001,78.820000,67.177910,1987900
2006-02-16,78.570000,78.730003,77.400002,77.739998,66.257416,2953400
2006-02-17,77.099998,77.570000,76.820000,77.360001,65.933556,2907400
2006-02-21,77.949997,78.449997,76.949997,77.010002,65.635262,2411400
2006-02-22,77.150002,78.699997,77.050003,78.550003,66.947777,2371700
2006-02-23,77.900002,78.220001,77.349998,77.480003,66.035812,2644300
2006-02-24,77.699997,77.750000,77.099998,77.290001,65.873886,1960900
2006-02-27,77.000000,77.919998,76.540001,77.690002,66.214836,1936400
2006-02-28,77.050003,77.680000,76.769997,76.790001,65.447731,2769000
2006-03-01,77.000000,77.540001,76.230003,76.589996,65.277283,2586800
2006-03-02,76.260002,76.510002,75.000000,76.000000,64.774460,2663600
2006-03-03,75.750000,76.959999,75.470001,75.680000,64.501709,2542800
2006-03-06,75.750000,75.949997,74.599998,75.029999,63.947723,2426500
2006-03-07,74.970001,76.900002,74.500000,76.500000,65.200592,2929300
2006-03-08,76.029999,77.129997,75.849998,77.120003,65.729019,2174700
2006-03-09,77.379997,77.470001,76.879997,77.029999,65.652313,2248700
2006-03-10,77.010002,77.910004,76.870003,77.430000,65.993225,1803400
2006-03-13,77.279999,77.360001,75.970001,76.800003,65.456284,2521100
2006-03-14,76.379997,77.989998,76.360001,77.900002,66.393784,2280300
2006-03-15,77.830002,78.940002,77.599998,78.580002,66.973358,2209500
2006-03-16,78.949997,79.599998,78.510002,79.430000,67.697784,2727700
2006-03-17,79.900002,80.000000,79.260002,79.620003,67.859756,3078800
2006-03-20,79.599998,80.000000,79.599998,79.769997,67.987572,2031200
2006-03-21,79.250000,79.699997,78.110001,78.330002,66.760284,2541600
2006-03-22,78.529999,79.300003,78.269997,78.730003,67.101219,2229500
2006-03-23,78.720001,78.849998,77.919998,78.739998,67.109703,2098800
2006-03-24,78.739998,78.940002,78.239998,78.500000,66.905190,2661800
2006-03-27,78.349998,78.610001,77.610001,77.639999,66.172180,2203400
2006-03-28,77.599998,78.129997,76.540001,76.550003,65.243202,2690400
2006-03-29,76.559998,77.709999,76.250000,77.169998,65.771606,3596600
2006-03-30,77.000000,77.959999,76.699997,77.209999,65.805687,2225300
2006-03-31,77.220001,77.699997,76.970001,77.430000,65.993225,2037600
2006-04-03,77.430000,77.500000,76.320000,76.320000,65.047173,2544700
2006-04-04,76.169998,77.699997,75.550003,77.330002,65.907997,2461800
2006-04-05,77.080002,77.449997,76.870003,76.980003,65.609673,2283000
2006-04-06,76.949997,76.959999,74.510002,75.449997,64.305687,3568600
2006-04-07,75.449997,76.529999,75.260002,75.589996,64.424995,2321600
2006-04-10,75.400002,76.080002,73.440002,74.199997,63.240295,4301100
2006-04-11,73.699997,73.949997,71.250000,72.680000,61.944820,4520300
2006-04-12,72.949997,74.480003,72.809998,73.190002,62.379501,3188200
2006-04-13,73.099998,73.489998,72.580002,72.989998,62.209042,2236000
2006-04-17,72.739998,72.959999,71.580002,72.230003,61.561302,1991600
2006-04-18,73.099998,74.339996,71.360001,72.669998,61.936306,5095600
2006-04-19,73.000000,73.250000,71.250000,71.750000,61.152195,3803500
2006-04-20,72.000000,72.680000,71.389999,72.000000,61.365246,3582400
2006-04-21,72.599998,72.599998,71.309998,71.720001,61.126606,1828600
2006-04-24,71.550003,72.150002,70.800003,71.500000,60.939098,2206200
2006-04-25,71.680000,71.699997,70.349998,70.739998,60.291363,2047300
2006-04-26,71.500000,71.699997,68.800003,70.440002,60.035679,6571400
2006-04-27,70.300003,70.309998,66.349998,67.500000,57.529922,12416000
2006-04-28,67.500000,71.000000,67.250000,71.000000,60.512959,8161800
2006-05-01,71.250000,71.980003,71.120003,71.680000,61.092518,4694200
2006-05-02,71.639999,72.199997,70.500000,72.050003,61.407871,4668000
2006-05-03,71.000000,71.000000,66.400002,67.550003,57.572544,15545500
2006-05-04,67.570000,69.430000,67.440002,68.760002,58.603809,7977600
2006-05-05,69.089996,70.309998,69.089996,70.010002,59.669182,4674700
2006-05-08,70.070000,71.980003,70.070000,71.599998,61.024361,4095000
2006-05-09,71.550003,71.680000,69.849998,70.250000,59.873741,4032700
2006-05-10,70.349998,71.440002,70.269997,71.000000,60.512959,4712100
2006-05-11,70.750000,71.250000,70.220001,71.010002,60.521469,2797900
2006-05-12,71.500000,72.300003,71.080002,71.750000,61.152195,3350400
2006-05-15,71.400002,72.650002,71.209999,71.970001,61.339684,2471000
2006-05-16,72.199997,73.949997,72.099998,72.870003,62.106731,4318600
2006-05-17,72.870003,73.949997,72.760002,73.309998,62.481762,3111900
2006-05-18,72.000000,74.000000,72.000000,73.160004,62.353912,4401800
2006-05-19,73.169998,73.169998,71.760002,71.900002,61.280014,4372700
2006-05-22,71.889999,72.389999,71.480003,71.550003,60.981731,2668100
2006-05-23,71.589996,72.300003,70.620003,70.709999,60.265770,2160400
2006-05-24,70.919998,71.930000,68.970001,70.400002,60.001587,3296000
2006-05-25,70.650002,72.680000,70.599998,72.589996,61.868103,3039700
2006-05-26,72.589996,73.000000,71.889999,72.080002,61.433449,2056900
2006-05-30,71.500000,72.019997,70.739998,70.839996,60.376598,2724400
2006-05-31,71.349998,72.389999,71.110001,71.580002,61.007298,2989500
2006-06-01,71.900002,73.150002,71.540001,73.050003,62.260155,3356000
2006-06-02,73.000000,73.839996,72.580002,72.839996,62.081200,2386100
2006-06-05,72.279999,72.349998,71.500000,71.599998,61.024361,2649300
2006-06-06,72.199997,72.800003,70.750000,71.110001,60.606724,3212300
2006-06-07,71.830002,72.580002,71.550003,71.750000,61.152195,2789500
2006-06-08,72.250000,72.980003,71.730003,72.360001,61.672092,2956100
2006-06-09,72.050003,72.669998,71.639999,71.839996,61.228901,1913600
2006-06-12,73.449997,73.449997,71.000000,71.059998,60.564106,2662400
2006-06-13,70.970001,71.760002,70.370003,71.059998,60.564106,3221100
2006-06-14,70.730003,70.980003,69.300003,69.820000,59.507252,3437600
2006-06-15,69.830002,72.089996,67.949997,71.669998,61.084000,5059200
2006-06-16,71.099998,72.239998,70.720001,71.050003,60.555584,4427900
2006-06-19,71.519997,71.720001,70.169998,70.760002,60.308414,2039500
2006-06-20,71.750000,71.930000,69.589996,69.690002,59.396461,2675000
2006-06-21,69.739998,71.820000,69.739998,71.320000,60.785694,2330700
2006-06-22,71.250000,71.900002,71.040001,71.449997,60.896488,1938900
2006-06-23,71.550003,72.800003,71.550003,72.209999,61.544254,1811200
2006-06-26,72.000000,72.389999,71.529999,72.269997,61.595375,1542500
2006-06-27,67.500000,72.930000,65.500000,72.260002,61.586849,2405600
2006-06-28,72.269997,72.820000,69.790001,71.739998,61.143665,4242700
2006-06-29,71.760002,72.970001,71.589996,72.849998,62.089695,2562400
2006-06-30,72.849998,73.599998,72.309998,72.769997,62.021500,2262500
2006-07-03,72.599998,73.610001,72.419998,73.580002,62.711880,1246500
2006-07-05,73.500000,73.519997,72.150002,72.559998,61.842541,2466500
2006-07-06,72.750000,73.279999,72.419998,72.589996,61.868103,2059800
2006-07-07,72.589996,72.739998,72.120003,72.139999,61.484566,2058200
2006-07-10,72.730003,73.680000,72.349998,73.510002,62.652225,2649500
2006-07-11,73.610001,76.849998,73.550003,75.570000,64.407936,6451000
2006-07-12,75.500000,75.830002,74.919998,75.000000,63.922173,2640700
2006-07-13,75.000000,75.599998,74.500000,74.949997,63.879509,3067700
2006-07-14,74.699997,74.989998,74.000000,74.559998,63.547119,1784200
2006-07-17,74.400002,75.440002,74.199997,74.910004,63.845417,1704900
2006-07-18,74.489998,75.970001,74.050003,75.449997,64.305687,2803900
2006-07-19,76.000000,77.989998,75.900002,77.150002,65.754578,3824800
2006-07-20,76.989998,77.599998,76.620003,77.300003,65.882416,2299300
2006-07-21,77.500000,77.529999,76.650002,77.180000,65.780151,2932900
2006-07-24,77.099998,77.730003,76.760002,77.199997,65.797203,2811800
2006-07-25,76.949997,78.459999,76.809998,77.980003,66.461967,3010000
2006-07-26,77.500000,77.900002,75.900002,77.620003,66.155144,4453600
2006-07-27,75.000000,77.309998,74.250000,76.930000,65.567062,8259300
2006-07-28,76.680000,76.839996,73.129997,75.070000,63.981785,6075400
2006-07-31,74.870003,75.239998,73.860001,74.500000,63.495995,3443600
2006-08-01,73.849998,75.050003,73.599998,75.050003,63.964756,2388000
2006-08-02,77.750000,77.760002,75.760002,76.129997,64.885208,3427300
2006-08-03,74.980003,75.199997,74.470001,74.500000,63.495995,2589100
2006-08-04,74.699997,75.000000,74.430000,74.680000,63.649422,1788100
2006-08-07,74.680000,75.300003,74.250000,74.519997,63.513042,1711000
2006-08-08,75.099998,75.599998,74.599998,74.839996,63.785759,2351600
2006-08-09,75.419998,75.930000,74.699997,74.860001,63.802837,1271700
2006-08-10,74.800003,75.379997,73.739998,75.080002,63.990318,2389100
2006-08-11,75.150002,75.370003,74.220001,74.830002,63.777248,1359000
2006-08-14,74.989998,75.639999,74.660004,74.660004,63.632351,2002100
2006-08-15,75.000000,75.300003,74.550003,75.269997,64.152275,1933200
2006-08-16,75.489998,76.110001,75.330002,75.750000,64.561378,1799800
2006-08-17,75.750000,76.900002,75.690002,76.379997,65.098274,1830500
2006-08-18,76.290001,76.949997,75.660004,76.000000,64.774460,1400300
2006-08-21,76.099998,76.970001,76.080002,76.459999,65.166481,1252100
2006-08-22,76.500000,76.940002,76.099998,76.639999,65.319893,1779300
2006-08-23,76.889999,77.250000,76.519997,77.139999,65.746063,1919500
2006-08-24,77.430000,77.809998,77.290001,77.800003,66.308556,1736900
2006-08-25,77.349998,77.589996,76.529999,77.290001,65.873886,1301800
2006-08-28,77.300003,77.769997,76.790001,77.389999,65.959122,1679200
2006-08-29,77.000000,77.989998,76.900002,77.889999,66.385307,1685100
2006-08-30,77.980003,78.459999,77.800003,78.180000,66.632416,1606000
2006-08-31,78.050003,78.199997,77.099998,77.410004,65.976181,1925200
2006-09-01,77.570000,77.699997,76.930000,77.129997,65.737511,1297200
2006-09-05,77.199997,77.360001,76.620003,76.699997,65.371033,2372400
2006-09-06,76.650002,76.699997,75.809998,75.900002,64.689209,2628800
2006-09-07,75.980003,76.500000,75.260002,75.889999,64.680679,1834200
2006-09-08,76.000000,76.949997,75.790001,75.849998,64.646614,1531100
2006-09-11,75.849998,77.750000,75.389999,77.540001,66.086975,2249900
2006-09-12,78.000000,79.260002,77.980003,79.080002,67.399513,3509200
2006-09-13,78.699997,79.550003,78.639999,79.529999,67.783035,2114900
2006-09-14,79.279999,79.580002,78.190002,78.570000,66.964828,2534200
2006-09-15,78.839996,79.930000,78.559998,78.629997,67.015968,3678400
2006-09-18,78.400002,78.400002,77.379997,77.519997,66.069908,2483700
2006-09-19,76.900002,78.019997,76.699997,77.589996,66.129562,4787800
2006-09-20,77.800003,77.860001,77.339996,77.739998,66.257416,2592200
2006-09-21,77.620003,77.949997,76.709999,76.970001,65.601135,2497700
2006-09-22,77.300003,77.730003,76.650002,76.730003,65.396622,1746600
2006-09-25,77.199997,77.809998,76.739998,77.580002,66.121071,2218100
2006-09-26,77.730003,78.029999,76.849998,77.860001,66.359695,1993300
2006-09-27,77.900002,77.989998,77.029999,77.139999,65.746063,1964300
2006-09-28,77.349998,77.400002,76.309998,76.620003,65.302856,1656000
2006-09-29,76.519997,77.050003,75.959999,77.050003,65.669350,2374800
2006-10-02,75.309998,77.260002,75.309998,77.040001,65.660851,1819300
2006-10-03,76.849998,77.889999,76.820000,77.339996,65.916519,1985900
2006-10-04,77.330002,77.779999,77.019997,77.760002,66.274467,1903100
2006-10-05,77.800003,79.070000,77.400002,79.029999,67.356895,2089400
2006-10-06,78.599998,78.930000,77.849998,78.410004,66.828484,2353400
2006-10-09,78.419998,78.419998,77.779999,78.000000,66.479019,1087300
2006-10-10,77.989998,78.099998,76.500000,76.550003,65.243202,2423100
2006-10-11,76.570000,76.800003,75.820000,76.199997,64.944923,2447100
2006-10-12,76.550003,77.430000,75.800003,77.300003,65.882416,2522600
2006-10-13,77.309998,77.370003,75.800003,76.440002,65.149437,1921700
2006-10-16,76.449997,77.040001,76.000000,76.010002,64.782974,2137000
2006-10-17,75.750000,76.750000,75.699997,76.290001,65.021606,2693200
2006-10-18,76.500000,76.959999,76.279999,76.709999,65.379570,1933800
2006-10-19,77.050003,77.629997,76.330002,76.669998,65.345482,3105400
2006-10-20,76.860001,78.500000,76.419998,78.059998,66.530159,2718200
2006-10-23,77.949997,78.680000,77.379997,78.480003,66.888123,1715000
2006-10-24,78.160004,78.820000,78.099998,78.620003,67.007446,2072900
2006-10-25,77.500000,77.750000,75.300003,76.529999,65.226158,4911100
2006-10-26,77.300003,77.440002,76.449997,76.709999,65.379570,2278600
2006-10-27,76.379997,77.519997,76.040001,76.650002,65.328423,2794500
2006-10-30,76.709999,77.300003,76.110001,76.660004,65.336952,2889400
2006-10-31,76.669998,77.000000,76.120003,76.320000,65.047173,1981900
2006-11-01,77.099998,77.300003,74.540001,75.129997,64.032936,3104900
2006-11-02,75.129997,76.050003,74.900002,75.260002,64.143738,2382100
2006-11-03,75.360001,75.449997,73.510002,73.800003,62.899403,3290700
2006-11-06,73.750000,74.550003,73.370003,74.129997,63.180645,3026600
2006-11-07,74.019997,75.059998,73.910004,74.639999,63.615307,1806700
2006-11-08,73.500000,73.629997,71.739998,73.320000,62.490276,4513400
2006-11-09,72.900002,73.050003,71.430000,71.699997,61.109566,4785600
2006-11-10,71.900002,73.400002,71.599998,72.889999,62.123810,3457300
2006-11-13,72.849998,73.660004,72.790001,73.220001,62.405056,2345500
2006-11-14,73.000000,73.489998,72.839996,73.449997,62.601086,2544500
2006-11-15,73.400002,73.839996,73.190002,73.330002,62.498810,3058900
2006-11-16,73.580002,73.800003,73.290001,73.309998,62.481762,1808300
2006-11-17,72.699997,73.040001,72.459999,72.919998,62.149357,2984200
2006-11-20,72.550003,72.720001,71.949997,72.040001,61.399345,2241400
2006-11-21,71.570000,72.150002,70.150002,71.309998,60.777176,8387400
2006-11-22,71.309998,71.900002,71.190002,71.699997,61.109566,2358500
2006-11-24,71.550003,72.459999,71.500000,72.400002,61.706181,792900
2006-11-27,72.150002,72.360001,71.489998,71.559998,60.990227,2540400
2006-11-28,71.500000,74.250000,71.459999,73.660004,62.780067,4574100
2006-11-29,74.000000,74.199997,72.849998,73.059998,62.268681,3754800
2006-11-30,73.309998,76.910004,73.190002,75.669998,64.493187,5665300
2006-12-01,76.089996,76.769997,75.000000,75.949997,64.731834,2766600
2006-12-04,76.250000,76.720001,75.279999,75.550003,64.390915,2477600
2006-12-05,75.580002,76.000000,75.129997,75.449997,64.305687,2037900
2006-12-06,75.820000,76.220001,75.080002,75.970001,64.748848,2852500
2006-12-07,75.980003,76.419998,75.500000,76.010002,64.782974,2023900
2006-12-08,75.800003,77.040001,75.400002,76.459999,65.166481,1937800
2006-12-11,76.400002,77.339996,76.199997,76.800003,65.456284,2167900
2006-12-12,76.800003,77.199997,76.050003,76.830002,65.481850,2197200
2006-12-13,77.190002,77.900002,76.949997,77.099998,65.711975,2705100
2006-12-14,76.699997,77.349998,76.589996,77.110001,65.720482,2070800
2006-12-15,77.110001,77.220001,76.559998,77.129997,65.737511,2358800
2006-12-18,76.949997,77.480003,76.800003,77.330002,65.907997,1832000
2006-12-19,76.949997,78.959999,76.750000,78.540001,66.939270,2995100
2006-12-20,78.400002,78.440002,77.730003,78.230003,66.675072,2325300
2006-12-21,78.230003,78.699997,78.199997,78.550003,66.947777,1486000
2006-12-22,78.250000,78.449997,77.830002,78.220001,66.666534,1500600
2006-12-26,78.470001,78.750000,78.010002,78.470001,66.879608,810800
2006-12-27,78.599998,78.860001,78.000000,78.000000,66.479019,1583200
2006-12-28,78.000000,78.750000,77.889999,78.500000,66.905190,1536700
2006-12-29,78.589996,78.980003,78.400002,78.690002,67.067123,1537500
2007-01-03,78.419998,78.849998,77.650002,78.190002,66.640945,3356500
2007-01-04,78.190002,78.419998,77.730003,77.870003,66.368233,2157600
2007-01-05,78.550003,78.949997,78.290001,78.489998,66.896667,3251600
2007-01-08,78.349998,79.050003,78.250000,78.959999,67.297241,2136200
2007-01-09,78.870003,78.870003,75.500000,76.209999,64.953407,8980400
2007-01-10,75.650002,76.589996,75.040001,76.309998,65.038666,2950800
2007-01-11,76.669998,77.449997,76.580002,77.339996,65.916519,2025300
2007-01-12,76.949997,78.029999,76.489998,77.800003,66.308556,3051700
2007-01-16,77.849998,78.809998,77.800003,78.449997,66.862587,2183500
2007-01-17,78.650002,79.000000,78.430000,78.779999,67.143814,2412600
2007-01-18,78.459999,78.459999,76.750000,76.830002,65.481850,3116000
2007-01-19,76.809998,77.510002,76.699997,77.320000,65.899460,2857600
2007-01-22,77.110001,77.400002,76.550003,76.809998,65.464783,4430900
2007-01-23,76.650002,77.419998,76.029999,77.029999,65.652313,2116000
2007-01-24,74.690002,77.739998,73.879997,76.000000,64.774460,6937900
2007-01-25,75.750000,76.989998,75.449997,76.000000,64.774460,3621000
2007-01-26,76.199997,76.449997,75.870003,75.980003,64.757393,3077100
2007-01-29,76.000000,76.709999,75.959999,76.449997,65.157959,2287800
2007-01-30,76.769997,77.930000,76.550003,77.849998,66.351196,2692200
2007-01-31,77.900002,78.389999,77.519997,78.379997,66.802895,2600300
2007-02-01,78.150002,79.480003,77.930000,79.309998,67.595520,3682700
2007-02-02,79.309998,79.639999,78.570000,78.709999,67.084167,2659200
2007-02-05,79.480003,80.349998,78.779999,79.900002,68.098381,5749600
2007-02-06,80.050003,80.750000,80.000000,80.150002,68.311478,3369900
2007-02-07,80.419998,82.000000,80.290001,81.800003,69.717758,4746800
2007-02-08,81.500000,82.260002,80.989998,81.500000,69.462059,2914700
2007-02-09,81.589996,81.849998,80.570000,80.680000,68.763191,2551500
2007-02-12,80.980003,81.180000,80.440002,80.690002,68.771698,2250200
2007-02-13,80.980003,81.059998,80.559998,80.870003,68.925125,1928800
2007-02-14,80.690002,81.290001,80.269997,80.980003,69.018860,2696600
2007-02-15,80.980003,82.959999,80.980003,82.410004,70.237656,3901400
2007-02-16,81.949997,82.940002,81.750000,82.250000,70.101280,2358600
2007-02-20,83.410004,84.150002,81.860001,81.900002,69.803009,1731500
2007-02-21,81.400002,81.860001,81.330002,81.690002,69.623993,2322200
2007-02-22,82.000000,82.050003,81.360001,81.760002,69.683647,1912700
2007-02-23,81.760002,81.779999,81.029999,81.500000,69.462059,1514600
2007-02-26,81.050003,81.330002,80.610001,81.129997,69.146698,2645100
2007-02-27,80.800003,81.000000,77.010002,77.900002,66.393784,5461000
2007-02-28,77.910004,79.870003,77.910004,79.389999,67.663704,4287900
2007-03-01,79.400002,80.989998,78.739998,80.809998,68.873985,3869100
2007-03-02,82.709999,82.709999,80.000000,80.059998,68.234741,2839500
2007-03-05,82.769997,82.769997,79.279999,80.290001,68.430801,3039900
2007-03-06,80.419998,80.639999,79.739998,80.080002,68.251801,3922400
2007-03-07,79.750000,80.190002,79.080002,79.760002,67.979065,3335900
2007-03-08,80.099998,80.500000,79.110001,79.510002,67.766014,3530800
2007-03-09,80.120003,80.120003,78.160004,78.320000,66.751755,3188900
2007-03-12,78.519997,79.279999,78.370003,79.000000,67.331329,2484200
2007-03-13,78.500000,79.139999,77.739998,77.900002,66.393784,2793600
2007-03-14,78.150002,78.400002,77.449997,78.089996,66.555725,3255200
2007-03-15,77.849998,78.500000,77.849998,78.309998,66.743225,2473800
2007-03-16,78.699997,79.250000,78.339996,78.800003,67.160843,4757400
2007-03-19,79.099998,79.400002,78.320000,78.989998,67.322815,2751500
2007-03-20,78.949997,79.019997,78.010002,79.019997,67.348373,2174400
2007-03-21,78.669998,80.000000,78.400002,79.849998,68.055779,3392000
2007-03-22,80.989998,81.309998,79.809998,80.910004,68.959198,2790300
2007-03-23,80.910004,82.089996,80.750000,81.669998,69.606964,3163000
2007-03-26,81.919998,82.250000,81.209999,81.889999,69.794464,1570800
2007-03-27,81.099998,81.589996,80.559998,81.440002,69.410942,2650100
2007-03-28,81.349998,81.970001,81.230003,81.620003,69.564331,2526100
2007-03-29,81.620003,81.620003,79.169998,80.410004,68.533073,4858000
2007-03-30,80.400002,81.339996,80.400002,81.099998,69.121132,3168300
2007-04-02,81.000000,81.449997,80.720001,81.029999,69.061462,2011400
2007-04-03,81.500000,82.209999,81.209999,82.180000,70.041618,1883100
2007-04-04,81.980003,82.730003,81.940002,82.559998,70.365494,1941600
2007-04-05,82.309998,82.589996,81.570000,81.919998,69.820030,2213500
2007-04-09,81.970001,82.430000,81.599998,82.250000,70.101280,1946300
2007-04-10,81.900002,82.169998,81.610001,81.940002,69.837090,1660500
2007-04-11,81.800003,81.900002,80.720001,80.949997,68.993294,2208500
2007-04-12,80.959999,82.000000,80.940002,81.860001,69.768867,1816000
2007-04-13,83.739998,83.739998,81.089996,82.239998,70.092743,1900800
2007-04-16,82.510002,83.550003,82.129997,83.550003,71.209267,2194900
2007-04-17,83.330002,84.550003,83.139999,84.059998,71.643944,2565600
2007-04-18,84.059998,85.080002,83.830002,84.599998,72.104179,4422400
2007-04-19,83.860001,83.860001,81.500000,83.050003,70.783119,3810900
2007-04-20,86.250000,86.250000,82.470001,82.849998,70.612663,4222500
2007-04-23,82.800003,83.610001,82.260002,82.959999,70.706406,2544600
2007-04-24,82.970001,83.669998,82.209999,82.239998,70.092743,3967100
2007-04-25,79.000000,79.750000,78.550003,78.839996,67.194984,10421900
2007-04-26,77.980003,81.050003,77.980003,79.019997,67.348373,7419000
2007-04-27,78.980003,79.620003,78.919998,79.190002,67.493256,3023600
2007-04-30,79.260002,79.519997,78.970001,78.970001,67.305771,4510900
2007-05-01,79.169998,80.120003,79.050003,79.720001,67.944992,3897600
2007-05-02,80.000000,81.300003,79.610001,81.089996,69.112610,3102500
2007-05-03,81.050003,81.230003,80.480003,81.209999,69.214890,3225200
2007-05-04,79.709999,81.699997,78.949997,81.430000,69.402374,2015400
2007-05-07,82.019997,82.180000,81.330002,82.059998,69.939331,2825400
2007-05-08,82.220001,82.599998,81.720001,81.970001,69.862625,2212200
2007-05-09,81.930000,82.440002,81.529999,82.150002,70.016068,1796100
2007-05-10,82.139999,82.480003,81.870003,82.150002,70.016068,2283100
2007-05-11,82.000000,83.690002,81.900002,83.500000,71.166649,4310300
2007-05-14,82.000000,83.650002,81.980003,83.500000,71.166649,2879400
2007-05-15,83.500000,84.050003,83.470001,83.550003,71.209267,2455200
2007-05-16,84.000000,85.160004,83.949997,84.860001,72.325790,4577300
2007-05-17,84.849998,85.449997,84.150002,85.000000,72.445091,2718400
2007-05-18,85.010002,85.250000,84.580002,85.070000,72.504761,1735100
2007-05-21,84.900002,84.989998,84.300003,84.430000,71.959305,2216800
2007-05-22,84.500000,84.680000,84.349998,84.589996,72.095665,1733800
2007-05-23,84.400002,84.809998,84.059998,84.470001,71.993362,1783700
2007-05-24,84.320000,85.000000,84.139999,84.480003,72.001900,2088200
2007-05-25,84.500000,84.879997,83.959999,83.980003,71.575775,2506900
2007-05-29,84.099998,84.349998,83.519997,84.209999,71.771805,2388500
2007-05-30,84.099998,84.739998,84.029999,84.400002,71.933701,2561700
2007-05-31,82.300003,83.050003,81.339996,81.410004,69.385361,12683700
2007-06-01,81.440002,82.250000,81.440002,81.779999,69.700691,7973300
2007-06-04,81.699997,81.889999,81.019997,81.220001,69.223412,4352100
2007-06-05,81.239998,81.570000,81.080002,81.440002,69.410942,5837900
2007-06-06,81.330002,81.760002,81.010002,81.449997,69.419411,5279600
2007-06-07,81.550003,82.230003,80.959999,81.029999,69.061462,5058300
2007-06-08,80.750000,81.900002,80.750000,81.559998,69.513206,3985800
2007-06-11,81.540001,81.550003,80.800003,81.309998,69.300148,3825100
2007-06-12,80.849998,81.480003,80.800003,80.930000,68.976265,2769000
2007-06-13,81.040001,81.389999,80.750000,81.370003,69.351280,5070400
2007-06-14,81.900002,82.000000,81.050003,81.230003,69.231934,2644300
2007-06-15,81.290001,81.730003,81.000000,81.040001,69.069992,4105600
2007-06-18,81.199997,81.449997,80.879997,81.000000,69.035927,3981900
2007-06-19,80.680000,81.099998,80.629997,80.989998,69.027382,2925200
2007-06-20,81.339996,81.900002,80.260002,80.339996,68.473404,7515900
2007-06-21,80.309998,80.400002,79.750000,80.230003,68.379654,6294400
2007-06-22,80.110001,80.180000,79.290001,79.510002,67.766014,3773400
2007-06-25,79.690002,80.419998,79.400002,80.080002,68.251801,3823000
2007-06-26,80.160004,81.070000,80.019997,80.760002,68.831375,3351200
2007-06-27,80.000000,80.830002,79.949997,80.599998,68.694969,2748100
2007-06-28,80.650002,81.180000,80.070000,80.370003,68.498955,2825500
2007-06-29,81.099998,81.099998,79.040001,79.830002,68.038742,3630500
2007-07-02,80.279999,81.269997,79.889999,81.070000,69.095581,2759300
2007-07-03,81.070000,81.230003,80.779999,81.040001,69.069992,1103700
2007-07-05,80.930000,81.870003,80.849998,81.699997,69.632492,3666300
2007-07-06,81.739998,82.669998,81.370003,82.230003,70.084229,2112600
2007-07-09,82.050003,82.389999,80.970001,81.519997,69.479103,2637300
2007-07-10,81.230003,81.980003,80.410004,80.440002,68.558617,3180800
2007-07-11,79.000000,81.010002,78.550003,81.000000,69.035927,2351100
2007-07-12,81.040001,82.250000,80.980003,82.230003,70.084229,2736300
2007-07-13,82.220001,82.220001,81.419998,81.779999,69.700691,1808100
2007-07-16,81.779999,82.379997,81.570000,82.010002,69.896744,2697400
2007-07-17,81.980003,82.180000,81.639999,81.949997,69.845573,2286100
2007-07-18,82.699997,83.400002,82.349998,83.070000,70.800163,4631900
2007-07-19,82.000000,82.260002,81.690002,81.849998,69.760368,2781900
2007-07-20,80.349998,83.550003,79.959999,81.199997,69.206367,3165800
2007-07-23,81.339996,81.900002,80.839996,81.589996,69.538765,1671600
2007-07-24,80.089996,83.459999,80.089996,82.169998,70.033089,4757100
2007-07-25,80.480003,80.480003,78.400002,79.989998,68.175117,7630300
2007-07-26,79.050003,79.709999,77.830002,78.150002,66.606865,5193300
2007-07-27,78.269997,78.500000,75.930000,75.930000,64.714760,4667700
2007-07-30,75.500000,75.919998,74.580002,75.500000,64.348274,5136000
2007-07-31,75.820000,76.150002,75.059998,75.120003,64.024429,5245400
2007-08-01,75.160004,75.639999,73.360001,74.449997,63.453358,8124100
2007-08-02,74.629997,75.940002,74.610001,75.839996,64.638092,4978400
2007-08-03,75.629997,76.820000,74.809998,75.050003,63.964756,5312300
2007-08-06,73.150002,76.650002,72.900002,76.300003,65.030136,8498600
2007-08-07,74.410004,77.510002,74.410004,76.889999,65.532967,4036500
2007-08-08,76.419998,77.709999,75.949997,77.309998,65.890945,4175900
2007-08-09,75.180000,77.029999,75.180000,75.779999,64.586906,5257600
2007-08-10,73.900002,77.750000,73.430000,77.019997,65.643784,3382400
2007-08-13,76.400002,78.389999,76.330002,77.769997,66.282990,3633400
2007-08-14,78.099998,78.279999,76.440002,76.970001,65.601135,3809600
2007-08-15,77.389999,79.830002,77.389999,78.389999,66.811447,6364800
2007-08-16,77.349998,78.389999,76.910004,78.040001,66.513138,5958200
2007-08-17,79.389999,79.660004,76.000000,79.550003,67.800095,4024800
2007-08-20,79.500000,79.529999,78.910004,79.050003,67.373924,1984400
2007-08-21,79.199997,79.309998,77.470001,77.620003,66.155144,4070200
2007-08-22,78.400002,78.750000,76.750000,77.440002,66.001762,4134300
2007-08-23,77.199997,77.720001,76.699997,77.370003,65.942078,2478900
2007-08-24,77.650002,78.379997,77.330002,78.180000,66.632416,1890400
2007-08-27,78.239998,78.629997,77.879997,78.089996,66.555725,2050400
2007-08-28,78.639999,78.800003,77.629997,78.000000,66.479019,3234100
2007-08-29,78.300003,79.160004,78.160004,79.150002,67.459183,2281100
2007-08-30,79.150002,79.949997,78.540001,79.669998,67.902374,2007800
2007-08-31,80.000000,80.739998,79.720001,80.589996,68.686462,2357000
2007-09-04,80.830002,82.019997,80.589996,81.680000,69.615494,2707300
2007-09-05,81.199997,81.610001,80.599998,81.000000,69.035927,3058800
2007-09-06,81.379997,81.379997,79.699997,79.760002,67.979065,4638000
2007-09-07,79.870003,79.870003,78.940002,79.059998,67.382462,3796600
2007-09-10,79.250000,79.769997,79.050003,79.239998,67.535873,2959300
2007-09-11,79.309998,79.989998,78.790001,79.720001,67.944992,2480000
2007-09-12,79.550003,80.269997,79.099998,79.230003,67.527344,3501500
2007-09-13,79.500000,80.239998,78.940002,79.580002,67.825661,3435800
2007-09-14,79.410004,79.620003,78.959999,79.320000,67.604057,4291000
2007-09-17,78.900002,79.360001,78.440002,79.059998,67.382462,2441500
2007-09-18,79.400002,80.720001,79.400002,80.669998,68.754669,3810600
2007-09-19,80.970001,80.970001,79.849998,79.919998,68.115440,3989300
2007-09-20,79.699997,80.239998,76.620003,79.169998,67.476212,3475300
2007-09-21,79.500000,80.040001,79.169998,79.889999,68.089882,4645200
2007-09-24,79.730003,81.089996,79.589996,80.730003,68.805801,2681700
2007-09-25,80.669998,81.550003,80.370003,80.660004,68.746147,5795900
2007-09-26,79.849998,80.089996,79.029999,79.559998,67.808624,3676400
2007-09-27,79.800003,79.889999,79.260002,79.650002,67.885307,1955000
2007-09-28,79.750000,80.010002,78.779999,78.919998,67.263130,4175200
2007-10-01,79.669998,79.669998,78.629997,78.949997,67.288712,2568900
2007-10-02,78.699997,78.769997,76.269997,77.430000,65.993225,4897300
2007-10-03,77.099998,77.160004,75.680000,76.559998,65.251717,4695800
2007-10-04,76.250000,78.629997,75.080002,78.320000,66.751755,4022900
2007-10-05,78.230003,78.690002,78.129997,78.459999,66.871101,3137800
2007-10-08,78.459999,79.290001,78.180000,78.910004,67.254623,1616800
2007-10-09,79.269997,79.650002,78.800003,79.650002,67.885307,2195900
2007-10-10,79.449997,80.360001,79.250000,80.139999,68.302933,2951700
2007-10-11,80.500000,80.580002,78.410004,78.559998,66.956299,3733800
2007-10-12,78.900002,79.750000,78.849998,79.589996,67.834175,2546900
2007-10-15,79.449997,79.470001,78.449997,78.959999,67.297241,2443900
2007-10-16,78.959999,79.120003,77.730003,78.489998,66.896667,2144900
2007-10-17,78.709999,79.260002,78.559998,78.889999,67.237564,2201500
2007-10-18,78.750000,80.029999,78.639999,79.660004,67.893837,2514500
2007-10-19,79.379997,79.839996,78.709999,78.779999,67.143814,2793600
2007-10-22,78.440002,78.779999,78.070000,78.690002,67.067123,2007100
2007-10-23,78.610001,79.669998,78.349998,79.480003,67.740440,2651100
2007-10-24,78.389999,79.209999,77.430000,78.339996,66.768791,3320600
2007-10-25,78.500000,79.150002,77.349998,78.639999,67.024498,2938500
2007-10-26,78.949997,78.949997,77.660004,78.699997,67.075623,2775100
2007-10-29,78.849998,79.629997,78.580002,79.080002,67.399513,2614600
2007-10-30,79.070000,79.620003,78.900002,79.019997,67.348373,2846100
2007-10-31,79.099998,79.470001,77.400002,79.230003,67.527344,8395400
2007-11-01,79.209999,79.529999,77.900002,78.059998,66.530159,3537600
2007-11-02,78.059998,78.379997,77.459999,78.309998,66.743225,2540800
2007-11-05,77.650002,79.220001,77.650002,78.720001,67.092705,2107100
2007-11-06,78.660004,79.010002,78.070000,79.010002,67.339844,1837400
2007-11-07,78.389999,79.400002,77.949997,78.050003,66.521660,2484000
2007-11-08,78.000000,79.230003,77.980003,79.029999,67.356895,3470500
2007-11-09,78.269997,80.739998,78.269997,79.900002,68.098381,4172300
2007-11-12,79.919998,81.239998,79.389999,80.900002,68.950668,3640600
2007-11-13,81.419998,81.599998,80.720001,81.589996,69.538765,3267300
2007-11-14,81.919998,82.139999,80.849998,81.599998,69.547287,2883800
2007-11-15,81.150002,82.000000,80.959999,81.160004,69.172287,2488100
2007-11-16,81.489998,82.180000,80.919998,81.629997,69.572853,3107000
2007-11-19,82.199997,82.800003,81.599998,81.989998,69.879692,2907100
2007-11-20,81.959999,82.879997,81.669998,82.209999,70.067207,2704000
2007-11-21,81.699997,82.750000,81.269997,81.269997,69.266029,2374800
2007-11-23,81.550003,81.900002,81.279999,81.760002,69.683647,1053300
2007-11-26,81.599998,83.000000,81.300003,82.150002,70.016068,2732400
2007-11-27,82.410004,83.730003,82.150002,83.629997,71.277428,3366000
2007-11-28,84.089996,84.500000,83.349998,83.779999,71.405304,3816100
2007-11-29,83.680000,84.889999,83.250000,84.300003,71.848465,2432700
2007-11-30,84.470001,84.949997,83.839996,84.209999,71.771805,3312200
2007-12-03,83.500000,84.989998,83.500000,84.239998,71.797325,2141100
2007-12-04,83.570000,84.750000,83.570000,83.860001,71.473457,2403000
2007-12-05,84.309998,84.629997,83.739998,84.470001,71.993362,2127900
2007-12-06,84.440002,86.199997,84.260002,86.110001,73.391121,2855700
2007-12-07,86.180000,87.320000,85.790001,85.970001,73.271820,2408000
2007-12-10,86.339996,86.339996,85.019997,85.779999,73.109894,1695500
2007-12-11,85.769997,86.320000,84.919998,84.919998,72.376900,3227300
2007-12-12,86.650002,86.650002,84.440002,84.750000,72.232025,4679200
2007-12-13,84.500000,86.760002,84.139999,86.629997,73.834320,4927400
2007-12-14,86.349998,87.750000,86.059998,86.160004,73.433769,3458600
2007-12-17,85.959999,86.500000,84.910004,84.959999,72.411011,3447500
2007-12-18,85.190002,86.290001,85.050003,86.129997,73.408180,3073300
2007-12-19,86.129997,87.029999,85.820000,86.570000,73.783188,1892000
2007-12-20,87.029999,88.559998,86.800003,88.489998,75.419571,3762700
2007-12-21,89.540001,89.949997,89.050003,89.459999,76.246315,5702100
2007-12-24,89.610001,89.949997,89.440002,89.720001,76.467964,1244900
2007-12-26,89.919998,89.930000,89.029999,89.570000,76.340088,1441600
2007-12-27,89.330002,89.360001,87.660004,87.739998,74.780357,1866700
2007-12-28,88.440002,88.690002,87.389999,88.099998,75.087196,1169400
2007-12-31,87.760002,88.209999,87.449997,87.730003,74.771858,1333800
2008-01-02,87.839996,88.029999,86.750000,87.000000,74.149696,3383000
2008-01-03,86.949997,88.309998,86.570000,88.000000,75.001976,2501400
2008-01-04,88.050003,88.650002,87.180000,87.570000,74.635506,3027600
2008-01-07,87.930000,89.320000,87.370003,89.279999,76.092918,2892800
2008-01-08,89.540001,90.000000,86.779999,88.480003,75.411095,4124600
2008-01-09,88.830002,88.830002,87.430000,88.230003,75.198006,4669900
2008-01-10,87.739998,89.580002,87.669998,88.370003,75.317345,4080200
2008-01-11,87.730003,88.529999,87.519997,87.629997,74.686623,4665400
2008-01-14,88.500000,88.500000,85.739998,86.330002,73.578636,4713600
2008-01-15,85.430000,85.830002,83.620003,83.760002,71.388237,6529800
2008-01-16,83.360001,85.040001,81.739998,83.459999,71.132553,7902300
2008-01-17,83.860001,83.940002,82.029999,82.410004,70.237656,4936400
2008-01-18,82.889999,84.110001,81.970001,82.879997,70.638214,4271700
2008-01-22,73.500000,82.320000,73.500000,78.750000,67.118248,7611700
2008-01-23,74.750000,76.220001,73.849998,75.849998,64.646614,11835600
2008-01-24,77.970001,77.970001,75.519997,76.620003,65.302856,6391900
2008-01-25,77.400002,77.500000,74.389999,74.690002,63.657921,6765900
2008-01-28,74.900002,76.199997,74.300003,76.019997,64.791481,4536600
2008-01-29,76.519997,76.760002,75.589996,76.480003,65.183540,3355500
2008-01-30,76.300003,78.379997,76.080002,77.470001,66.027313,5125300
2008-01-31,76.410004,78.510002,76.410004,78.199997,66.649490,5672500
2008-02-01,78.370003,78.959999,77.370003,78.919998,67.263130,3169200
2008-02-04,78.639999,79.290001,77.970001,78.800003,67.160843,2518000
2008-02-05,77.900002,79.099998,77.500000,78.559998,66.956299,3620200
2008-02-06,78.940002,79.820000,77.779999,78.919998,67.263130,4071200
2008-02-07,78.139999,79.040001,77.000000,77.620003,66.155144,4640800
2008-02-08,77.360001,77.360001,75.470001,76.629997,65.311371,3751000
2008-02-11,76.459999,76.849998,75.330002,75.639999,64.467613,3800900
2008-02-12,75.949997,76.220001,75.349998,75.879997,64.672188,4199400
2008-02-13,75.949997,75.949997,71.730003,74.419998,63.427826,11245400
2008-02-14,74.529999,75.199997,73.320000,73.709999,62.822670,4897600
2008-02-15,73.570000,75.089996,73.470001,75.070000,63.981785,4310800
2008-02-19,75.779999,76.190002,74.669998,75.010002,63.930695,2872800
2008-02-20,74.510002,75.300003,73.889999,74.989998,63.913639,2622800
2008-02-21,75.099998,75.330002,74.080002,74.230003,63.265900,2449300
2008-02-22,74.389999,74.779999,72.870003,73.930000,63.010170,3073800
2008-02-25,73.830002,74.879997,73.830002,74.580002,63.564178,2452300
2008-02-26,74.089996,74.930000,74.029999,74.470001,63.470421,2676500
2008-02-27,73.889999,74.529999,73.599998,73.750000,62.856773,6490900
2008-02-28,73.370003,73.449997,72.529999,72.650002,61.919250,4109400
2008-02-29,72.419998,72.419998,69.809998,70.080002,59.728844,6993000
2008-03-03,69.900002,71.059998,69.570000,70.800003,60.342506,3259400
2008-03-04,70.010002,71.730003,70.010002,70.709999,60.265770,3815300
2008-03-05,70.959999,72.029999,70.800003,71.440002,60.887966,3337500
2008-03-06,71.230003,71.669998,69.120003,69.190002,58.970303,4283200
2008-03-07,68.650002,68.989998,66.970001,67.120003,57.206062,5289200
2008-03-10,66.400002,67.410004,65.360001,65.919998,56.183300,8208200
2008-03-11,51.549999,52.150002,46.660000,47.259998,40.279469,54425800
2008-03-12,45.000000,47.779999,44.750000,46.450001,39.589111,32090100
2008-03-13,46.419998,48.799999,46.080002,47.459999,40.449932,19199700
2008-03-14,48.419998,48.419998,46.610001,47.090000,40.134579,8226300
2008-03-17,46.610001,48.660000,45.639999,48.330002,41.191429,7650600
2008-03-18,48.340000,49.180000,46.680000,47.139999,40.177189,10673700
2008-03-19,46.880001,47.549999,44.939999,44.959999,38.319195,14304900
2008-03-20,45.000000,46.169998,45.000000,45.840000,39.069210,9559200
2008-03-24,45.919998,46.520000,45.320000,45.959999,39.171486,5613600
2008-03-25,46.250000,46.279999,45.669998,45.799999,39.035114,6384200
2008-03-26,45.790001,46.009998,45.330002,45.560001,38.830566,5507700
2008-03-27,45.290001,45.790001,44.689999,44.849998,38.225437,5639100
2008-03-28,43.849998,44.520000,43.020000,43.230000,36.844727,7343700
2008-03-31,43.099998,44.669998,43.029999,44.130001,37.611794,7232100
2008-04-01,44.980000,46.720001,44.299999,46.410000,39.555019,8121900
2008-04-02,46.549999,46.549999,45.480000,45.980000,39.188522,6208600
2008-04-03,46.389999,46.869999,45.060001,46.230000,39.401611,5539400
2008-04-04,46.639999,46.639999,45.759998,46.200001,39.376049,5177700
2008-04-07,46.439999,46.439999,45.439999,45.799999,39.035114,7471800
2008-04-08,45.820000,47.430000,45.750000,46.570000,39.691395,8344700
2008-04-09,46.750000,46.799999,45.770000,46.110001,39.299335,6310500
2008-04-10,46.049999,46.869999,46.049999,46.340000,39.495373,3473300
2008-04-11,46.099998,46.959999,45.709999,46.000000,39.205570,4111300
2008-04-14,46.459999,47.480000,46.070000,47.369999,40.373234,4136300
2008-04-15,47.619999,49.250000,46.680000,48.889999,41.668713,6315700
2008-04-16,48.860001,49.380001,47.639999,48.220001,41.097675,4616900
2008-04-17,46.910000,48.869999,46.910000,48.340000,41.199944,2169000
2008-04-18,48.709999,49.220001,48.160000,48.439999,41.285175,3333300
2008-04-21,48.259998,49.250000,48.060001,48.330002,41.191429,5018300
2008-04-22,46.330002,47.090000,45.799999,46.549999,39.674339,8877300
2008-04-23,45.419998,50.680000,45.130001,49.939999,42.563622,14227500
2008-04-24,49.880001,50.740002,48.080002,49.000000,41.762470,4603800
2008-04-25,48.840000,51.380001,48.799999,51.070000,43.526722,5553200
2008-04-28,51.660000,51.660000,50.000000,50.099998,42.699986,3730000
2008-04-29,50.169998,50.759998,49.580002,49.860001,42.495434,6018700
2008-04-30,49.860001,50.369999,49.380001,49.750000,42.401680,3650100
2008-05-01,49.340000,50.980000,49.000000,50.939999,43.415913,4001200
2008-05-02,51.299999,52.299999,50.939999,51.330002,43.748322,5323700
2008-05-05,51.590000,52.720001,50.820000,52.029999,44.344921,4232700
2008-05-06,51.610001,52.220001,51.029999,51.830002,44.174469,2754600
2008-05-07,51.869999,52.599998,51.590000,52.099998,44.404587,4459800
2008-05-08,52.299999,53.880001,52.189999,52.509998,44.754032,5297700
2008-05-09,51.650002,52.820000,51.650002,52.730000,44.941521,3903800
2008-05-12,52.299999,53.330002,51.700001,52.520000,44.762550,2730000
2008-05-13,52.360001,52.450001,51.000000,51.189999,43.628994,3839900
2008-05-14,51.080002,51.430000,50.509998,50.939999,43.415913,6308200
2008-05-15,50.779999,50.959999,49.459999,49.880001,42.512478,6099900
2008-05-16,49.860001,51.630001,49.860001,51.529999,43.918781,5187300
2008-05-19,51.450001,51.950001,51.180000,51.599998,43.978436,4488000
2008-05-20,51.580002,53.080002,51.509998,52.439999,44.694363,6142500
2008-05-21,52.630001,54.470001,52.220001,53.689999,45.759724,5471400
2008-05-22,53.900002,56.240002,53.630001,55.450001,47.259762,6523000
2008-05-23,55.680000,56.250000,53.880001,53.939999,45.972801,6318900
2008-05-27,55.009998,55.500000,54.380001,54.990002,46.867725,7321500
2008-05-28,55.150002,55.700001,54.660000,55.480000,47.285339,5749400
2008-05-29,55.439999,56.810001,55.360001,56.660000,48.291039,3877100
2008-05-30,56.500000,56.779999,55.689999,55.820000,47.575119,4601600
2008-06-02,55.720001,56.270000,54.830002,55.240002,47.080780,4928900
2008-06-03,55.200001,55.590000,54.320000,54.549999,46.492710,3708100
2008-06-04,54.500000,55.340000,54.099998,54.970001,46.850666,5531800
2008-06-05,55.360001,57.060001,54.599998,56.480000,48.137650,6952600
2008-06-06,55.700001,56.950001,55.330002,55.439999,47.251251,4100500
2008-06-09,55.439999,55.470001,54.330002,55.279999,47.114876,3039200
2008-06-10,55.200001,55.220001,54.500000,54.580002,46.518261,2938800
2008-06-11,54.250000,54.740002,53.330002,53.549999,45.640404,4224900
2008-06-12,53.849998,54.000000,51.880001,52.459999,44.711407,5587500
2008-06-13,52.500000,54.080002,51.959999,53.810001,45.862007,5839600
2008-06-16,53.250000,53.410000,52.529999,53.139999,45.290962,2858400
2008-06-17,53.480000,53.869999,53.020000,53.029999,45.197220,2775900
2008-06-18,52.849998,53.139999,51.840000,51.959999,44.285278,3862400
2008-06-19,48.470001,50.900002,48.220001,49.279999,42.001114,10903300
2008-06-20,49.369999,49.439999,48.000000,48.299999,41.165871,7682300
2008-06-23,48.480000,49.509998,48.009998,49.099998,41.847679,4262200
2008-06-24,49.020000,49.450001,48.680000,49.000000,41.762470,4340900
2008-06-25,48.990002,49.770000,48.770000,48.950001,41.719845,3350600
2008-06-26,46.950001,49.790001,46.779999,47.779999,40.722664,4114200
2008-06-27,47.919998,48.669998,47.599998,48.080002,40.978355,5889800
2008-06-30,48.250000,48.860001,47.470001,47.660000,40.620384,3813500
2008-07-01,47.200001,48.029999,46.310001,46.599998,39.716938,5842700
2008-07-02,47.799999,49.490002,47.080002,47.150002,40.185734,5490700
2008-07-03,46.799999,46.799999,44.320000,44.980000,38.336231,5297600
2008-07-07,45.330002,46.430000,44.880001,45.799999,39.035114,5737500
2008-07-08,45.450001,46.880001,45.000000,46.779999,39.870373,3821700
2008-07-09,46.709999,48.419998,46.400002,47.549999,40.526638,3897800
2008-07-10,47.630001,47.720001,45.380001,45.919998,39.137394,4015700
2008-07-11,45.369999,45.410000,43.180000,44.869999,38.242481,5010700
2008-07-14,44.869999,45.619999,44.480000,44.939999,38.302143,4735800
2008-07-15,44.500000,45.209999,43.259998,44.400002,37.841915,3384600
2008-07-16,44.150002,45.200001,44.000000,44.930000,38.293625,2294800
2008-07-17,44.980000,46.270000,44.560001,46.070000,39.265240,4442600
2008-07-18,46.099998,46.619999,45.259998,46.250000,39.418648,3605400
2008-07-21,46.139999,46.549999,45.560001,45.660000,38.915802,2666700
2008-07-22,46.849998,49.840000,46.730000,48.750000,41.549385,6609300
2008-07-23,52.279999,53.779999,51.200001,53.169998,45.316536,10837200
2008-07-24,52.599998,52.849998,51.590000,52.330002,44.600613,4451800
2008-07-25,52.279999,53.230000,52.270000,52.900002,45.086422,3092900
2008-07-28,52.970001,53.790001,52.349998,52.759998,44.967094,3287600
2008-07-29,53.189999,53.310001,52.520000,53.000000,45.171631,2816600
2008-07-30,52.880001,53.509998,52.090000,52.910000,45.094936,3191300
2008-07-31,52.990002,53.639999,52.380001,52.450001,44.702892,6437200
2008-08-01,52.060001,52.389999,50.680000,51.570000,43.952877,4826700
2008-08-04,52.009998,54.189999,51.779999,53.540001,45.631893,4955800
2008-08-05,53.660000,55.250000,52.259998,55.020000,46.893280,4992100
2008-08-06,54.849998,55.000000,53.619999,53.790001,45.844975,3929100
2008-08-07,53.770000,54.630001,53.020000,53.939999,45.972801,3987900
2008-08-08,54.099998,56.029999,53.770000,55.830002,47.583649,4157900
2008-08-11,55.689999,56.689999,55.029999,56.290001,47.975697,3164900
2008-08-12,56.419998,57.000000,55.770000,56.090000,47.805244,2586000
2008-08-13,55.740002,56.139999,55.119999,55.730000,47.498417,2738900
2008-08-14,55.730000,56.500000,55.049999,56.099998,47.813766,2143700
2008-08-15,56.240002,57.730000,56.180000,57.570000,49.066639,4766000
2008-08-18,57.599998,57.860001,55.730000,55.959999,47.694447,3130600
2008-08-19,55.759998,56.310001,53.820000,54.470001,46.424526,4040900
2008-08-20,54.619999,54.619999,52.580002,53.250000,45.384716,3286800
2008-08-21,53.029999,53.930000,52.450001,53.650002,45.725651,2700500
2008-08-22,53.849998,54.759998,53.000000,54.490002,46.441566,2895000
2008-08-25,54.279999,54.500000,52.320000,52.560001,44.796638,2704200
2008-08-26,52.650002,53.070000,52.000000,52.490002,44.736988,2040200
2008-08-27,52.470001,52.720001,51.540001,52.430000,44.685848,2143800
2008-08-28,52.639999,53.160000,52.119999,53.060001,45.222797,2365600
2008-08-29,53.040001,53.970001,52.639999,52.790001,44.992664,2165100
2008-09-02,53.299999,54.430000,51.869999,52.270000,44.549465,3180400
2008-09-03,52.360001,52.939999,51.709999,52.799999,45.001183,1848700
2008-09-04,52.419998,52.680000,49.849998,50.240002,42.819313,4608500
2008-09-05,49.970001,49.970001,47.570000,49.020000,41.779510,5973300
2008-09-08,49.540001,51.020000,49.290001,50.939999,43.415913,4413800
2008-09-09,50.799999,52.209999,49.459999,49.549999,42.231224,4681700
2008-09-10,49.610001,50.160000,48.660000,49.169998,41.907356,3797000
2008-09-11,47.529999,50.330002,47.529999,50.099998,42.699986,4447500
2008-09-12,50.000000,51.250000,49.209999,51.139999,43.586372,3653200
2008-09-15,50.349998,50.939999,49.820000,50.080002,42.682953,4637800
2008-09-16,49.119999,50.419998,47.509998,49.230000,41.958496,5533600
2008-09-17,48.400002,49.160000,47.619999,47.700001,40.654484,5390200
2008-09-18,47.889999,48.630001,45.450001,47.619999,40.586292,5998800
2008-09-19,51.959999,52.110001,47.759998,48.020000,40.927208,5947400
2008-09-22,47.750000,47.950001,45.770000,46.119999,39.307854,2950000
2008-09-23,46.180000,47.200001,45.299999,45.360001,38.660110,2346500
2008-09-24,45.290001,46.000000,44.810001,45.639999,38.898754,2349500
2008-09-25,45.470001,47.480000,45.130001,47.360001,40.364712,3049700
2008-09-26,46.880001,48.349998,45.599998,46.689999,39.793671,4008900
2008-09-29,46.490002,46.490002,43.220001,44.459999,37.893047,4171600
2008-09-30,45.009998,47.180000,44.000000,46.770000,39.861851,3537000
2008-10-01,46.040001,48.130001,45.520000,47.500000,40.484024,3205700
2008-10-02,47.490002,47.500000,45.220001,45.509998,38.787941,2710500
2008-10-03,46.110001,46.110001,44.060001,44.459999,37.893047,2145400
2008-10-06,43.750000,45.430000,41.169998,42.009998,35.804924,4203300
2008-10-07,42.189999,42.990002,39.230000,39.349998,33.537811,3774300
2008-10-08,38.849998,41.950001,38.849998,40.439999,34.466827,4283400
2008-10-09,40.509998,41.110001,34.900002,36.500000,31.108786,10153300
2008-10-10,34.939999,37.000000,33.099998,35.299999,30.086029,7732300
2008-10-13,36.049999,41.980000,35.299999,41.799999,35.625942,4872300
2008-10-14,43.060001,45.310001,42.820000,44.070000,37.560661,6921400
2008-10-15,43.560001,43.980000,39.750000,39.830002,33.946918,4718500
2008-10-16,40.400002,41.439999,37.779999,39.919998,34.023621,5460000
2008-10-17,39.369999,42.119999,38.520000,40.299999,34.347485,4845700
2008-10-20,40.650002,42.099998,40.060001,41.980000,35.779362,2898400
2008-10-21,42.380001,43.970001,41.500000,41.849998,35.668549,4126400
2008-10-22,40.490002,40.980000,38.779999,39.799999,33.921352,6380700
2008-10-23,39.900002,42.180000,39.590000,41.150002,35.071941,7702100
2008-10-24,39.500000,41.450001,38.099998,40.400002,34.432728,4901500
2008-10-27,40.240002,41.220001,38.450001,38.509998,32.821892,5444500
2008-10-28,38.810001,40.330002,37.270000,40.330002,34.373074,5175500
2008-10-29,40.340000,40.340000,36.849998,36.970001,31.509354,6326900
2008-10-30,37.900002,37.900002,35.389999,37.139999,31.654251,5076600
2008-10-31,37.160000,39.200001,35.070000,38.869999,33.128708,6247400
2008-11-03,38.799999,40.139999,38.279999,39.750000,33.878742,3255600
2008-11-04,40.400002,40.700001,38.360001,39.590000,33.742363,4320800
2008-11-05,38.860001,40.509998,38.320000,38.509998,32.821892,3390300
2008-11-06,38.169998,39.180000,37.720001,38.020000,32.404270,5037300
2008-11-07,38.310001,39.259998,37.549999,38.709999,32.992348,2728500
2008-11-10,39.189999,39.639999,37.360001,37.889999,32.293453,2754100
2008-11-11,37.410000,37.730000,35.509998,36.240002,30.887184,6408500
2008-11-12,35.669998,35.919998,33.869999,34.189999,29.139973,5338700
2008-11-13,34.099998,35.500000,32.709999,35.500000,30.256479,6879600
2008-11-14,35.029999,36.619999,34.869999,35.240002,30.034878,3779400
2008-11-17,34.060001,35.400002,33.689999,34.060001,29.029177,3901000
2008-11-18,33.549999,34.520000,32.759998,33.980000,28.960993,5714800
2008-11-19,33.830002,34.740002,32.060001,32.110001,27.367201,4327800
2008-11-20,31.990000,32.590000,28.920000,29.440001,25.091566,5558400
2008-11-21,29.860001,30.340000,27.500000,30.080000,25.637041,8226500
2008-11-24,30.430000,32.849998,29.950001,31.860001,27.154125,5251600
2008-11-25,33.000000,34.200001,31.879999,33.930000,28.918385,4638700
2008-11-26,33.349998,35.090000,32.049999,34.619999,29.506460,2811200
2008-11-28,34.840000,35.779999,34.840000,35.599998,30.341717,1693400
2008-12-01,34.939999,36.380001,34.290001,34.340000,29.267820,5315600
2008-12-02,34.500000,35.450001,32.310001,33.709999,28.730875,4996300
2008-12-03,33.119999,34.360001,32.480000,34.139999,29.097359,3910700
2008-12-04,33.820000,34.740002,33.610001,34.169998,29.122923,4289200
2008-12-05,33.750000,36.330002,32.389999,36.000000,30.682623,5395400
2008-12-08,36.549999,37.709999,36.400002,36.770000,31.338903,3746500
2008-12-09,36.509998,37.439999,34.939999,35.520000,30.273535,3487800
2008-12-10,35.779999,36.689999,34.900002,35.619999,30.358753,2379600
2008-12-11,35.480000,37.619999,35.279999,36.660000,31.245138,4247100
2008-12-12,36.060001,37.250000,35.580002,36.619999,31.211046,4437100
2008-12-15,36.709999,37.459999,36.020000,37.099998,31.620148,5171500
2008-12-16,36.919998,39.680000,36.889999,39.480000,33.648621,5250400
2008-12-17,39.080002,39.750000,38.009998,38.810001,33.077572,3715900
2008-12-18,39.080002,40.630001,37.070000,40.369999,34.407166,4097600
2008-12-19,40.990002,42.840000,40.549999,42.259998,36.017990,7021000
2008-12-22,41.639999,42.240002,39.689999,40.490002,34.509430,4205700
2008-12-23,40.849998,41.560001,39.900002,40.169998,34.236702,2221900
2008-12-24,39.810001,40.910000,39.430000,40.500000,34.517963,730200
2008-12-26,40.770000,41.150002,40.119999,40.700001,34.688416,987400
2008-12-29,40.680000,40.680000,39.419998,40.459999,34.483860,2029500
2008-12-30,40.700001,43.119999,40.669998,43.110001,36.742443,2969400
2008-12-31,43.110001,43.970001,41.630001,42.130001,35.907204,3272000
2009-01-02,42.250000,44.070000,41.610001,43.849998,37.373146,3818300
2009-01-05,43.500000,44.650002,42.500000,44.470001,37.901566,4223900
2009-01-06,45.000000,45.299999,43.110001,43.980000,37.483944,3667100
2009-01-07,43.450001,44.410000,42.759998,44.049999,37.543598,3214700
2009-01-08,43.889999,44.430000,43.279999,43.669998,37.219738,2516500
2009-01-09,43.790001,43.830002,42.369999,42.560001,36.273674,2931500
2009-01-12,41.450001,42.509998,40.240002,40.959999,34.910015,4619500
2009-01-13,37.400002,39.450001,36.770000,38.810001,33.077572,12284400
2009-01-14,38.070000,38.200001,36.540001,36.880001,31.432648,5367700
2009-01-15,37.410000,38.380001,36.400002,37.849998,32.259377,5636800
2009-01-16,38.590000,38.900002,37.310001,37.889999,32.293453,3654500
2009-01-20,37.820000,38.430000,36.299999,36.380001,31.006510,4665500
2009-01-21,36.450001,37.820000,36.130001,37.730000,32.157097,4753300
2009-01-22,37.400002,39.650002,37.009998,39.230000,33.435551,6231600
2009-01-23,38.160000,40.709999,37.099998,40.130001,34.202610,4222500
2009-01-26,40.299999,41.660000,40.160000,41.209999,35.123085,3950400
2009-01-27,41.570000,43.160000,41.209999,42.619999,36.324833,5788000
2009-01-28,44.009998,46.119999,43.700001,44.500000,37.927143,7385600
2009-01-29,44.150002,44.200001,42.529999,42.689999,36.384480,4245000
2009-01-30,42.450001,42.759998,41.080002,41.450001,35.327644,4301000
2009-02-02,41.029999,43.560001,40.750000,42.840000,36.512318,2997900
2009-02-03,42.750000,44.500000,41.799999,44.270000,37.731117,3905800
2009-02-04,44.470001,44.520000,42.990002,43.439999,37.023705,2807000
2009-02-05,43.099998,44.900002,43.070000,44.709999,38.106125,5185500
2009-02-06,44.419998,46.029999,44.400002,45.709999,38.958405,4113800
2009-02-09,45.160000,46.490002,45.000000,46.099998,39.290817,3942000
2009-02-10,45.689999,46.099998,43.119999,43.439999,37.023705,6046100
2009-02-11,42.000000,44.099998,41.849998,43.790001,37.322006,4324100
2009-02-12,43.139999,43.939999,42.169998,43.590000,37.151554,5194300
2009-02-13,43.470001,44.180000,43.049999,43.750000,37.287922,3692300
2009-02-17,42.400002,43.299999,41.360001,41.889999,35.702652,4336900
2009-02-18,41.959999,41.959999,40.419998,40.790001,34.765129,4542300
2009-02-19,41.119999,42.470001,41.119999,41.259998,35.165703,5644000
2009-02-20,40.849998,41.610001,39.709999,41.450001,35.327644,5668900
2009-02-23,40.400002,40.610001,38.119999,39.320000,33.512249,10413000
2009-02-24,39.110001,41.130001,39.110001,40.840000,34.807747,4709000
2009-02-25,41.000000,41.000000,38.770000,39.119999,33.341789,8335200
2009-02-26,38.900002,39.130001,34.700001,35.340000,30.120123,13390600
2009-02-27,34.709999,36.279999,33.810001,33.919998,28.909851,9779700
2009-03-02,33.570000,33.869999,29.750000,30.100000,25.654087,18732900
2009-03-03,30.379999,31.940001,29.320000,30.639999,26.114323,10222000
2009-03-04,31.100000,33.970001,30.709999,32.830002,27.980856,9015500
2009-03-05,32.860001,33.810001,30.830000,31.049999,26.463760,8512700
2009-03-06,31.240000,32.459999,30.280001,31.410000,26.770597,7660300
2009-03-09,31.010000,31.990000,30.049999,31.030001,26.446732,4672300
2009-03-10,31.549999,33.840000,31.540001,33.720001,28.739399,6917000
2009-03-11,33.799999,35.130001,32.820000,33.389999,28.458136,7849900
2009-03-12,33.570000,36.150002,33.450001,35.799999,30.512180,5748000
2009-03-13,35.869999,37.189999,35.049999,36.799999,31.364466,7097300
2009-03-16,37.000000,37.549999,36.099998,36.200001,30.853090,5010900
2009-03-17,36.150002,37.349998,35.529999,37.259998,31.756521,5165800
2009-03-18,37.099998,39.119999,36.910000,38.020000,32.404270,5701200
2009-03-19,38.340000,38.750000,35.869999,36.139999,30.801949,6454100
2009-03-20,36.169998,36.430000,35.000000,35.369999,30.145681,5909300
2009-03-23,36.130001,37.680000,35.740002,37.669998,32.105968,3567800
2009-03-24,37.310001,37.840000,36.000000,36.049999,30.725241,3931800
2009-03-25,36.240002,37.000000,35.799999,36.630001,31.219576,4073100
2009-03-26,36.810001,38.470001,36.770000,38.009998,32.395741,5461200
2009-03-27,37.610001,37.610001,36.299999,36.419998,31.040600,5020500
2009-03-30,35.660000,36.450001,35.080002,35.730000,30.452513,4858800
2009-03-31,35.790001,38.939999,35.500000,37.970001,32.361652,6741700
2009-04-01,37.540001,38.270000,36.410000,37.959999,32.353130,4974700
2009-04-02,38.610001,40.389999,38.360001,39.830002,33.946918,6965500
2009-04-03,39.880001,40.630001,37.790001,38.439999,32.762218,4903500
2009-04-06,37.700001,40.080002,37.700001,38.740002,33.017906,5257600
2009-04-07,38.240002,40.299999,36.650002,39.619999,33.767937,6033500
2009-04-08,40.189999,40.880001,38.490002,39.340000,33.529297,4841100
2009-04-09,40.009998,40.900002,39.619999,40.340000,34.381596,3868600
2009-04-13,43.119999,44.000000,41.959999,43.580002,37.143024,8529100
2009-04-14,43.139999,43.389999,41.849998,42.770000,36.452663,5951700
2009-04-15,42.630001,44.939999,42.000000,44.200001,37.671459,5854300
2009-04-16,44.340000,44.990002,42.139999,43.220001,36.836189,3676300
2009-04-17,43.419998,43.430000,40.919998,42.410000,36.145847,6369300
2009-04-20,41.630001,42.840000,40.990002,41.430000,35.310596,4751400
2009-04-21,42.169998,42.650002,39.939999,41.759998,35.591850,5914900
2009-04-22,41.619999,42.529999,39.840000,41.980000,35.779362,5260400
2009-04-23,41.630001,42.299999,39.709999,41.279999,35.182747,4358800
2009-04-24,41.529999,42.060001,40.160000,40.939999,34.892982,5087400
2009-04-27,40.689999,41.320000,39.439999,40.189999,34.253735,6191300
2009-04-28,40.119999,43.119999,40.020000,42.020000,35.813457,6984100
2009-04-29,42.160000,43.740002,41.580002,42.970001,36.623131,6210900
2009-04-30,43.520000,43.880001,42.209999,42.759998,36.444145,4174900
2009-05-01,42.599998,42.720001,41.750000,42.380001,36.120270,2579100
2009-05-04,43.130001,43.820000,42.290001,43.820000,37.347572,3968700
2009-05-05,43.869999,44.970001,43.740002,44.900002,38.268066,3848000
2009-05-06,44.889999,45.590000,43.990002,45.540001,38.813526,3988400
2009-05-07,45.990002,48.580002,45.410000,47.480000,40.466988,6012400
2009-05-08,48.080002,49.410000,47.730000,48.860001,41.643143,5899300
2009-05-11,48.220001,48.360001,46.430000,47.250000,40.270958,4180100
2009-05-12,46.490002,47.150002,45.320000,46.480000,39.614685,4677800
2009-05-13,45.889999,47.060001,45.209999,46.509998,39.640259,4152800
2009-05-14,46.320000,47.380001,45.439999,46.860001,39.938553,2981200
2009-05-15,46.560001,48.490002,46.299999,46.880001,39.955593,4476800
2009-05-18,47.799999,48.070000,46.009998,48.000000,40.910168,4360200
2009-05-19,47.889999,48.650002,47.020000,47.070000,40.117538,3230600
2009-05-20,47.480000,48.049999,46.439999,46.529999,39.657284,5241400
2009-05-21,45.980000,47.099998,44.970001,45.389999,38.685684,3382700
2009-05-22,45.020000,45.570000,44.320000,44.750000,38.140205,2955600
2009-05-26,44.490002,46.560001,44.000000,46.189999,39.367523,4309200
2009-05-27,46.950001,47.459999,46.060001,46.320000,39.478317,4133400
2009-05-28,46.820000,47.860001,46.430000,46.779999,39.870373,5050900
2009-05-29,46.919998,47.110001,45.689999,46.570000,39.691395,5089800
2009-06-01,46.900002,47.790001,46.750000,47.470001,40.458450,3149000
2009-06-02,47.410000,48.970001,46.799999,48.560001,41.387455,3171800
2009-06-03,46.810001,48.830002,46.799999,48.560001,41.387455,4720900
2009-06-04,48.599998,49.189999,47.490002,48.029999,40.935749,3130000
2009-06-05,48.119999,48.540001,46.570000,47.810001,40.748226,3295700
2009-06-08,47.380001,47.740002,45.520000,46.139999,39.324898,4635800
2009-06-09,46.139999,46.480000,44.490002,45.500000,38.779434,6371600
2009-06-10,46.060001,46.270000,45.389999,46.020000,39.222626,4076500
2009-06-11,45.570000,46.029999,45.000000,45.590000,38.856129,5519000
2009-06-12,45.459999,47.700001,45.150002,46.720001,39.819229,4596600
2009-06-15,46.180000,46.639999,45.320000,45.730000,38.975464,3948000
2009-06-16,45.820000,48.060001,45.430000,47.049999,40.100502,5017000
2009-06-17,47.090000,48.689999,46.459999,48.150002,41.038040,4079500
2009-06-18,48.750000,50.880001,48.500000,50.740002,43.245461,6728200
2009-06-19,51.400002,52.000000,49.900002,50.930000,43.407391,10878400
2009-06-22,49.779999,50.000000,48.619999,48.820000,41.609047,5880000
2009-06-23,48.689999,49.900002,48.480000,48.830002,41.617565,5051300
2009-06-24,49.459999,50.000000,49.049999,49.360001,42.069290,4720700
2009-06-25,49.070000,51.630001,48.990002,50.730000,43.236938,5583500
2009-06-26,50.709999,51.549999,50.119999,51.340000,43.756844,4890400
2009-06-29,51.349998,51.759998,50.209999,51.450001,43.850578,3329400
2009-06-30,51.180000,51.570000,50.459999,50.889999,43.373302,4621100
2009-07-01,50.730000,52.279999,50.369999,51.250000,43.680130,5942300
2009-07-02,50.580002,50.779999,49.419998,49.750000,42.401680,4630000
2009-07-06,49.389999,50.250000,49.110001,50.000000,42.614761,3908000
2009-07-07,49.549999,52.070000,49.549999,51.209999,43.646038,8920200
2009-07-08,51.650002,51.650002,49.259998,50.279999,42.853401,7327300
2009-07-09,50.480000,51.340000,49.250000,50.180000,42.768173,4229600
2009-07-10,49.990002,51.080002,49.580002,49.810001,42.452831,3633500
2009-07-13,50.020000,50.459999,48.950001,49.779999,42.427246,4580600
2009-07-14,49.740002,50.480000,49.220001,49.700001,42.359074,4685900
2009-07-15,50.150002,50.150002,48.240002,49.770000,42.418732,5337100
2009-07-16,49.639999,50.549999,48.360001,49.939999,42.563622,5900900
2009-07-17,50.259998,50.910000,49.639999,49.990002,42.606243,5072000
2009-07-20,50.000000,50.169998,49.029999,49.939999,42.563622,4487900
2009-07-21,50.619999,50.740002,49.020000,49.459999,42.154530,5198100
2009-07-22,48.900002,50.560001,48.900002,49.520000,42.205658,4102000
2009-07-23,49.650002,52.299999,49.250000,52.000000,44.319347,5745200
2009-07-24,51.840000,52.619999,51.400002,52.540001,44.779591,2818200
2009-07-27,51.840000,53.310001,51.439999,52.139999,44.438671,3316300
2009-07-28,52.299999,54.939999,52.299999,54.380001,46.347820,6338400
2009-07-29,51.450001,52.950001,50.450001,51.279999,43.705692,13210400
2009-07-30,51.810001,54.840000,51.160000,51.759998,44.114807,6479400
2009-07-31,51.520000,53.450001,51.509998,52.639999,44.864819,5236100
2009-08-03,53.020000,53.770000,51.400002,53.330002,45.452919,4747900
2009-08-04,53.029999,53.520000,51.860001,52.160000,44.455708,4088500
2009-08-05,52.090000,52.200001,50.610001,50.799999,43.296597,4525100
2009-08-06,50.790001,51.250000,49.889999,50.540001,43.074997,3737500
2009-08-07,50.959999,51.869999,50.650002,51.400002,43.807983,3306200
2009-08-10,51.169998,51.950001,50.910000,51.900002,44.234119,3352000
2009-08-11,51.799999,52.570000,51.259998,51.349998,43.765362,2917600
2009-08-12,51.130001,51.869999,50.900002,51.410000,43.816513,3343800
2009-08-13,51.099998,52.880001,50.910000,52.799999,45.001183,2907500
2009-08-14,52.869999,53.230000,51.500000,52.189999,44.481281,2663000
2009-08-17,51.500000,55.090000,51.279999,53.700001,45.768253,7521000
2009-08-18,53.500000,54.150002,52.630001,53.540001,45.631893,2899200
2009-08-19,53.049999,53.430000,52.099998,53.200001,45.342110,3127700
2009-08-20,53.389999,54.980000,53.209999,54.220001,46.211441,3479600
2009-08-21,55.299999,55.480000,54.419998,54.639999,46.569405,4461100
2009-08-24,54.950001,54.950001,54.250000,54.759998,46.671688,2759100
2009-08-25,54.910000,55.730000,54.580002,55.470001,47.276821,4170500
2009-08-26,55.270000,55.529999,54.480000,54.720001,46.637589,3115000
2009-08-27,54.320000,55.110001,54.150002,54.959999,46.842140,2239000
2009-08-28,54.990002,55.040001,53.060001,53.720001,45.785309,4171000
2009-08-31,53.450001,54.509998,52.560001,52.849998,45.043804,4240000
2009-09-01,52.830002,53.009998,51.480000,51.529999,43.918781,5535600
2009-09-02,51.279999,54.430000,51.220001,53.369999,45.486996,5403400
2009-09-03,53.840000,54.000000,52.689999,53.549999,45.640404,2671100
2009-09-04,53.810001,54.619999,53.439999,54.169998,46.168831,2421200
2009-09-08,54.139999,54.169998,51.750000,51.840000,44.182987,6665300
2009-09-09,51.849998,52.970001,51.320000,52.840000,45.035275,6845800
2009-09-10,52.910000,54.180000,52.400002,54.180000,46.177361,4619500
2009-09-11,54.349998,54.720001,53.500000,54.029999,46.049511,2212400
2009-09-14,54.009998,55.000000,53.570000,54.119999,46.126213,3654600
2009-09-15,54.110001,54.139999,52.880001,53.160000,45.308006,4457200
2009-09-16,53.209999,54.889999,52.740002,54.860001,46.756920,3825200
2009-09-17,54.730000,54.919998,53.529999,54.480000,46.433041,4582400
2009-09-18,55.450001,55.450001,54.080002,54.400002,46.364853,5251800
2009-09-21,53.910000,54.950001,53.770000,54.790001,46.697266,2835600
2009-09-22,54.939999,55.000000,53.439999,53.700001,45.768253,4640300
2009-09-23,53.689999,53.689999,52.000000,52.060001,44.370487,4755500
2009-09-24,51.990002,52.490002,50.000000,50.160000,42.751125,7442200
2009-09-25,50.340000,51.070000,48.939999,49.599998,42.273849,6132600
2009-09-28,49.860001,50.720001,49.599998,50.049999,42.657375,3444400
2009-09-29,50.080002,50.419998,47.830002,49.279999,42.001114,10058300
2009-09-30,48.200001,48.919998,46.959999,47.360001,40.364712,9043500
2009-10-01,47.380001,48.160000,46.759998,46.880001,39.955593,6512600
2009-10-02,46.570000,46.900002,45.189999,45.919998,39.137394,7065700
2009-10-05,46.139999,47.049999,45.410000,46.709999,39.810707,5382100
2009-10-06,46.900002,46.970001,46.110001,46.590000,39.708424,3922800
2009-10-07,46.580002,48.150002,46.279999,47.660000,40.620384,4828400
2009-10-08,46.709999,46.750000,44.040001,44.720001,38.114658,15863000
2009-10-09,45.000000,46.939999,44.950001,46.330002,39.486843,11009600
2009-10-12,46.880001,47.090000,46.389999,46.529999,39.657284,3419900
2009-10-13,46.490002,46.889999,45.669998,46.320000,39.478317,7644300
2009-10-14,46.810001,47.849998,46.490002,47.619999,40.586292,5010600
2009-10-15,47.410000,47.700001,46.369999,46.610001,39.725468,5574400
2009-10-16,46.189999,46.689999,45.930000,46.160000,39.341949,4703700
2009-10-19,46.330002,46.869999,45.810001,45.860001,39.086266,7189200
2009-10-20,46.330002,46.590000,45.840000,46.040001,39.239677,4805100
2009-10-21,46.099998,46.389999,45.130001,45.259998,38.574879,4411200
2009-10-22,45.279999,46.590000,45.119999,46.020000,39.222626,4958100
2009-10-23,46.529999,46.750000,45.689999,46.029999,39.231144,4554300
2009-10-26,45.970001,46.299999,44.709999,45.049999,38.395905,4779800
2009-10-27,45.070000,46.970001,44.580002,46.700001,39.802193,7199600
2009-10-28,46.790001,47.500000,45.709999,46.290001,39.452747,5837800
2009-10-29,46.509998,47.770000,46.509998,47.500000,40.484024,5588000
2009-10-30,47.970001,47.970001,46.380001,46.759998,39.853321,5030300
2009-11-02,46.410000,48.080002,46.160000,47.610001,40.577782,3166200
2009-11-03,47.430000,48.500000,47.389999,48.430000,41.276657,3590000
2009-11-04,49.900002,52.189999,49.750000,49.950001,42.572159,9021200
2009-11-05,50.880001,51.049999,50.099998,50.900002,43.381824,3408200
2009-11-06,50.720001,51.279999,50.349998,51.000000,43.467052,4325700
2009-11-09,50.639999,52.450001,50.509998,52.360001,44.626179,3078800
2009-11-10,52.130001,52.700001,51.790001,52.360001,44.626179,2045800
2009-11-11,52.980000,53.599998,52.630001,53.389999,45.504040,3393600
2009-11-12,53.320000,53.619999,52.279999,52.500000,44.745499,2518100
2009-11-13,52.549999,53.000000,52.099998,52.410000,44.668789,3556900
2009-11-16,52.610001,53.680000,52.430000,52.860001,45.052326,4071600
2009-11-17,52.650002,52.980000,52.160000,52.560001,44.796638,2638900
2009-11-18,52.750000,52.750000,52.150002,52.410000,44.668789,2638700
2009-11-19,52.029999,52.299999,50.320000,52.139999,44.438671,5633900
2009-11-20,51.939999,52.259998,51.500000,52.139999,44.438671,3459400
2009-11-23,53.459999,54.770000,53.459999,54.520000,46.467140,4520300
2009-11-24,54.490002,55.259998,53.580002,55.160000,47.012600,5756700
2009-11-25,55.200001,55.410000,54.900002,55.099998,46.961472,2075400
2009-11-27,53.590000,54.590000,53.150002,54.240002,46.228485,1656200
2009-11-30,54.060001,54.509998,53.360001,54.029999,46.049511,3833300
2009-12-01,54.110001,55.270000,54.029999,54.790001,46.697266,3542700
2009-12-02,55.000000,55.169998,54.310001,54.610001,46.543846,2295300
2009-12-03,54.840000,55.040001,53.590000,53.660000,45.734154,3313300
2009-12-04,53.869999,55.139999,53.599998,53.880001,45.921665,3800700
2009-12-07,53.529999,55.980000,53.529999,54.790001,46.697266,4629800
2009-12-08,54.360001,56.770000,54.360001,55.759998,47.523991,5899300
2009-12-09,55.910000,57.119999,54.880001,55.330002,47.157497,7158200
2009-12-10,55.540001,57.779999,55.540001,57.430000,48.947315,6078100
2009-12-11,57.590000,57.900002,56.410000,56.509998,48.163208,4029800
2009-12-14,57.000000,58.200001,57.000000,57.680000,49.160385,5268900
2009-12-15,58.080002,59.599998,57.880001,59.160000,50.421780,10523600
2009-12-16,59.290001,60.720001,59.000000,59.610001,50.805309,11594000
2009-12-17,59.590000,59.590000,57.849998,58.900002,50.200195,6769700
2009-12-18,58.730000,58.810001,57.910000,58.310001,49.697342,10388800
2009-12-21,58.459999,60.889999,58.459999,60.009998,51.146236,11447000
2009-12-22,60.259998,60.580002,59.759998,60.360001,51.444542,6145600
2009-12-23,60.639999,60.770000,59.619999,60.000000,51.137707,4777100
2009-12-24,59.750000,60.180000,59.189999,59.360001,50.592243,1576900
2009-12-28,59.660000,60.000000,58.549999,59.180000,50.438828,3440700
2009-12-29,59.139999,59.590000,58.310001,58.570000,49.918926,3370500
2009-12-30,58.419998,58.779999,58.040001,58.759998,50.080868,2573500
2009-12-31,58.919998,58.939999,58.169998,58.290001,49.680290,1528400
2010-01-04,58.689999,59.810001,58.380001,59.750000,50.924644,4641800
2010-01-05,60.590000,61.250000,60.169998,60.400002,51.478634,8385500
2010-01-06,60.119999,61.529999,60.119999,61.380001,52.313881,6449100
2010-01-07,61.680000,63.779999,61.230000,63.660000,54.257118,6028900
2010-01-08,63.590000,64.070000,63.009998,63.939999,54.495739,5270900
2010-01-11,64.279999,64.879997,63.869999,64.309998,54.811104,4369600
2010-01-12,63.799999,64.309998,62.630001,63.459999,54.086651,5813100
2010-01-13,63.759998,65.010002,63.470001,64.970001,55.373615,5555800
2010-01-14,64.949997,66.480003,64.680000,66.220001,56.438988,5137400
2010-01-15,66.339996,67.230003,65.620003,66.650002,56.805470,7040100
2010-01-19,67.820000,69.489998,67.389999,68.059998,58.007225,12115500
2010-01-20,69.370003,70.000000,67.199997,67.680000,57.683353,14642100
2010-01-21,67.879997,68.360001,65.320000,65.500000,55.825336,8138200
2010-01-22,65.870003,66.779999,62.250000,65.099998,55.484425,6916000
2010-01-25,65.449997,66.459999,65.169998,65.550003,55.867950,5771700
2010-01-26,65.000000,65.099998,63.880001,63.880001,54.444630,7404900
2010-01-27,62.709999,65.330002,62.110001,64.620003,55.075333,9362400
2010-01-28,65.000000,66.470001,64.339996,64.419998,54.904854,8125600
2010-01-29,64.470001,64.750000,63.709999,63.720001,54.308250,4598900
2010-02-01,64.099998,64.879997,62.599998,64.199997,54.717361,3976300
2010-02-02,64.459999,65.180000,63.980000,65.050003,55.441799,4178500
2010-02-03,64.529999,65.129997,63.380001,64.070000,54.606552,3813900
2010-02-04,63.369999,64.150002,62.779999,62.830002,53.549709,4609000
2010-02-05,62.590000,63.070000,60.310001,61.689999,52.578094,8633700
2010-02-08,61.630001,62.660000,61.099998,61.650002,52.544006,5380200
2010-02-09,62.150002,62.290001,60.439999,61.450001,52.373547,7747100
2010-02-10,61.450001,61.590000,58.560001,60.009998,51.146236,10418700
2010-02-11,60.000000,60.580002,59.349998,60.520000,51.580898,5832300
2010-02-12,59.830002,59.849998,59.060001,59.330002,50.566673,5727000
2010-02-16,59.279999,59.570000,56.990002,58.459999,49.825172,9030900
2010-02-17,58.549999,61.090000,58.549999,59.700001,50.882030,9182300
2010-02-18,59.110001,59.880001,58.250000,59.110001,50.379162,6166400
2010-02-19,59.119999,59.270000,58.389999,58.470001,49.833691,5993500
2010-02-22,58.349998,59.779999,57.910000,59.439999,50.660431,8005200
2010-02-23,59.320000,59.759998,58.540001,59.009998,50.293941,5930200
2010-02-24,59.340000,60.369999,58.500000,60.139999,51.257042,6493800
2010-02-25,59.799999,61.610001,59.220001,61.450001,52.373547,15277300
2010-02-26,61.490002,62.990002,61.490002,61.869999,52.731495,7666100
2010-03-01,62.490002,63.459999,61.200001,62.060001,52.893463,6988200
2010-03-02,61.270000,62.889999,61.189999,61.900002,52.757080,5509600
2010-03-03,61.340000,62.700001,61.119999,62.360001,53.149136,4413200
2010-03-04,62.230000,62.230000,60.070000,61.230000,52.186043,8895200
2010-03-05,61.279999,62.310001,61.169998,62.250000,53.055378,4360700
2010-03-08,62.130001,62.750000,61.619999,61.959999,52.808220,4424000
2010-03-09,61.580002,62.070000,61.290001,61.430000,52.356503,3654300
2010-03-10,61.250000,62.919998,61.250000,62.480000,53.251408,6002200
2010-03-11,62.410000,63.730000,62.070000,63.549999,54.163368,6307100
2010-03-12,63.950001,63.950001,62.189999,62.580002,53.336636,5541500
2010-03-15,62.459999,62.560001,60.610001,61.520000,52.433201,6408200
2010-03-16,61.430000,62.020000,60.669998,61.970001,52.816742,4710100
2010-03-17,62.150002,62.380001,61.029999,61.939999,52.791168,6469400
2010-03-18,61.689999,64.300003,60.820000,63.820000,54.393478,10554100
2010-03-19,65.070000,65.839996,64.250000,65.070000,55.458839,12464700
2010-03-22,65.209999,66.330002,64.120003,64.389999,54.879295,8654700
2010-03-23,64.370003,64.529999,62.939999,63.610001,54.214508,5986200
2010-03-24,63.310001,64.169998,63.090000,63.400002,54.035519,5141200
2010-03-25,63.900002,64.260002,63.009998,63.590000,54.197441,3414400
2010-03-26,63.810001,63.910000,63.029999,63.049999,53.737217,3656500
2010-03-29,63.299999,64.379997,63.029999,64.190002,54.708832,4434200
2010-03-30,64.250000,65.150002,63.840000,64.690002,55.134987,3618400
2010-03-31,65.129997,65.209999,64.309998,64.379997,54.870762,5289300
2010-04-01,64.470001,64.839996,64.180000,64.709999,55.152027,3527900
2010-04-05,65.110001,65.570000,64.699997,65.339996,55.688976,2962700
2010-04-06,64.980003,65.809998,64.610001,64.610001,55.066803,3795700
2010-04-07,64.309998,64.580002,62.790001,63.259998,53.916203,7326800
2010-04-08,63.049999,63.209999,61.540001,62.090000,52.919014,7520400
2010-04-09,61.939999,62.049999,60.310001,61.259998,52.211597,7036700
2010-04-12,61.180000,61.639999,61.000000,61.340000,52.279793,4583700
2010-04-13,61.070000,61.400002,59.900002,60.180000,51.291130,6152100
2010-04-14,59.790001,60.000000,58.619999,58.959999,50.251331,7712600
2010-04-15,58.730000,58.900002,56.980000,58.580002,49.927444,11739900
2010-04-16,58.360001,59.349998,58.220001,59.080002,50.353600,8120100
2010-04-19,58.889999,60.770000,58.830002,60.549999,51.606476,6357600
2010-04-20,61.490002,61.490002,59.389999,59.840000,51.001343,6309900
2010-04-21,59.750000,60.020000,58.299999,58.639999,49.978596,4945000
2010-04-22,58.349998,58.560001,57.400002,58.410000,49.782562,4702800
2010-04-23,58.290001,58.320000,57.430000,57.980000,49.416084,6426100
2010-04-26,58.290001,58.410000,56.119999,56.560001,48.205822,7605100
2010-04-27,56.310001,57.020000,55.689999,55.919998,47.660351,6182500
2010-04-28,55.430000,58.189999,55.230000,57.450001,48.964348,8218100
2010-04-29,57.990002,59.930000,57.790001,59.080002,50.353600,7866500
2010-04-30,58.080002,58.139999,53.500000,53.799999,45.853481,18770900
2010-05-03,54.590000,54.900002,53.029999,53.520000,45.614845,8863200
2010-05-04,53.240002,53.529999,51.820000,52.599998,44.830734,8588500
2010-05-05,51.009998,52.900002,50.680000,52.529999,44.771069,6335300
2010-05-06,52.400002,53.340000,49.099998,51.299999,43.722755,6949900
2010-05-07,50.889999,51.520000,49.790001,50.939999,43.415913,6543500
2010-05-10,52.680000,53.000000,50.430000,51.139999,43.586372,8039100
2010-05-11,50.669998,52.810001,50.500000,52.110001,44.413109,5368700
2010-05-12,52.310001,54.060001,51.650002,54.040001,46.058041,5568300
2010-05-13,54.209999,54.209999,53.049999,53.160000,45.308006,4188400
2010-05-14,52.779999,53.180000,52.150002,53.090000,45.248352,3463900
2010-05-17,52.970001,53.689999,52.380001,53.520000,45.614845,3931000
2010-05-18,53.680000,54.400002,52.990002,53.080002,45.239838,4790500
2010-05-19,52.799999,53.720001,52.410000,53.400002,45.512554,4244900
2010-05-20,52.360001,52.779999,51.130001,51.169998,43.611954,6948000
2010-05-21,50.599998,51.570000,50.080002,51.250000,43.680130,6164200
2010-05-24,50.990002,51.720001,50.599998,51.099998,43.552299,4266300
2010-05-25,50.130001,50.869999,49.820000,50.700001,43.211369,5216500
2010-05-26,50.860001,51.680000,50.730000,50.889999,43.373302,5054300
2010-05-27,51.790001,52.029999,51.029999,51.720001,44.080708,3248900
2010-05-28,51.799999,51.840000,51.160000,51.299999,43.722755,2855400
2010-06-01,50.919998,51.720001,50.820000,51.049999,43.509666,3860100
2010-06-02,51.110001,52.410000,50.869999,52.369999,44.634693,4040200
2010-06-03,52.509998,54.560001,52.509998,54.450001,46.407463,6149300
2010-06-04,53.700001,56.340000,53.689999,54.139999,46.143265,8060500
2010-06-07,54.360001,55.480000,52.450001,53.570000,45.657455,8954700
2010-06-08,53.730000,54.279999,52.599998,53.270000,45.401760,6156200
2010-06-09,53.400002,53.900002,52.160000,52.310001,44.583561,4695400
2010-06-10,53.000000,53.330002,52.259998,52.790001,44.992664,4494200
2010-06-11,52.360001,53.279999,51.930000,52.650002,44.873352,3746400
2010-06-14,52.919998,53.889999,52.709999,53.099998,45.256878,3400800
2010-06-15,53.340000,54.080002,53.220001,54.029999,46.049511,3749900
2010-06-16,53.540001,54.950001,53.500000,54.709999,46.629063,4271900
2010-06-17,54.930000,55.130001,54.529999,55.049999,46.918846,3798000
2010-06-18,55.020000,55.349998,54.799999,55.220001,47.063740,6458200
2010-06-21,55.540001,55.980000,55.020000,55.240002,47.080780,4184100
2010-06-22,55.160000,55.560001,53.619999,53.720001,45.785309,5136200
2010-06-23,53.750000,53.779999,52.759998,53.029999,45.197220,4099900
2010-06-24,52.790001,53.320000,52.099998,52.369999,44.634693,3304700
2010-06-25,52.369999,52.820000,51.630001,51.750000,44.106274,7671700
2010-06-28,51.910000,51.980000,50.779999,50.790001,43.288078,3558800
2010-06-29,50.430000,50.630001,49.369999,49.570000,42.248283,5118000
2010-06-30,49.540001,49.709999,48.860001,48.930000,41.702805,4979300
2010-07-01,48.730000,48.730000,46.520000,47.790001,40.731194,7295600
2010-07-02,48.009998,48.090000,47.110001,47.430000,40.424351,3473700
2010-07-06,48.009998,48.619999,47.619999,48.110001,41.003929,3705200
2010-07-07,48.310001,49.000000,48.209999,48.910000,41.685760,3723500
2010-07-08,49.169998,49.880001,48.939999,49.869999,42.503967,3022300
2010-07-09,49.900002,51.180000,49.669998,51.169998,43.611954,3941800
2010-07-12,51.060001,51.349998,50.380001,51.279999,43.705692,3470000
2010-07-13,51.770000,51.939999,51.380001,51.610001,43.986954,3140600
2010-07-14,51.380001,51.990002,50.860001,51.970001,44.293789,2752100
2010-07-15,51.740002,53.160000,51.480000,53.150002,45.299496,4627400
2010-07-16,52.810001,53.189999,51.369999,51.389999,43.799442,4127700
2010-07-19,51.630001,52.730000,51.630001,52.490002,44.736988,3210000
2010-07-20,52.189999,52.779999,51.430000,52.610001,44.839249,3477400
2010-07-21,52.689999,52.910000,51.200001,51.490002,43.884686,3110100
2010-07-22,51.900002,52.750000,51.630001,52.459999,44.711407,2669100
2010-07-23,52.180000,52.459999,51.630001,51.990002,44.310837,2881600
2010-07-26,52.150002,53.189999,51.990002,53.189999,45.333580,2364000
2010-07-27,53.299999,53.869999,52.639999,52.799999,45.001183,3052800
2010-07-28,52.619999,52.799999,50.200001,50.830002,43.322170,5779600
2010-07-29,51.180000,51.459999,49.450001,49.880001,42.512478,5047900
2010-07-30,49.320000,51.040001,48.759998,50.720001,43.228405,4321900
2010-08-02,51.119999,52.099998,50.970001,52.009998,44.327881,4464700
2010-08-03,51.810001,53.840000,51.700001,53.240002,45.376202,5206200
2010-08-04,53.410000,54.349998,53.130001,54.240002,46.228485,4395900
2010-08-05,53.900002,55.060001,53.650002,54.959999,46.842140,3402900
2010-08-06,54.580002,55.139999,54.220001,55.049999,46.918846,3716600
2010-08-09,55.320000,55.700001,55.080002,55.139999,46.995567,2459500
2010-08-10,54.849998,55.459999,54.560001,55.020000,46.893280,3682600
2010-08-11,54.470001,54.500000,51.290001,51.310001,43.731274,14100100
2010-08-12,50.860001,51.950001,50.720001,51.580002,43.961380,3969500
2010-08-13,51.310001,52.040001,50.810001,51.790001,44.140381,2322600
2010-08-16,51.369999,51.799999,50.779999,51.619999,43.995480,2969800
2010-08-17,52.139999,52.610001,51.720001,52.380001,44.643230,2805700
2010-08-18,52.480000,52.619999,51.709999,51.980000,44.302296,2807900
2010-08-19,51.700001,51.709999,49.790001,50.119999,42.717033,3827000
2010-08-20,50.130001,50.290001,49.169998,49.889999,42.521008,3035600
2010-08-23,50.099998,50.779999,49.580002,49.639999,42.307938,2494600
2010-08-24,49.150002,49.939999,48.610001,49.680000,42.342045,4368100
2010-08-25,49.560001,51.509998,49.279999,51.040001,43.501152,4358000
2010-08-26,51.330002,52.290001,50.560001,50.639999,43.160233,3249400
2010-08-27,50.930000,51.200001,49.810001,50.869999,43.356255,2416900
2010-08-30,50.709999,50.910000,49.599998,49.599998,42.273849,1945300
2010-08-31,49.200001,50.580002,48.820000,49.660000,42.324982,3994600
2010-09-01,50.279999,51.049999,49.910000,50.880001,43.364777,3672300
2010-09-02,51.220001,51.820000,50.930000,51.820000,44.165936,2445200
2010-09-03,52.160000,53.270000,52.060001,53.250000,45.384716,3655600
2010-09-07,52.810001,52.950001,52.299999,52.400002,44.660267,2393600
2010-09-08,52.500000,53.090000,52.259998,52.910000,45.094936,2441800
2010-09-09,53.480000,54.639999,53.310001,54.529999,46.475655,4567900
2010-09-10,54.450001,55.250000,54.160000,54.830002,46.731350,3993900
2010-09-13,55.279999,55.759998,54.970001,55.369999,47.191582,4400400
2010-09-14,55.099998,55.840000,54.400002,55.450001,47.259762,3806900
2010-09-15,55.130001,55.330002,53.759998,54.639999,46.569405,4439500
2010-09-16,54.610001,54.750000,54.119999,54.700001,46.620537,3041200
2010-09-17,54.740002,55.220001,54.060001,54.060001,46.075089,5647800
2010-09-20,54.110001,55.209999,54.110001,54.959999,46.842140,4678600
2010-09-21,55.110001,56.430000,54.709999,55.750000,47.515453,4836300
2010-09-22,55.669998,56.860001,55.340000,56.639999,48.274002,4643700
2010-09-23,56.169998,57.419998,56.099998,56.500000,48.154682,3731000
2010-09-24,57.009998,57.490002,56.500000,56.689999,48.316608,4557900
2010-09-27,56.689999,56.770000,55.869999,55.880001,47.626251,3295300
2010-09-28,56.139999,56.349998,55.380001,56.230000,47.924561,3469500
2010-09-29,55.849998,56.259998,55.349998,56.130001,47.839336,3127400
2010-09-30,56.500000,57.160000,56.099998,56.639999,48.274002,4270400
2010-10-01,56.639999,56.910000,55.439999,56.110001,47.822281,4573400
2010-10-04,55.919998,55.919998,54.549999,54.880001,46.773956,3891900
2010-10-05,55.380001,55.740002,54.400002,55.250000,47.089317,5437500
2010-10-06,55.090000,55.439999,52.930000,54.340000,46.313728,7502100
2010-10-07,54.430000,55.220001,54.349998,55.060001,46.927372,4173600
2010-10-08,55.080002,55.400002,54.549999,55.009998,46.884762,1735900
2010-10-11,54.970001,55.750000,54.919998,55.389999,47.208633,2150200
2010-10-12,55.180000,55.759998,54.840000,55.660000,47.438747,2207800
2010-10-13,56.000000,57.020000,55.750000,56.799999,48.410355,4961400
2010-10-14,56.830002,58.130001,56.270000,57.060001,48.631977,4105100
2010-10-15,57.369999,57.900002,56.759998,57.779999,49.245605,3660300
2010-10-18,57.750000,58.389999,57.340000,58.389999,49.765522,2818900
2010-10-19,57.599998,57.689999,55.900002,56.110001,47.822281,4264000
2010-10-20,56.320000,57.570000,56.240002,57.220001,48.768333,3640900
2010-10-21,57.450001,57.490002,56.230000,56.630001,48.265472,2868400
2010-10-22,56.680000,57.700001,56.680000,57.540001,49.041069,1802000
2010-10-25,57.840000,58.330002,57.200001,57.259998,48.802418,2237500
2010-10-26,56.389999,56.639999,55.669998,55.939999,47.677395,3959800
2010-10-27,55.369999,55.630001,54.230000,54.910000,46.799538,3976900
2010-10-28,55.330002,55.389999,54.299999,54.610001,46.543846,2584400
2010-10-29,54.549999,55.009998,54.099998,54.340000,46.313728,2515800
2010-11-01,54.639999,55.189999,54.259998,54.720001,46.637589,3431400
2010-11-02,55.209999,56.410000,55.139999,55.750000,47.515453,4622500
2010-11-03,55.150002,57.740002,54.500000,56.049999,47.771141,7910700
2010-11-04,56.709999,57.040001,55.439999,56.709999,48.333652,7246400
2010-11-05,56.669998,58.009998,56.669998,57.349998,48.879128,4803100
2010-11-08,57.299999,58.820000,57.209999,58.680000,50.012688,4540000
2010-11-09,58.509998,58.700001,57.509998,57.740002,49.211521,4779400
2010-11-10,57.720001,58.950001,56.900002,58.900002,50.200195,3852000
2010-11-11,58.360001,58.840000,57.910000,58.590000,49.935982,3020800
2010-11-12,58.259998,58.810001,57.490002,58.080002,49.501297,3932300
2010-11-15,57.090000,58.040001,56.700001,57.180000,48.734238,4179100
2010-11-16,56.720001,57.020000,55.950001,55.990002,47.720016,4511900
2010-11-17,56.080002,56.650002,55.599998,56.450001,48.112064,3541800
2010-11-18,56.599998,57.000000,54.860001,56.320000,48.001274,4895500
2010-11-19,56.349998,58.720001,55.880001,58.610001,49.953022,9891200
2010-11-22,60.400002,61.000000,59.389999,59.970001,51.112129,12529100
2010-11-23,59.509998,60.090000,58.480000,58.520000,49.876328,6020500
2010-11-24,58.980000,59.480000,57.840000,57.860001,49.313801,4465300
2010-11-26,57.660000,58.270000,57.000000,57.099998,48.666054,2179700
2010-11-29,56.619999,57.270000,56.009998,57.070000,48.640491,3896400
2010-11-30,56.560001,56.740002,55.639999,55.740002,47.506939,7501600
2010-12-01,56.450001,57.430000,56.330002,56.490002,48.146172,5198400
2010-12-02,56.419998,58.560001,56.419998,58.439999,49.808125,6610000
2010-12-03,58.119999,58.119999,56.869999,57.020000,48.597874,5655000
2010-12-06,57.000000,57.130001,55.860001,55.939999,47.677395,3418200
2010-12-07,56.540001,56.570000,55.650002,55.750000,47.515453,4847700
2010-12-08,56.119999,56.529999,55.860001,56.529999,48.180241,3188800
2010-12-09,56.849998,56.970001,56.240002,56.709999,48.333652,4083700
2010-12-10,56.700001,57.740002,56.650002,57.680000,49.160385,3932800
2010-12-13,57.939999,59.689999,57.340000,57.529999,49.032539,6854000
2010-12-14,57.700001,58.299999,57.500000,58.110001,49.526878,3681200
2010-12-15,57.910000,58.009998,56.220001,56.320000,48.001274,4713000
2010-12-16,56.500000,57.070000,55.939999,56.020000,47.745571,4601100
2010-12-17,55.930000,56.020000,55.560001,55.930000,47.668877,5306300
2010-12-20,55.980000,56.470001,55.599998,56.099998,47.813766,2782700
2010-12-21,56.060001,57.779999,56.049999,56.560001,48.205822,3914000
2010-12-22,56.490002,57.180000,56.480000,57.119999,48.683105,1699400
2010-12-23,57.130001,57.509998,57.000000,57.439999,48.955822,2240800
2010-12-27,57.209999,57.310001,56.830002,57.150002,48.708672,1409900
2010-12-28,57.110001,57.320000,56.669998,56.990002,48.572300,1766300
2010-12-29,57.090000,57.180000,56.910000,56.910000,48.504124,1427300
2010-12-30,56.779999,57.080002,56.549999,56.610001,48.248432,1443600
2010-12-31,56.610001,56.990002,56.599998,56.860001,48.461502,1488500
2011-01-03,57.090000,58.029999,56.790001,57.950001,49.390514,2456500
2011-01-04,57.849998,58.400002,57.500000,58.330002,49.714382,2460300
2011-01-05,58.110001,58.540001,57.980000,58.480000,49.842220,2508400
2011-01-06,58.410000,59.680000,58.279999,59.520000,50.728615,2276000
2011-01-07,59.669998,60.529999,59.490002,60.459999,51.529762,3249500
2011-01-10,60.049999,61.590000,59.849998,61.130001,52.100803,3324500
2011-01-11,61.240002,62.209999,61.160000,61.869999,52.731495,2738600
2011-01-12,62.320000,62.340000,61.450001,61.930000,52.782646,1889200
2011-01-13,62.020000,62.259998,61.509998,61.810001,52.680370,2336200
2011-01-14,62.070000,63.849998,61.810001,63.549999,54.163368,3461000
2011-01-18,63.630001,63.630001,62.610001,62.970001,53.669033,2919700
2011-01-19,63.060001,63.060001,61.529999,62.060001,52.893463,2735300
2011-01-20,62.290001,62.660000,61.139999,61.560001,52.467297,2745700
2011-01-21,62.000000,62.250000,61.360001,61.450001,52.373547,2947900
2011-01-24,61.570000,61.939999,60.759998,60.990002,51.981476,2770400
2011-01-25,60.820000,62.240002,60.689999,61.700001,52.586620,3373600
2011-01-26,60.750000,63.480000,60.320000,62.549999,53.311066,5342800
2011-01-27,62.570000,64.970001,62.500000,64.360001,54.853725,4523500
2011-01-28,64.300003,64.300003,62.419998,62.660000,53.404827,2571300
2011-01-31,62.759998,63.380001,61.610001,62.119999,52.944580,4127200
2011-02-01,62.660000,63.980000,62.380001,63.750000,54.333820,3078200
2011-02-02,63.599998,64.629997,63.349998,64.480003,54.956005,2814400
2011-02-03,64.269997,65.500000,62.740002,64.389999,54.879295,4150800
2011-02-04,66.110001,67.300003,64.269997,65.070000,55.458839,4727000
2011-02-07,65.099998,65.099998,64.070000,64.110001,54.640652,3332400
2011-02-08,64.419998,65.430000,64.180000,65.279999,55.637825,2555200
2011-02-09,65.050003,65.419998,64.889999,65.250000,55.612263,3025600
2011-02-10,65.089996,65.750000,64.940002,65.360001,55.706013,2402900
2011-02-11,64.949997,65.970001,64.839996,65.250000,55.612263,1858000
2011-02-14,65.320000,66.110001,65.040001,65.940002,56.200329,3294500
2011-02-15,65.620003,66.279999,65.550003,65.940002,56.200329,1934200
2011-02-16,66.010002,66.730003,65.949997,66.370003,56.566830,2308100
2011-02-17,66.099998,67.349998,65.839996,67.209999,57.282764,2003400
2011-02-18,67.440002,67.949997,67.169998,67.400002,57.444687,2737400
2011-02-22,66.419998,67.419998,65.010002,65.290001,55.646347,5010500
2011-02-23,65.269997,66.190002,64.760002,64.930000,55.339539,4609900
2011-02-24,65.099998,66.389999,64.790001,66.089996,56.328178,2548200
2011-02-25,66.250000,67.099998,65.779999,66.519997,56.694679,2234400
2011-02-28,66.580002,67.019997,66.300003,66.470001,56.652054,4057700
2011-03-01,66.779999,67.000000,65.910004,65.980003,56.234451,2425700
2011-03-02,66.139999,67.779999,65.870003,66.809998,56.941853,2808200
2011-03-03,67.410004,69.410004,67.290001,68.800003,58.637901,3313200
2011-03-04,68.550003,68.550003,67.459999,67.989998,57.947563,3214600
2011-03-07,68.230003,69.000000,67.180000,67.910004,57.879383,3299300
2011-03-08,67.879997,68.750000,67.540001,68.330002,58.452511,3340000
2011-03-09,68.410004,69.559998,68.410004,69.400002,59.367840,2571800
2011-03-10,68.790001,68.839996,68.019997,68.449997,58.555172,3385400
2011-03-11,68.250000,68.820000,67.519997,67.980003,58.153122,3109900
2011-03-14,67.459999,67.650002,66.449997,66.970001,57.289112,3617600
2011-03-15,65.809998,67.940002,65.500000,67.410004,57.665524,4283500
2011-03-16,67.169998,67.610001,66.139999,66.459999,56.852844,4685000
2011-03-17,67.620003,67.650002,65.760002,65.989998,56.450779,4908200
2011-03-18,66.830002,67.139999,66.379997,66.650002,57.015366,5125500
2011-03-21,67.169998,67.830002,66.000000,67.089996,57.391762,3474900
2011-03-22,67.059998,68.110001,67.019997,67.470001,57.716831,3602300
2011-03-23,67.190002,67.190002,66.459999,67.040001,57.348991,2145600
2011-03-24,67.580002,68.830002,67.470001,68.769997,58.828911,2385700
2011-03-25,69.099998,70.000000,68.879997,69.339996,59.316502,3122600
2011-03-28,69.309998,69.489998,68.440002,68.959999,58.991440,2092400
2011-03-29,69.169998,69.669998,68.860001,69.349998,59.325085,2832600
2011-03-30,69.529999,69.959999,69.220001,69.650002,59.581715,2176400
2011-03-31,69.699997,69.959999,68.800003,69.790001,59.701496,2376200
2011-04-01,70.040001,70.750000,69.760002,70.750000,60.522694,2937100
2011-04-04,70.690002,71.000000,70.419998,70.610001,60.402924,1294100
2011-04-05,70.320000,70.320000,69.320000,69.480003,59.436291,2731900
2011-04-06,69.849998,69.889999,68.500000,68.849998,58.897358,2869100
2011-04-07,68.709999,69.730003,68.519997,69.070000,59.085556,2436900
2011-04-08,69.360001,69.690002,68.510002,68.949997,58.982891,2208200
2011-04-11,68.949997,69.669998,68.919998,69.250000,59.239521,1806800
2011-04-12,68.949997,69.900002,68.669998,69.739998,59.658695,2343700
2011-04-13,69.980003,70.239998,68.680000,69.150002,59.153976,2276800
2011-04-14,68.910004,69.629997,68.250000,69.510002,59.461956,2420600
2011-04-15,69.589996,69.980003,69.120003,69.410004,59.376400,2650100
2011-04-18,68.760002,68.830002,67.339996,68.059998,58.221554,2220600
2011-04-19,68.029999,69.230003,67.919998,68.980003,59.008560,1869000
2011-04-20,69.330002,69.959999,69.239998,69.389999,59.359291,2083400
2011-04-21,71.599998,72.790001,71.099998,72.269997,61.822964,4642600
2011-04-25,71.910004,72.260002,71.370003,72.209999,61.771671,1805400
2011-04-26,72.290001,73.389999,72.150002,72.970001,62.421787,3600000
2011-04-27,73.709999,75.739998,72.239998,75.540001,64.620262,5131100
2011-04-28,74.750000,76.629997,74.680000,76.550003,65.484276,3245700
2011-04-29,75.120003,76.949997,75.000000,76.790001,65.689583,3971700
2011-05-02,76.919998,78.199997,76.800003,77.180000,66.023201,4300000
2011-05-03,76.879997,77.550003,76.820000,77.199997,66.040321,2701900
2011-05-04,77.250000,77.500000,76.550003,77.199997,66.040321,3012700
2011-05-05,76.779999,78.589996,76.650002,77.489998,66.288391,3245000
2011-05-06,78.239998,78.809998,77.620003,77.959999,66.690437,2777500
2011-05-09,78.089996,79.910004,77.830002,79.800003,68.264473,3254600
2011-05-10,79.730003,79.970001,78.930000,79.820000,68.281563,2397600
2011-05-11,79.580002,79.940002,78.589996,79.410004,67.930847,2861500
2011-05-12,79.010002,80.000000,78.080002,80.000000,68.435562,2919200
2011-05-13,80.000000,81.800003,80.000000,80.250000,68.649399,5167100
2011-05-16,79.889999,80.919998,78.959999,80.760002,69.085693,3151700
2011-05-17,80.440002,80.599998,79.389999,79.980003,68.418442,2495100
2011-05-18,80.180000,81.400002,79.790001,81.320000,69.564735,2394100
2011-05-19,81.419998,81.919998,81.330002,81.779999,69.958244,2614100
2011-05-20,81.589996,81.690002,80.300003,80.529999,68.888962,2944000
2011-05-23,79.779999,79.989998,78.680000,79.139999,67.699883,2608800
2011-05-24,79.000000,79.110001,77.269997,77.540001,66.331177,4569500
2011-05-25,77.129997,77.650002,76.480003,76.739998,65.646820,3932400
2011-05-26,76.480003,77.680000,75.500000,77.419998,66.228516,3898500
2011-05-27,77.269997,78.110001,76.290001,77.580002,66.365387,3943600
2011-05-31,78.029999,78.470001,77.550003,78.169998,66.870079,2908900
2011-06-01,77.959999,78.199997,77.080002,77.169998,66.014633,2577800
2011-06-02,77.110001,78.139999,76.809998,78.000000,66.724663,2164200
2011-06-03,77.099998,77.419998,76.550003,76.680000,65.595490,2724800
2011-06-06,75.790001,76.190002,75.309998,75.440002,64.534714,2328600
2011-06-07,75.750000,76.970001,75.599998,76.180000,65.167763,2299500
2011-06-08,75.419998,76.059998,74.660004,75.519997,64.815865,3269900
2011-06-09,76.080002,78.000000,75.699997,77.750000,66.729797,3608100
2011-06-10,77.419998,77.440002,75.839996,76.339996,65.519661,2868300
2011-06-13,76.400002,76.949997,76.019997,76.129997,65.339401,2112200
2011-06-14,76.879997,78.480003,76.559998,77.739998,66.721207,2787800
2011-06-15,77.150002,78.029999,75.629997,76.180000,65.382332,2664900
2011-06-16,76.199997,76.449997,75.099998,76.269997,65.459564,2177800
2011-06-17,76.839996,77.040001,75.949997,76.239998,65.433823,3767900
2011-06-20,75.800003,78.760002,75.790001,78.690002,67.536568,2588800
2011-06-21,78.919998,79.930000,78.550003,79.250000,68.017189,2441000
2011-06-22,78.930000,79.690002,77.750000,77.809998,66.781281,2137000
2011-06-23,77.589996,77.860001,75.519997,77.720001,66.704048,2861200
2011-06-24,77.830002,77.980003,75.989998,77.330002,66.369316,3812800
2011-06-27,77.120003,77.980003,76.459999,77.769997,66.746948,2209800
2011-06-28,78.070000,79.419998,78.000000,79.089996,67.879883,2442400
2011-06-29,79.250000,79.669998,78.529999,79.209999,67.982864,1923400
2011-06-30,79.290001,79.809998,78.629997,78.769997,67.605217,2121300
2011-07-01,79.000000,80.900002,79.000000,80.790001,69.338898,2226600
2011-07-05,80.779999,80.779999,79.519997,80.220001,68.849701,1659100
2011-07-06,80.150002,80.709999,79.739998,79.970001,68.635139,1895200
2011-07-07,78.849998,80.080002,78.000000,78.269997,67.176064,4359800
2011-07-08,77.769997,78.110001,76.739998,78.000000,66.944359,2802400
2011-07-11,76.660004,76.720001,74.769997,75.209999,64.549789,4119900
2011-07-12,75.070000,76.860001,75.059998,75.949997,65.184921,2984600
2011-07-13,76.150002,77.610001,76.070000,76.680000,65.811470,2144200
2011-07-14,76.949997,77.239998,76.370003,76.559998,65.708443,2554700
2011-07-15,76.959999,76.959999,74.779999,74.900002,64.283752,4013200
2011-07-18,74.500000,75.080002,73.500000,74.250000,63.725876,3534100
2011-07-19,74.489998,74.489998,73.050003,73.540001,63.116512,4924000
2011-07-20,74.169998,74.279999,72.790001,73.650002,63.210922,3458000
2011-07-21,74.269997,75.690002,74.129997,74.650002,64.069191,3220200
2011-07-22,74.500000,74.900002,73.980003,74.410004,63.863201,2104200
2011-07-25,73.599998,74.580002,73.510002,73.809998,63.348240,2335300
2011-07-26,74.010002,74.419998,73.400002,73.559998,63.133678,2799600
2011-07-27,71.190002,71.260002,68.349998,68.699997,58.962528,9837300
2011-07-28,68.559998,69.190002,68.019997,68.389999,58.696468,5837900
2011-07-29,67.720001,68.019997,66.680000,67.550003,57.975536,4887400
2011-08-01,68.320000,68.550003,64.279999,65.440002,56.164604,8066800
2011-08-02,64.910004,65.599998,63.939999,63.939999,54.877201,4338500
2011-08-03,64.120003,64.800003,62.150002,64.730003,55.555241,6235000
2011-08-04,63.630001,64.550003,62.230000,62.259998,53.435322,5871900
2011-08-05,62.910000,63.049999,60.770000,61.950001,53.169266,4979500
2011-08-08,60.189999,60.950001,56.939999,57.009998,48.929451,7367600
2011-08-09,58.320000,60.380001,56.610001,60.250000,51.710228,6318100
2011-08-10,59.099998,59.849998,57.080002,57.259998,49.144035,4649600
2011-08-11,57.459999,61.389999,56.939999,60.709999,52.105019,6217100
2011-08-12,61.439999,61.660000,59.730000,60.380001,51.821793,4288000
2011-08-15,61.040001,62.320000,60.630001,62.290001,53.461067,2782700
2011-08-16,61.709999,62.709999,60.910000,62.049999,53.255100,3237000
2011-08-17,62.360001,63.029999,61.139999,61.790001,53.031960,1852900
2011-08-18,60.119999,60.380001,58.320000,58.930000,50.577339,4575500
2011-08-19,58.570000,60.240002,57.799999,58.090000,49.856377,3773700
2011-08-22,59.410000,59.889999,57.439999,57.570000,49.410080,2592600
2011-08-23,57.900002,59.540001,57.080002,59.480000,51.049358,3512100
2011-08-24,58.869999,60.779999,58.540001,60.740002,52.130772,2599200
2011-08-25,60.930000,61.500000,59.330002,59.580002,51.135185,2097400
2011-08-26,59.240002,60.830002,57.700001,60.430000,51.864704,1824900
2011-08-29,61.160000,62.439999,61.000000,62.419998,53.572655,2003700
2011-08-30,62.380001,63.209999,61.650002,62.779999,53.881622,3128300
2011-08-31,63.139999,64.989998,62.759998,63.299999,54.327919,3634900
2011-09-01,64.099998,65.820000,63.430000,63.500000,54.499577,4226300
2011-09-02,62.320000,63.209999,62.060001,62.189999,53.375252,3095900
2011-09-06,60.169998,62.279999,59.740002,61.900002,53.126350,3259200
2011-09-07,62.759998,64.419998,62.500000,64.139999,55.272087,3098600
2011-09-08,63.619999,64.790001,63.110001,63.180000,54.444817,2842200
2011-09-09,62.549999,63.110001,61.169998,61.810001,53.264229,3247200
2011-09-12,61.009998,63.389999,60.779999,63.380001,54.617168,3826200
2011-09-13,63.689999,66.650002,63.500000,65.889999,56.780140,6461400
2011-09-14,66.349998,67.320000,64.500000,66.480003,57.288567,4228100
2011-09-15,67.099998,67.430000,65.300003,67.349998,58.038284,3693300
2011-09-16,67.660004,67.830002,66.099998,67.699997,58.339890,4530500
2011-09-19,66.370003,67.419998,66.019997,67.099998,57.822857,1988300
2011-09-20,67.599998,68.830002,65.889999,67.260002,57.960724,3428500
2011-09-21,67.320000,67.510002,65.070000,65.139999,56.133842,2047500
2011-09-22,63.270000,65.059998,62.840000,63.630001,54.832603,4311200
2011-09-23,63.450001,64.690002,62.970001,64.050003,55.194546,3632600
2011-09-26,64.650002,66.000000,63.889999,65.809998,56.711197,3972000
2011-09-27,66.980003,67.989998,66.129997,67.059998,57.788380,3549500
2011-09-28,67.000000,67.279999,64.760002,64.830002,55.866699,2850700
2011-09-29,66.260002,66.760002,63.840000,65.370003,56.332031,3115900
2011-09-30,65.370003,66.940002,64.489998,65.279999,56.254478,4245500
2011-10-03,65.430000,66.309998,61.830002,62.320000,53.703724,3898300
2011-10-04,61.340000,63.200001,60.439999,63.029999,54.315559,3300000
2011-10-05,62.990002,64.139999,62.720001,63.950001,55.108356,3318700
2011-10-06,64.059998,64.959999,63.599998,64.959999,55.978733,2681600
2011-10-07,65.209999,66.500000,64.260002,65.790001,56.693954,3391200
2011-10-10,66.779999,67.709999,66.230003,67.529999,58.193394,2668200
2011-10-11,67.139999,67.589996,66.739998,66.989998,57.728046,2734600
2011-10-12,67.489998,68.250000,66.970001,67.000000,57.736668,3440200
2011-10-13,66.570000,66.900002,65.510002,66.050003,56.918018,2219100
2011-10-14,66.930000,67.309998,66.250000,67.070000,57.797005,1686300
2011-10-17,66.400002,66.919998,65.459999,65.610001,56.538845,2196700
2011-10-18,64.769997,64.769997,62.570000,64.059998,55.203148,5194500
2011-10-19,64.330002,66.199997,64.209999,64.900002,55.927021,3349500
2011-10-20,64.779999,65.400002,64.129997,65.250000,56.228622,2494000
2011-10-21,65.959999,67.059998,65.750000,66.650002,57.435059,2494600
2011-10-24,67.029999,68.599998,67.029999,68.449997,58.986195,2501100
2011-10-25,68.019997,68.709999,66.839996,67.000000,57.736668,3074800
2011-10-26,68.059998,70.199997,67.400002,69.580002,59.959972,4508300
2011-10-27,71.230003,71.779999,69.570000,70.580002,60.821724,3067000
2011-10-28,70.529999,70.529999,68.410004,68.680000,59.184406,3517400
2011-10-31,68.050003,70.070000,68.050003,68.900002,59.373993,2537600
2011-11-01,66.989998,67.709999,66.290001,66.790001,57.555695,2713800
2011-11-02,68.029999,68.500000,67.589996,67.989998,58.589790,2199100
2011-11-03,68.620003,68.739998,67.309998,67.839996,58.460526,2140300
2011-11-04,67.199997,67.519997,66.239998,67.419998,58.098606,1296000
2011-11-07,67.190002,68.209999,66.940002,68.099998,58.684578,1462900
2011-11-08,68.419998,69.050003,67.279999,68.830002,59.313660,1908900
2011-11-09,67.739998,67.910004,66.820000,66.959999,57.702202,2195300
2011-11-10,67.580002,68.790001,67.279999,68.570000,59.089603,2359500
2011-11-11,69.480003,71.250000,69.480003,70.750000,60.968201,2729900
2011-11-14,70.519997,71.300003,69.760002,70.300003,60.580406,2057000
2011-11-15,70.139999,70.449997,68.739998,70.040001,60.356358,2091200
2011-11-16,69.239998,69.360001,68.070000,68.139999,58.719051,2726400
2011-11-17,68.150002,69.220001,67.779999,68.260002,58.822468,4596600
2011-11-18,68.800003,68.989998,67.760002,68.519997,59.046520,2522900
2011-11-21,67.379997,67.500000,66.230003,67.010002,57.745281,2612800
2011-11-22,66.849998,67.709999,66.099998,66.849998,57.607395,2379100
2011-11-23,66.139999,66.269997,64.209999,64.230003,55.349640,2972600
2011-11-25,64.059998,64.660004,63.680000,63.700001,54.892933,1114600
2011-11-28,65.190002,66.639999,64.970001,66.070000,56.935246,2042100
2011-11-29,66.220001,67.639999,66.000000,67.419998,58.098606,3043300
2011-11-30,69.250000,70.589996,67.680000,70.550003,60.795853,2740800
2011-12-01,70.190002,71.080002,69.970001,70.080002,60.390835,2063900
2011-12-02,70.699997,70.699997,68.550003,68.910004,59.382603,2433900
2011-12-05,70.029999,70.720001,68.260002,68.510002,59.037880,3419800
2011-12-06,68.389999,68.790001,67.500000,68.209999,58.779377,2743800
2011-12-07,67.779999,68.910004,66.930000,68.510002,59.255058,3193800
2011-12-08,68.059998,68.220001,65.870003,66.080002,57.153355,3144900
2011-12-09,66.419998,67.029999,65.970001,66.500000,57.516605,2961400
2011-12-12,66.180000,66.559998,65.000000,65.389999,56.556549,2174100
2011-12-13,65.580002,66.519997,64.339996,64.639999,55.907871,3042800
2011-12-14,64.139999,64.820000,63.419998,63.520000,54.939171,3211000
2011-12-15,64.570000,65.379997,63.919998,64.500000,55.786781,4174800
2011-12-16,65.110001,65.730003,64.519997,64.949997,56.175995,5638900
2011-12-19,65.040001,65.279999,63.540001,63.639999,55.042961,2702900
2011-12-20,64.610001,65.599998,64.440002,65.470001,56.625748,2586200
2011-12-21,65.190002,65.830002,64.800003,65.680000,56.807373,2108500
2011-12-22,65.930000,67.169998,65.839996,66.779999,57.758778,1669600
2011-12-23,67.190002,68.129997,66.989998,68.050003,58.857212,1537200
2011-12-27,68.029999,68.459999,67.580002,67.930000,58.753433,1272700
2011-12-28,67.769997,67.870003,66.470001,66.519997,57.533905,1274700
2011-12-29,66.489998,67.470001,66.379997,66.870003,57.836639,1096100
2011-12-30,66.650002,66.830002,66.250000,66.250000,57.300388,1100200
2012-01-03,67.540001,67.900002,67.080002,67.610001,58.476673,1734600
2012-01-04,67.389999,68.220001,67.169998,67.980003,58.796684,1573300
2012-01-05,67.720001,68.660004,67.339996,68.510002,59.255058,2034500
2012-01-06,68.599998,71.489998,68.500000,70.730003,61.175186,3410800
2012-01-09,70.720001,71.269997,70.410004,71.180000,61.564381,1869200
2012-01-10,71.680000,72.699997,71.360001,72.209999,62.455280,2203500
2012-01-11,72.000000,72.919998,71.269997,72.570000,62.766621,1958100
2012-01-12,72.570000,72.790001,71.610001,71.809998,62.109280,1843300
2012-01-13,71.349998,72.150002,70.989998,71.910004,62.195766,2111100
2012-01-17,72.430000,73.360001,72.430000,72.739998,62.913647,2308200
2012-01-18,72.779999,73.089996,72.059998,72.169998,62.420654,2706800
2012-01-19,71.629997,72.449997,70.320000,71.930000,62.213085,4247700
2012-01-20,72.139999,72.279999,70.489998,71.779999,62.083355,2579100
2012-01-23,71.750000,72.519997,71.040001,71.180000,61.564381,2108500
2012-01-24,71.180000,71.339996,69.000000,69.400002,60.024841,4798500
2012-01-25,64.580002,66.930000,63.720001,66.099998,57.170635,13315300
2012-01-26,65.970001,66.940002,63.480000,64.300003,55.613815,6097100
2012-01-27,64.000000,65.809998,64.000000,65.419998,56.582489,3986600
2012-01-30,64.889999,65.050003,64.059998,64.430000,55.726242,3915800
2012-01-31,64.629997,65.599998,64.070000,64.320000,55.631111,4552200
2012-02-01,64.800003,66.430000,64.730003,66.129997,57.196583,4179000
2012-02-02,65.989998,65.989998,64.510002,65.160004,56.357632,3842000
2012-02-03,65.660004,65.660004,63.599998,65.070000,56.279774,5173700
2012-02-06,64.760002,65.480003,63.849998,64.370003,55.674347,2673800
2012-02-07,64.040001,65.050003,64.000000,65.000000,56.219242,2531300
2012-02-08,64.879997,66.010002,64.699997,64.830002,56.072208,3690500
2012-02-09,65.059998,65.129997,64.500000,64.650002,55.916519,2819600
2012-02-10,64.230003,64.430000,63.900002,64.169998,55.501358,2876100
2012-02-13,64.510002,65.059998,64.250000,64.660004,55.925167,1487000
2012-02-14,64.599998,65.709999,64.580002,65.690002,56.816021,3096400
2012-02-15,65.910004,66.239998,65.000000,65.150002,56.348980,2828800
2012-02-16,65.349998,66.370003,65.160004,66.230003,57.283085,2449000
2012-02-17,66.470001,66.879997,65.849998,66.050003,57.127399,2027700
2012-02-21,66.599998,66.989998,66.029999,66.389999,57.421478,2808100
2012-02-22,66.500000,66.720001,65.629997,66.099998,57.170635,1676600
2012-02-23,65.980003,66.339996,65.669998,66.220001,57.274437,1789500
2012-02-24,66.260002,66.519997,65.669998,66.110001,57.179287,2875900
2012-02-27,65.750000,66.540001,65.599998,65.790001,56.902512,2856200
2012-02-28,65.760002,66.169998,64.900002,65.540001,56.686287,1996200
2012-02-29,65.570000,65.879997,65.089996,65.629997,56.764130,3079600
2012-03-01,65.769997,66.430000,65.720001,66.230003,57.283085,2199900
2012-03-02,66.099998,66.199997,65.720001,65.779999,56.893879,2032500
2012-03-05,65.519997,66.139999,64.879997,65.190002,56.383583,2479300
2012-03-06,64.790001,65.419998,63.930000,64.339996,55.648392,2246100
2012-03-07,64.370003,64.370003,63.750000,63.840000,55.464199,2059400
2012-03-08,64.250000,64.750000,64.080002,64.410004,55.959431,1882100
2012-03-09,64.510002,64.989998,64.139999,64.879997,56.367764,3153900
2012-03-12,64.879997,64.989998,63.930000,64.010002,55.611912,2655200
2012-03-13,64.190002,65.129997,63.340000,65.050003,56.515461,3206000
2012-03-14,65.220001,67.529999,65.110001,67.220001,58.400764,5968600
2012-03-15,67.250000,67.400002,66.599998,66.940002,58.157509,3712800
2012-03-16,67.430000,68.059998,67.050003,67.330002,58.496330,7674100
2012-03-19,67.050003,67.750000,67.050003,67.669998,58.791718,2346400
2012-03-20,67.250000,67.629997,66.620003,66.860001,58.087978,2149500
2012-03-21,66.839996,66.870003,66.330002,66.349998,57.644905,2451600
2012-03-22,65.809998,66.739998,65.620003,66.389999,57.679657,2724500
2012-03-23,66.419998,66.709999,66.000000,66.680000,57.931614,2060400
2012-03-26,67.139999,68.699997,66.959999,68.629997,59.625771,3337900
2012-03-27,68.540001,68.690002,67.300003,68.379997,59.408566,4223000
2012-03-28,68.160004,70.139999,67.989998,70.000000,60.816029,6151000
2012-03-29,69.370003,72.139999,69.290001,71.620003,62.223488,7793800
2012-03-30,71.860001,74.730003,71.690002,73.800003,64.117462,7136100
2012-04-02,73.629997,73.800003,72.830002,72.949997,63.379005,3552100
2012-04-03,72.830002,73.349998,72.489998,72.639999,63.109650,3210800
2012-04-04,72.309998,72.529999,71.660004,72.120003,62.657883,3293200
2012-04-05,71.660004,72.419998,71.449997,72.379997,62.883770,2283900
2012-04-09,71.180000,71.480003,70.529999,70.529999,61.276501,2879600
2012-04-10,70.169998,70.459999,69.120003,69.269997,60.181816,3338600
2012-04-11,70.059998,70.400002,69.370003,69.540001,60.416367,2294400
2012-04-12,69.839996,70.190002,69.250000,70.000000,60.816029,2946600
2012-04-13,69.940002,69.989998,69.250000,69.250000,60.164425,2713100
2012-04-16,69.449997,69.480003,68.639999,68.730003,59.712666,2501500
2012-04-17,68.989998,70.099998,68.940002,69.959999,60.781269,2106500
2012-04-18,69.349998,69.559998,69.019997,69.169998,60.094921,1951400
2012-04-19,68.889999,70.870003,68.879997,70.620003,61.354687,2786200
2012-04-20,70.820000,71.230003,70.410004,70.680000,61.406826,1908300
2012-04-23,70.150002,70.879997,69.930000,70.589996,61.328617,1877800
2012-04-24,70.510002,71.000000,70.050003,70.760002,61.476311,1928700
2012-04-25,71.500000,72.449997,69.980003,70.400002,61.163555,4002600
2012-04-26,68.239998,69.500000,67.459999,69.349998,60.251305,4307700
2012-04-27,69.250000,69.389999,68.589996,68.629997,59.625771,2645400
2012-04-30,68.230003,68.629997,67.529999,67.820000,58.922043,3051400
2012-05-01,67.720001,68.730003,67.709999,68.410004,59.434631,2380500
2012-05-02,68.180000,68.930000,68.120003,68.790001,59.764786,2094800
2012-05-03,68.459999,68.459999,67.089996,67.300003,58.470276,3318000
2012-05-04,67.239998,67.339996,65.879997,66.260002,57.566711,2812200
2012-05-07,66.000000,66.760002,65.790001,66.599998,57.862103,2059500
2012-05-08,66.169998,67.089996,65.930000,66.879997,58.105362,1685900
2012-05-09,66.330002,66.510002,65.599998,65.769997,57.141006,2198300
2012-05-10,66.379997,66.419998,65.699997,65.940002,57.288681,1507400
2012-05-11,65.709999,66.510002,65.410004,66.110001,57.436390,1498200
2012-05-14,66.070000,66.440002,65.470001,66.080002,57.410332,1906900
2012-05-15,65.889999,66.209999,65.370003,65.620003,57.010670,1673600
2012-05-16,65.910004,66.349998,65.230003,65.260002,56.697918,1759700
2012-05-17,65.199997,66.739998,65.000000,66.449997,57.731777,4407000
2012-05-18,66.629997,66.730003,64.849998,65.080002,56.541531,3138000
2012-05-21,65.230003,66.940002,65.199997,66.900002,58.122734,2430800
2012-05-22,67.110001,68.309998,66.849998,67.110001,58.305202,2749400
2012-05-23,66.769997,67.230003,65.879997,66.730003,57.975056,1987500
2012-05-24,66.910004,69.339996,66.809998,67.820000,58.922043,3501900
2012-05-25,67.580002,68.550003,67.580002,67.900002,58.991543,1484500
2012-05-29,68.279999,68.989998,67.910004,68.839996,59.808205,1681300
2012-05-30,68.370003,69.040001,67.739998,68.040001,59.113174,1753000
2012-05-31,68.089996,68.269997,66.930000,67.389999,58.548450,2776700
2012-06-01,66.720001,67.199997,66.209999,66.360001,57.653606,2107600
2012-06-04,66.300003,66.419998,65.050003,65.449997,56.862980,3018800
2012-06-05,65.190002,66.379997,64.900002,66.169998,57.488510,3236400
2012-06-06,66.570000,67.430000,66.169998,67.269997,58.699692,3197700
2012-06-07,67.510002,68.220001,67.019997,67.269997,58.699692,2962300
2012-06-08,67.099998,69.110001,67.099998,69.070000,60.270374,2176000
2012-06-11,68.800003,69.459999,68.230003,69.010002,60.218010,3343400
2012-06-12,69.550003,69.879997,68.580002,69.470001,60.619396,2645300
2012-06-13,69.309998,69.599998,68.470001,68.739998,59.982410,2658900
2012-06-14,68.910004,70.239998,68.620003,69.800003,60.907360,2417600
2012-06-15,69.949997,71.059998,69.709999,70.769997,61.753780,3721600
2012-06-18,70.650002,71.489998,70.239998,71.339996,62.251148,2057500
2012-06-19,71.709999,72.790001,71.250000,71.879997,62.722363,3627700
2012-06-20,71.480003,72.260002,70.660004,70.860001,61.832306,3667400
2012-06-21,70.870003,71.230003,69.320000,69.459999,60.610664,2875400
2012-06-22,69.940002,70.459999,68.750000,69.760002,60.872437,6767100
2012-06-25,69.459999,70.540001,68.779999,68.949997,60.165642,3115700
2012-06-26,69.000000,70.040001,68.290001,69.099998,60.296547,4513000
2012-06-27,69.400002,70.650002,69.220001,69.489998,60.636852,3711500
2012-06-28,68.669998,71.339996,64.000000,65.900002,57.504227,17691500
2012-06-29,67.029999,67.250000,63.220001,63.790001,55.663040,8446700
2012-07-02,64.220001,64.660004,62.259998,62.259998,54.327972,6537700
2012-07-03,62.279999,62.529999,60.910000,61.279999,53.472820,4855600
2012-07-05,61.130001,61.990002,61.060001,61.250000,53.446644,3196300
2012-07-06,60.779999,61.189999,59.490002,59.910000,52.277370,4470100
2012-07-09,63.060001,63.150002,61.279999,61.950001,54.057457,9385300
2012-07-10,61.980000,62.330002,60.790001,61.139999,53.350662,3747500
2012-07-11,61.110001,62.139999,60.939999,61.779999,53.909111,4258600
2012-07-12,61.220001,61.840000,60.599998,61.070000,53.289577,2567700
2012-07-13,61.080002,62.540001,61.080002,62.360001,54.415222,2542700
2012-07-16,62.240002,62.349998,61.799999,61.970001,54.074917,2760900
2012-07-17,62.009998,63.099998,61.880001,62.939999,54.921333,2906900
2012-07-18,62.860001,63.849998,62.439999,63.200001,55.148216,3140400
2012-07-19,63.389999,63.849998,61.639999,62.700001,54.711910,3492100
2012-07-20,62.389999,62.919998,61.869999,61.939999,54.048737,2751000
2012-07-23,61.340000,62.220001,61.000000,61.810001,53.935299,2184800
2012-07-24,61.849998,62.240002,61.000000,61.419998,53.594986,2108500
2012-07-25,55.340000,55.799999,53.259998,54.009998,47.129032,15621300
2012-07-26,54.220001,54.220001,52.520000,53.389999,46.588017,8685200
2012-07-27,53.889999,55.450001,53.480000,55.119999,48.097614,4620000
2012-07-30,55.230000,55.490002,54.610001,55.220001,48.184875,3086600
2012-07-31,54.450001,54.959999,53.099998,53.290001,46.500751,5715200
2012-08-01,53.439999,55.759998,53.160000,54.070000,47.181377,8867100
2012-08-02,53.930000,54.020000,52.680000,52.930000,46.186623,2611900
2012-08-03,53.299999,55.950001,52.570000,55.040001,48.027813,5319400
2012-08-06,55.169998,55.310001,54.439999,54.639999,47.678764,2496300
2012-08-07,54.759998,56.340000,54.669998,56.259998,49.092384,2983300
2012-08-08,56.250000,57.500000,55.919998,57.439999,50.122036,2950100
2012-08-09,57.439999,57.520000,56.490002,56.790001,49.554852,2309900
2012-08-10,56.750000,57.950001,56.709999,57.910000,50.532173,2174300
2012-08-13,57.599998,57.700001,56.279999,56.889999,49.642117,2966500
2012-08-14,57.029999,57.509998,56.799999,56.900002,49.650845,2093000
2012-08-15,57.060001,57.900002,56.750000,57.799999,50.436180,1911500
2012-08-16,57.889999,58.130001,57.529999,57.840000,50.471073,1560400
2012-08-17,57.270000,57.590000,56.889999,57.259998,49.964981,2141000
2012-08-20,57.430000,57.970001,56.520000,57.380001,50.069695,2692300
2012-08-21,57.349998,57.849998,57.189999,57.270000,49.973709,2170100
2012-08-22,57.250000,58.570000,57.000000,58.570000,51.108089,2789400
2012-08-23,58.500000,58.650002,57.400002,57.730000,50.375092,2093600
2012-08-24,57.700001,57.950001,57.270000,57.660000,50.314022,1603600
2012-08-27,57.650002,58.459999,57.270000,58.160000,50.750309,1692100
2012-08-28,58.060001,58.070000,57.340000,57.389999,50.078419,2131300
2012-08-29,60.549999,62.470001,60.299999,61.799999,53.926571,12619700
2012-08-30,61.400002,61.610001,60.439999,60.459999,52.757286,3308300
2012-08-31,60.669998,60.820000,59.790001,59.869999,52.242458,1929900
2012-09-04,59.730000,60.189999,59.200001,59.389999,51.823608,1631300
2012-09-05,59.410000,59.709999,59.110001,59.150002,51.614193,1770900
2012-09-06,59.340000,59.720001,59.049999,59.720001,52.366535,2343300
2012-09-07,59.790001,60.400002,59.689999,60.290001,52.866360,1447600
2012-09-10,60.139999,60.900002,58.930000,59.450001,52.129791,5766500
2012-09-11,59.560001,59.639999,58.419998,58.650002,51.428295,4192100
2012-09-12,58.730000,59.000000,58.160000,58.209999,51.042469,2454100
2012-09-13,58.099998,58.270000,57.040001,58.189999,51.024933,4540000
2012-09-14,58.540001,58.740002,57.900002,58.349998,51.165230,4444400
2012-09-17,58.340000,58.810001,57.930000,58.810001,51.568600,2208600
2012-09-18,58.810001,59.299999,58.700001,58.910000,51.656284,2774500
2012-09-19,59.060001,59.299999,58.560001,59.029999,51.761494,2098100
2012-09-20,58.860001,59.029999,58.150002,58.959999,51.700127,2143700
2012-09-21,59.200001,59.310001,58.650002,59.259998,51.963184,2303400
2012-09-24,58.860001,59.250000,58.299999,58.490002,51.288006,2488000
2012-09-25,58.669998,58.930000,58.360001,58.480000,51.279232,2565700
2012-09-26,58.500000,58.540001,57.060001,57.639999,50.542660,2835000
2012-09-27,57.840000,58.290001,57.599998,58.070000,50.919704,1781200
2012-09-28,57.849998,58.150002,57.500000,58.009998,50.867088,2054800
2012-10-01,57.980000,58.279999,57.830002,57.980000,50.840790,1989100
2012-10-02,58.180000,60.459999,58.009998,60.459999,53.015415,4929900
2012-10-03,60.840000,60.889999,60.060001,60.110001,52.708515,21435000
2012-10-04,60.779999,62.430000,60.549999,62.160000,54.506088,7739400
2012-10-05,62.060001,62.240002,60.889999,61.220001,53.681850,3713000
2012-10-08,61.310001,62.139999,61.049999,61.750000,54.146584,1855700
2012-10-09,61.580002,62.360001,61.529999,62.020000,54.383339,3150400
2012-10-10,61.939999,62.400002,61.400002,61.540001,53.962444,2434400
2012-10-11,61.930000,63.099998,61.799999,62.790001,55.058517,3139500
2012-10-12,62.869999,63.430000,61.689999,61.830002,54.216743,3068000
2012-10-15,61.900002,62.500000,61.599998,62.380001,54.699013,2283800
2012-10-16,61.509998,62.660000,61.180000,62.020000,54.383339,2769200
2012-10-17,62.169998,62.349998,61.220001,61.740002,54.137814,2104900
2012-10-18,61.630001,63.630001,61.619999,62.930000,55.181286,3245300
2012-10-19,62.630001,62.799999,61.520000,61.820000,54.207962,1881400
2012-10-22,61.599998,63.099998,61.020000,63.029999,55.268978,1505000
2012-10-23,62.270000,62.459999,61.299999,61.869999,54.251808,2100600
2012-10-24,62.330002,62.570000,61.490002,61.580002,53.997524,1963200
2012-10-25,62.130001,62.700001,62.040001,62.230000,54.567482,2071200
2012-10-26,62.009998,62.310001,61.020000,61.290001,53.743214,1917800
2012-10-31,61.290001,61.709999,60.799999,61.299999,53.751999,2253000
2012-11-01,61.290001,62.049999,60.970001,61.730000,54.129040,2330000
2012-11-02,62.009998,62.150002,61.130001,61.139999,53.611698,1437800
2012-11-05,61.080002,61.230000,60.290001,60.849998,53.357410,1364400
2012-11-06,60.450001,61.230000,59.950001,61.200001,53.664310,3058200
2012-11-07,58.119999,59.000000,57.700001,57.849998,50.726791,7688600
2012-11-08,57.849998,58.029999,55.820000,56.009998,49.113365,4579100
2012-11-09,56.000000,56.889999,55.849998,56.160000,49.244892,4059200
2012-11-12,56.360001,56.759998,55.750000,55.849998,48.973068,1674700
2012-11-13,55.630001,56.970001,55.490002,55.500000,48.666168,2926400
2012-11-14,55.509998,55.860001,54.150002,54.330002,47.640221,3181300
2012-11-15,54.410000,55.200001,54.250000,54.639999,47.912048,2993400
2012-11-16,54.889999,55.720001,53.689999,55.150002,48.359249,3797500
2012-11-19,55.709999,56.020000,55.270000,55.939999,49.051991,2062500
2012-11-20,55.900002,55.990002,55.380001,55.619999,48.771385,1517300
2012-11-21,55.709999,55.930000,55.209999,55.570000,48.727535,1966300
2012-11-23,55.720001,56.230000,55.549999,56.060001,49.157204,806200
2012-11-26,55.680000,55.680000,54.790001,55.369999,48.552151,2878700
2012-11-27,55.209999,55.689999,54.860001,54.970001,48.201405,3857100
2012-11-28,54.730000,55.130001,54.500000,54.770000,48.026039,4678900
2012-11-29,54.959999,55.810001,54.820000,55.639999,48.788918,4185100
2012-11-30,55.770000,56.099998,55.259998,55.900002,49.016903,4478400
2012-12-03,56.020000,56.290001,55.459999,56.080002,49.174744,3027100
2012-12-04,56.009998,56.520000,55.660000,55.680000,48.823997,2196700
2012-12-05,55.610001,56.450001,55.330002,56.099998,49.447151,1572200
2012-12-06,56.119999,56.639999,55.880001,56.619999,49.905487,1850400
2012-12-07,56.669998,57.779999,56.669998,57.779999,50.927917,2418000
2012-12-10,57.570000,58.360001,57.369999,58.209999,51.306931,1693800
2012-12-11,57.279999,59.029999,57.279999,58.889999,51.906288,2558800
2012-12-12,58.930000,59.950001,58.930000,59.240002,52.214783,2980900
2012-12-13,59.209999,59.610001,58.669998,59.020000,52.020870,2511500
2012-12-14,58.549999,58.959999,58.029999,58.490002,51.553734,2065700
2012-12-17,58.509998,60.049999,58.509998,60.029999,52.911102,2296300
2012-12-18,59.970001,60.599998,59.599998,60.570000,53.387058,2123100
2012-12-19,60.619999,60.660000,59.910000,59.970001,52.858212,1867900
2012-12-20,60.220001,61.520000,60.099998,61.509998,54.215580,2422700
2012-12-21,61.340000,61.650002,60.680000,61.310001,54.039303,4666800
2012-12-24,61.380001,61.380001,60.680000,61.070000,53.827766,788200
2012-12-26,61.070000,61.529999,60.880001,61.150002,53.898281,1306000
2012-12-27,61.060001,61.220001,59.939999,60.480000,53.307720,1819300
2012-12-28,60.139999,60.810001,59.880001,59.889999,52.787697,1169400
2012-12-31,59.759998,60.970001,59.480000,60.919998,53.695549,1800400
2013-01-02,61.080002,61.889999,60.439999,60.919998,53.695549,2309600
2013-01-03,60.240002,60.240002,58.750000,58.930000,51.941547,3352000
2013-01-04,59.200001,59.689999,58.980000,59.290001,52.258862,2862500
2013-01-07,59.049999,59.840000,58.830002,59.740002,52.655491,1850800
2013-01-08,59.709999,60.610001,59.450001,60.070000,52.946350,2923200
2013-01-09,60.169998,62.110001,59.990002,62.049999,54.691544,3383900
2013-01-10,62.349998,62.369999,61.360001,62.240002,54.859020,3315300
2013-01-11,62.560001,62.560001,61.520000,61.750000,54.427124,1985100
2013-01-14,61.459999,62.689999,61.070000,62.439999,55.035297,1756400
2013-01-15,62.419998,63.009998,61.779999,63.009998,55.537712,1852900
2013-01-16,62.790001,62.849998,61.599998,61.849998,54.515270,2327900
2013-01-17,62.130001,62.619999,61.919998,62.419998,55.017673,2007800
2013-01-18,62.299999,62.750000,62.020000,62.750000,55.308533,1757800
2013-01-22,62.759998,63.939999,62.639999,63.799999,56.234024,2186700
2013-01-23,64.500000,65.000000,62.660000,64.830002,57.141872,4355100
2013-01-24,64.610001,65.900002,64.099998,65.690002,57.899887,2701200
2013-01-25,65.779999,66.269997,65.080002,66.169998,58.322952,2478900
2013-01-28,66.269997,66.309998,65.440002,66.059998,58.225990,2373300
2013-01-29,66.209999,66.410004,65.720001,65.949997,58.129051,3170700
2013-01-30,66.139999,66.300003,65.370003,65.389999,57.635460,1949800
2013-01-31,65.220001,65.279999,64.709999,64.820000,57.133049,1716300
2013-02-01,65.040001,65.370003,64.529999,65.320000,57.573772,1646500
2013-02-04,65.000000,65.989998,64.690002,64.820000,57.133049,1482900
2013-02-05,65.279999,66.199997,65.279999,65.839996,58.032104,1784200
2013-02-06,65.440002,66.029999,65.290001,65.410004,57.653095,1869600
2013-02-07,65.559998,65.809998,64.949997,65.699997,57.908703,1387700
2013-02-08,65.980003,66.620003,65.379997,66.279999,58.419914,1530500
2013-02-11,66.059998,66.190002,65.400002,66.010002,58.181942,894200
2013-02-12,66.000000,66.250000,65.430000,66.010002,58.181942,1114900
2013-02-13,64.139999,64.839996,62.849998,63.000000,55.528893,5755600
2013-02-14,63.070000,64.019997,62.630001,63.290001,55.784496,2622200
2013-02-15,63.180000,63.810001,62.570000,62.700001,55.264465,2930700
2013-02-19,60.720001,62.799999,60.410000,62.770000,55.326160,3448500
2013-02-20,62.799999,63.000000,62.340000,62.580002,55.158699,2462500
2013-02-21,62.599998,63.160000,62.099998,62.709999,55.273270,2014200
2013-02-22,62.810001,63.200001,61.680000,61.919998,54.576958,1973700
2013-02-25,62.169998,62.840000,61.459999,61.459999,54.171520,2361600
2013-02-26,61.619999,61.980000,61.200001,61.830002,54.497646,2558300
2013-02-27,61.759998,62.580002,61.520000,62.459999,55.052933,1972500
2013-02-28,62.419998,62.759998,61.779999,62.180000,54.806129,3173600
2013-03-01,61.980000,62.470001,61.560001,61.880001,54.541710,3015700
2013-03-04,61.730000,62.009998,61.520000,61.820000,54.488819,1804200
2013-03-05,61.970001,62.560001,61.650002,62.270000,54.885468,2047200
2013-03-06,62.020000,62.570000,61.759998,62.520000,55.439674,1757500
2013-03-07,62.599998,63.009998,62.570000,62.700001,55.599289,1352000
2013-03-08,62.880001,63.459999,62.470001,63.029999,55.891922,1367300
2013-03-11,63.040001,63.680000,62.599998,63.490002,56.299831,1110100
2013-03-12,63.470001,64.209999,63.349998,64.139999,56.876217,1462600
2013-03-13,64.139999,65.150002,63.980000,64.839996,57.496933,1749400
2013-03-14,64.989998,65.279999,64.500000,65.180000,57.798416,1364600
2013-03-15,64.839996,65.440002,64.599998,64.980003,57.621090,2702000
2013-03-18,64.540001,64.839996,64.190002,64.550003,57.239788,1523100
2013-03-19,64.690002,64.900002,64.139999,64.309998,57.026962,1688100
2013-03-20,64.639999,64.879997,63.910000,64.019997,56.769802,1567100
2013-03-21,63.650002,64.230003,63.419998,63.630001,56.423965,1819700
2013-03-22,63.860001,64.040001,63.310001,64.029999,56.778671,1114900
2013-03-25,64.120003,64.389999,63.799999,64.110001,56.849617,1213200
2013-03-26,64.370003,65.180000,64.349998,64.760002,57.425995,1213800
2013-03-27,64.629997,65.610001,64.419998,65.610001,58.179729,1972600
2013-03-28,65.709999,66.330002,65.400002,66.230003,58.729515,2120600
2013-04-01,66.290001,67.699997,65.820000,67.440002,59.802502,2971500
2013-04-02,69.250000,70.580002,68.239998,68.459999,60.706982,4167500
2013-04-03,68.349998,69.339996,68.120003,68.150002,60.432110,2112200
2013-04-04,68.150002,69.250000,67.940002,68.489998,60.733585,1915000
2013-04-05,68.199997,68.389999,67.510002,67.989998,60.290215,2392600
2013-04-08,68.010002,68.129997,67.040001,67.720001,60.050770,1537500
2013-04-09,67.889999,68.930000,67.750000,68.480003,60.724724,1722200
2013-04-10,68.860001,69.879997,68.599998,69.459999,61.593723,1608400
2013-04-11,69.480003,70.139999,69.260002,70.059998,62.125778,1998800
2013-04-12,69.949997,70.440002,69.330002,69.790001,61.886372,1343900
2013-04-15,69.459999,69.699997,68.260002,68.279999,60.547363,1351800
2013-04-16,68.809998,70.519997,68.690002,70.160004,62.214466,2444600
2013-04-17,69.669998,70.360001,68.660004,69.029999,61.212440,2173100
2013-04-18,68.199997,68.410004,66.680000,67.180000,59.571934,2505100
2013-04-19,67.470001,68.769997,67.389999,68.709999,60.928650,1500300
2013-04-22,68.709999,68.769997,67.980003,68.250000,60.520756,867200
2013-04-23,68.599998,69.639999,68.320000,69.330002,61.478466,1729900
2013-04-24,72.000000,74.430000,71.389999,73.330002,65.025467,4394100
2013-04-25,73.650002,74.269997,73.180000,73.750000,65.397896,3121400
2013-04-26,73.430000,74.209999,72.379997,72.870003,64.617538,1807300
2013-04-29,73.260002,73.980003,72.750000,72.900002,64.644157,1715800
2013-04-30,73.220001,73.220001,71.650002,72.919998,64.661888,2649200
2013-05-01,72.500000,73.529999,72.050003,72.269997,64.085487,1641000
2013-05-02,72.620003,73.629997,72.529999,73.419998,65.105263,2354500
2013-05-03,73.830002,74.320000,73.650002,73.820000,65.459938,1741800
2013-05-06,73.820000,74.260002,73.370003,73.510002,65.185081,1070800
2013-05-07,73.639999,75.040001,73.470001,74.709999,66.249184,2329800
2013-05-08,74.290001,75.349998,74.180000,75.050003,66.550667,1740600
2013-05-09,74.669998,75.489998,74.510002,75.389999,66.852158,1527000
2013-05-10,75.389999,75.980003,75.239998,75.889999,67.295532,1332700
2013-05-13,75.529999,76.029999,75.160004,76.010002,67.401978,1470100
2013-05-14,76.510002,78.010002,76.510002,78.000000,69.166573,3708700
2013-05-15,77.980003,78.099998,77.400002,77.830002,69.015839,1768500
2013-05-16,77.419998,77.800003,76.790001,76.839996,68.137939,1578000
2013-05-17,76.820000,77.889999,76.820000,77.809998,68.998093,1483600
2013-05-20,77.790001,78.330002,77.320000,77.489998,68.714348,1584700
2013-05-21,77.529999,78.660004,77.239998,78.099998,69.255264,1531100
2013-05-22,78.019997,79.580002,77.680000,77.809998,68.998093,1735800
2013-05-23,77.209999,78.099998,77.050003,77.980003,69.148842,1305700
2013-05-24,77.339996,77.519997,76.180000,76.980003,68.262093,1547300
2013-05-28,77.830002,79.150002,77.699997,78.720001,69.805054,1493400
2013-05-29,78.129997,78.500000,77.720001,78.000000,69.166573,1404300
2013-05-30,78.010002,79.599998,77.769997,79.379997,70.390312,1484600
2013-05-31,79.050003,79.470001,76.930000,76.970001,68.253220,1744800
2013-06-03,77.070000,77.690002,76.120003,77.500000,68.723198,2199300
2013-06-04,77.230003,77.750000,76.680000,77.440002,68.670021,1822800
2013-06-05,77.389999,77.430000,75.220001,75.680000,67.109329,1718500
2013-06-06,75.430000,76.440002,75.019997,76.440002,68.120804,1230400
2013-06-07,76.900002,77.870003,76.589996,77.389999,68.967392,1439500
2013-06-10,77.430000,79.779999,77.430000,79.559998,70.901230,2806300
2013-06-11,78.370003,78.940002,77.300003,78.379997,69.849663,1814500
2013-06-12,78.720001,78.860001,77.800003,78.070000,69.573402,1449000
2013-06-13,77.839996,79.029999,77.120003,78.930000,70.339775,1157200
2013-06-14,78.830002,79.470001,77.809998,78.160004,69.653625,1353000
2013-06-17,78.709999,79.250000,78.150002,78.769997,70.197212,1561300
2013-06-18,78.760002,79.790001,78.709999,79.639999,70.972534,1609900
2013-06-19,79.519997,80.000000,78.500000,78.519997,69.974426,1904000
2013-06-20,77.809998,79.269997,77.400002,77.480003,69.047600,2717100
2013-06-21,78.120003,79.589996,77.860001,79.400002,70.758652,3232500
2013-06-24,78.470001,81.000000,78.470001,79.980003,71.275505,5193000
2013-06-25,80.470001,80.680000,79.339996,79.889999,71.195320,1950100
2013-06-26,80.470001,81.000000,79.419998,80.209999,71.480476,1551700
2013-06-27,80.459999,81.849998,80.400002,81.699997,72.808319,1817400
2013-06-28,81.550003,82.330002,81.099998,81.839996,72.933090,2247200
2013-07-01,82.000000,82.239998,81.599998,81.650002,72.763763,2070800
2013-07-02,81.529999,82.239998,81.199997,81.379997,72.523170,2214500
2013-07-03,81.230003,81.449997,80.750000,81.089996,72.264702,2289000
2013-07-05,81.580002,82.000000,80.980003,81.959999,73.040031,1064900
2013-07-08,82.349998,83.160004,81.959999,83.089996,74.047043,2042700
2013-07-09,83.290001,84.709999,83.029999,84.089996,74.938210,2069400
2013-07-10,84.279999,85.059998,84.110001,84.750000,75.526375,1836200
2013-07-11,85.449997,85.599998,84.750000,85.410004,76.114578,1711300
2013-07-12,85.599998,85.660004,84.889999,85.400002,76.105667,1539000
2013-07-15,85.120003,85.879997,84.889999,85.680000,76.355186,1835600
2013-07-16,85.800003,85.800003,84.910004,85.349998,76.061104,2164600
2013-07-17,85.529999,85.959999,84.300003,84.430000,75.241219,2503400
2013-07-18,85.180000,87.080002,85.180000,86.430000,77.023537,3142000
2013-07-19,86.400002,86.989998,85.699997,86.800003,77.353287,1714000
2013-07-22,86.800003,87.519997,86.550003,87.000000,77.531525,2073900
2013-07-23,87.050003,87.589996,86.610001,87.510002,77.986015,1922200
2013-07-24,87.970001,90.000000,87.320000,87.440002,77.923622,3355700
2013-07-25,86.500000,86.879997,85.320000,85.900002,76.551224,2333200
2013-07-26,85.500000,85.720001,84.230003,84.790001,75.562027,1994800
2013-07-29,84.790001,86.059998,84.790001,85.540001,76.230408,1661700
2013-07-30,86.050003,86.519997,84.440002,84.959999,75.713524,1924200
2013-07-31,85.300003,86.500000,85.169998,85.559998,76.248230,2297800
2013-08-01,86.029999,86.610001,85.980003,86.370003,76.970085,1190300
2013-08-02,86.330002,86.370003,85.589996,86.080002,76.711655,1153000
2013-08-05,86.059998,88.720001,85.720001,87.660004,78.119675,3944500
2013-08-06,87.660004,87.860001,86.610001,87.449997,77.932518,3105700
2013-08-07,87.330002,88.169998,87.000000,87.139999,77.656273,1889400
2013-08-08,87.360001,88.489998,87.169998,87.739998,78.190979,1788700
2013-08-09,87.580002,88.139999,86.760002,87.389999,77.879051,1180300
2013-08-12,86.739998,87.300003,86.339996,86.970001,77.504791,1660400
2013-08-13,87.440002,87.550003,86.250000,86.989998,77.522606,1826500
2013-08-14,86.989998,87.139999,86.230003,86.629997,77.201782,1324100
2013-08-15,86.080002,86.660004,85.239998,85.419998,76.123459,1582000
2013-08-16,85.150002,86.769997,85.129997,86.050003,76.684898,1779900
2013-08-19,86.129997,86.489998,85.709999,85.820000,76.479927,1166700
2013-08-20,85.730003,86.410004,85.580002,86.019997,76.658157,1289700
2013-08-21,85.839996,86.379997,85.459999,85.760002,76.426468,857800
2013-08-22,85.800003,86.550003,85.519997,86.199997,76.818565,977700
2013-08-23,86.400002,86.750000,86.099998,86.580002,77.157204,1179600
2013-08-26,86.860001,87.000000,86.000000,86.570000,77.148323,1015700
2013-08-27,85.910004,86.050003,85.000000,85.070000,75.811554,1267200
2013-08-28,85.110001,85.589996,84.150002,84.830002,75.597694,1289300
2013-08-29,84.750000,86.160004,84.650002,85.459999,76.159126,1677400
2013-08-30,85.300003,85.779999,84.980003,85.139999,75.873940,1998900
2013-09-03,85.620003,86.540001,85.519997,86.279999,76.889870,1556200
2013-09-04,86.239998,87.470001,85.760002,87.379997,77.870163,1435500
2013-09-05,87.260002,88.080002,87.139999,87.870003,78.306839,1328900
2013-09-06,87.860001,87.919998,86.209999,87.290001,78.123352,1373700
2013-09-09,87.269997,87.620003,86.540001,86.709999,77.604248,1246700
2013-09-10,87.300003,87.800003,86.500000,87.800003,78.579803,1879100
2013-09-11,87.800003,89.440002,87.790001,89.260002,79.886475,2026000
2013-09-12,89.089996,89.470001,88.360001,88.459999,79.170502,1594300
2013-09-13,89.129997,89.480003,88.699997,89.089996,79.734322,1957100
2013-09-16,89.820000,89.930000,88.940002,89.099998,79.743279,1728800
2013-09-17,89.150002,89.169998,87.510002,88.269997,79.000450,1536400
2013-09-18,87.680000,87.919998,83.970001,84.389999,75.527885,5917400
2013-09-19,84.449997,85.010002,82.440002,82.529999,73.863220,3622600
2013-09-20,82.779999,83.660004,82.300003,82.330002,73.684250,2869700
2013-09-23,82.059998,83.349998,81.459999,83.150002,74.418129,3011400
2013-09-24,83.230003,85.010002,83.209999,84.290001,75.438385,2660300
2013-09-25,84.339996,84.389999,83.199997,83.629997,74.847710,2384700
2013-09-26,83.639999,84.760002,83.570000,84.110001,75.277306,1598000
2013-09-27,83.739998,84.120003,83.410004,83.949997,75.134109,1389000
2013-09-30,83.160004,84.239998,82.870003,83.610001,74.829796,1915000
2013-10-01,83.800003,86.110001,83.519997,86.110001,77.067268,2148000
2013-10-02,85.639999,86.639999,85.010002,86.599998,77.505821,1988600
2013-10-03,86.339996,87.099998,85.830002,86.480003,77.398422,1746800
2013-10-04,86.449997,87.860001,86.070000,87.209999,78.051750,2202700
2013-10-07,86.430000,87.089996,86.209999,86.279999,77.219414,1864300
2013-10-08,86.220001,86.639999,85.339996,85.370003,76.404999,1202500
2013-10-09,85.360001,86.000000,85.209999,85.559998,76.575020,1149900
2013-10-10,86.470001,88.480003,86.290001,88.430000,79.143646,1670200
2013-10-11,88.180000,88.949997,88.050003,88.639999,79.331573,1573400
2013-10-14,88.339996,88.820000,87.809998,88.669998,79.358452,1053500
2013-10-15,87.919998,89.440002,87.580002,87.970001,78.731964,1202000
2013-10-16,88.379997,89.870003,88.040001,89.660004,80.244476,1443000
2013-10-17,87.739998,88.779999,86.900002,88.589996,79.286842,1961900
2013-10-18,88.809998,88.809998,85.639999,86.379997,77.308945,3396900
2013-10-21,86.449997,87.809998,86.000000,87.599998,78.400795,2542100
2013-10-22,87.739998,88.889999,87.589996,88.430000,79.143646,2029700
2013-10-23,88.459999,89.099998,84.809998,85.480003,76.503433,3897600
2013-10-24,85.680000,86.639999,83.129997,83.599998,74.820869,3476300
2013-10-25,83.620003,84.320000,83.180000,84.099998,75.268379,2709300
2013-10-28,84.320000,85.519997,83.980003,84.550003,75.671082,2556500
2013-10-29,84.470001,84.639999,83.220001,84.540001,75.662140,3090500
2013-10-30,84.940002,85.370003,84.330002,84.540001,75.662140,1991900
2013-10-31,84.800003,85.470001,84.059998,84.800003,75.894852,3230700
2013-11-01,85.150002,85.699997,84.459999,85.360001,76.396042,1872700
2013-11-04,85.769997,87.019997,85.750000,86.809998,77.693756,1759800
2013-11-05,86.690002,87.709999,86.199997,87.410004,78.230766,2391900
2013-11-06,87.500000,88.370003,86.750000,87.699997,78.490303,2629200
2013-11-07,87.970001,88.500000,86.430000,86.459999,77.380516,2228600
2013-11-08,86.660004,87.650002,86.080002,87.279999,78.114395,2939000
2013-11-11,87.239998,88.339996,87.010002,87.940002,78.705093,1492100
2013-11-12,87.830002,88.029999,87.050003,87.500000,78.311317,2014200
2013-11-13,87.260002,88.129997,87.059998,88.019997,78.776695,2699400
2013-11-14,88.220001,89.529999,87.650002,89.489998,80.092316,2901000
2013-11-15,88.980003,90.230003,88.430000,90.099998,80.638283,2688500
2013-11-18,90.139999,90.959999,90.029999,90.400002,80.906776,1958200
2013-11-19,90.559998,92.870003,90.500000,92.000000,82.338722,3972400
2013-11-20,92.000000,93.720001,91.910004,92.760002,83.018929,2451000
2013-11-21,92.699997,93.489998,91.849998,92.080002,82.410362,2407900
2013-11-22,91.769997,93.110001,91.139999,93.029999,83.260582,2735400
2013-11-25,93.000000,94.220001,92.980003,93.610001,83.779671,1671300
2013-11-26,93.610001,94.320000,93.309998,93.660004,83.824432,2642900
2013-11-27,94.089996,94.330002,93.480003,93.620003,83.788628,1304900
2013-11-29,93.830002,93.959999,92.730003,92.879997,83.126343,1405000
2013-12-02,92.900002,94.360001,92.889999,93.919998,84.057137,2143500
2013-12-03,92.160004,93.290001,91.550003,92.559998,82.839951,3490400
2013-12-04,91.970001,92.790001,90.510002,91.589996,81.971794,2865800
2013-12-05,91.180000,91.730003,89.680000,89.779999,80.682213,2032500
2013-12-06,90.610001,90.989998,89.440002,90.690002,81.500008,2130200
2013-12-09,91.070000,91.910004,90.830002,90.980003,81.760597,1597100
2013-12-10,91.000000,91.860001,90.889999,91.059998,81.832527,1515300
2013-12-11,91.000000,91.250000,89.050003,89.269997,80.223915,1364300
2013-12-12,89.209999,89.820000,88.349998,88.690002,79.702660,1916000
2013-12-13,88.849998,89.720001,87.500000,87.750000,78.857918,2220600
2013-12-16,87.709999,88.370003,86.919998,87.690002,78.804016,3496500
2013-12-17,87.790001,87.860001,86.879997,86.889999,78.085075,2388700
2013-12-18,87.430000,89.050003,87.050003,89.019997,79.999237,2738300
2013-12-19,88.750000,88.900002,88.059998,88.750000,79.756599,1287800
2013-12-20,88.680000,90.000000,88.529999,89.589996,80.511475,2407300
2013-12-23,90.059998,91.250000,90.019997,91.150002,81.913391,1513100
2013-12-24,91.019997,91.809998,91.019997,91.389999,82.129074,808300
2013-12-26,91.800003,92.489998,91.500000,92.150002,82.812057,941800
2013-12-27,92.150002,92.830002,92.059998,92.169998,82.830048,820700
2013-12-30,92.169998,92.449997,91.220001,91.519997,82.245903,973700
2013-12-31,91.650002,92.540001,91.580002,92.389999,83.027718,916100
2014-01-02,92.000000,92.010002,90.620003,90.629997,81.446091,1432000
2014-01-03,90.459999,91.059998,90.309998,90.629997,81.446091,1070000
2014-01-06,91.019997,91.050003,89.250000,89.279999,80.232887,2204100
2014-01-07,89.669998,91.489998,89.419998,91.080002,81.850494,1832000
2014-01-08,90.839996,92.220001,90.669998,92.220001,82.874962,1875000
2014-01-09,90.690002,93.089996,90.690002,93.000000,83.575912,2073300
2014-01-10,92.739998,92.949997,90.860001,91.989998,82.668289,1580700
2014-01-13,91.739998,92.379997,90.699997,90.839996,81.634804,1706200
2014-01-14,90.930000,91.870003,90.360001,91.349998,82.093124,2048400
2014-01-15,91.709999,91.900002,87.849998,88.150002,79.217392,5087000
2014-01-16,88.129997,88.129997,85.400002,85.559998,76.889854,4882600
2014-01-17,85.580002,86.410004,85.000000,85.489998,76.826942,3116000
2014-01-21,85.820000,87.260002,85.540001,86.919998,78.112045,2230000
2014-01-22,86.910004,87.419998,86.000000,86.110001,77.384109,1687900
2014-01-23,86.389999,86.720001,85.269997,85.790001,77.096535,2490800
2014-01-24,85.330002,85.360001,83.889999,84.250000,75.712616,2296900
2014-01-27,83.949997,85.500000,83.849998,84.889999,76.287743,3625800
2014-01-28,84.900002,85.489998,84.260002,84.300003,75.757538,4924700
2014-01-29,82.209999,87.750000,81.839996,85.370003,76.719116,6443100
2014-01-30,87.059998,89.040001,86.139999,87.760002,78.866920,3954700
2014-01-31,86.739998,87.440002,85.930000,86.000000,77.285271,3311000
2014-02-03,86.000000,86.279999,85.300003,85.620003,76.943764,2612200
2014-02-04,85.750000,86.070000,84.720001,85.349998,76.701134,2026300
2014-02-05,85.209999,86.690002,84.580002,85.650002,76.970741,2203500
2014-02-06,85.669998,86.669998,84.650002,86.580002,77.806480,2062600
2014-02-07,85.949997,85.949997,84.250000,84.680000,76.099022,3138000
2014-02-10,84.800003,85.410004,83.989998,84.599998,76.027122,2913200
2014-02-11,84.120003,86.150002,84.019997,85.680000,76.997681,2840300
2014-02-12,85.660004,86.320000,84.019997,84.250000,75.712616,3218200
2014-02-13,84.029999,85.669998,84.029999,85.309998,76.665169,2246200
2014-02-14,85.070000,88.010002,85.070000,87.800003,78.902870,2434300
2014-02-18,87.889999,89.199997,87.480003,87.519997,78.651222,3209600
2014-02-19,87.339996,88.610001,87.000000,87.500000,78.633255,3061900
2014-02-20,87.769997,88.209999,86.989998,87.709999,78.821991,2402800
2014-02-21,87.470001,89.489998,87.410004,88.550003,79.576881,2944500
2014-02-24,88.019997,91.959999,88.019997,90.930000,81.715675,3622300
2014-02-25,91.639999,91.660004,89.529999,89.680000,80.592339,2636900
2014-02-26,89.610001,90.489998,88.989998,89.150002,80.116074,2506600
2014-02-27,89.190002,89.870003,88.900002,89.279999,80.232887,1967700
2014-02-28,89.260002,91.860001,89.260002,90.589996,81.410141,3752300
2014-03-03,89.870003,90.220001,89.029999,89.440002,80.376656,2594000
2014-03-04,90.120003,91.410004,89.989998,90.809998,81.607841,2475000
2014-03-05,89.260002,91.669998,89.260002,91.559998,82.281830,2733500
2014-03-06,90.750000,92.000000,90.750000,91.519997,82.641235,2448500
2014-03-07,92.000000,92.000000,91.400002,91.529999,82.650276,3281400
2014-03-10,91.360001,92.290001,91.360001,92.239998,83.291367,1792100
2014-03-11,92.309998,93.480003,92.239998,93.000000,83.977638,2712500
2014-03-12,92.550003,94.169998,92.550003,93.620003,84.537506,2496500
2014-03-13,93.790001,93.989998,93.220001,93.269997,84.221458,3576100
2014-03-14,93.019997,93.790001,92.839996,93.349998,84.293686,3482500
2014-03-17,93.599998,95.449997,93.570000,95.150002,85.919067,2861700
2014-03-18,95.139999,97.949997,95.099998,97.709999,88.230713,4592600
2014-03-19,98.050003,100.589996,98.000000,99.050003,89.440712,5300700
2014-03-20,98.870003,100.400002,98.400002,99.709999,90.036690,3667000
2014-03-21,99.889999,102.559998,99.650002,99.769997,90.090851,7619100
2014-03-24,100.480003,102.389999,100.160004,100.970001,91.174438,3165100
2014-03-25,101.010002,101.779999,99.660004,99.690002,90.018639,2763600
2014-03-26,100.459999,100.769997,99.000000,99.910004,90.217293,4077200
2014-03-27,99.910004,99.989998,97.260002,97.699997,88.221687,3509000
2014-03-28,98.070000,100.099998,97.980003,99.389999,89.747742,2138800
2014-03-31,100.000000,100.389999,99.059998,99.550003,89.892212,4061900
2014-04-01,98.500000,101.050003,98.500000,99.089996,89.476822,2560900
2014-04-02,96.699997,99.260002,96.699997,98.320000,88.781532,2579400
2014-04-03,98.580002,99.410004,98.260002,99.239998,89.612282,2893000
2014-04-04,99.580002,99.870003,97.519997,97.589996,88.122353,3127500
2014-04-07,97.559998,98.000000,96.110001,96.610001,87.237434,2791200
2014-04-08,96.930000,97.470001,95.690002,96.650002,87.273552,4448200
2014-04-09,96.669998,98.139999,95.989998,96.809998,87.418007,5236400
2014-04-10,97.010002,97.739998,95.120003,95.739998,86.451843,3984700
2014-04-11,95.330002,96.139999,94.559998,95.050003,85.828773,3456300
2014-04-14,95.519997,95.849998,94.300003,95.379997,86.126755,2461200
2014-04-15,95.680000,96.739998,94.669998,96.470001,87.111008,3215800
2014-04-16,97.019997,97.150002,95.139999,95.650002,86.370575,2296700
2014-04-17,92.099998,92.879997,90.750000,92.000000,83.074692,4584800
2014-04-21,91.760002,93.269997,91.720001,93.029999,84.004753,2632900
2014-04-22,93.320000,94.459999,93.250000,94.190002,85.052193,2228200
2014-04-23,94.019997,94.910004,93.760002,94.690002,85.503700,1427600
2014-04-24,95.570000,97.169998,95.570000,96.540001,87.174225,2031300
2014-04-25,96.250000,96.940002,95.709999,96.000000,86.686630,1618300
2014-04-28,96.349998,96.540001,94.370003,94.959999,85.747482,2266800
2014-04-29,95.440002,95.830002,95.180000,95.389999,86.135788,1809900
2014-04-30,99.279999,101.949997,97.970001,100.680000,90.912575,5319400
2014-05-01,100.680000,101.760002,99.910004,100.769997,90.993843,2266000
2014-05-02,100.870003,101.459999,100.459999,100.870003,91.084175,1565600
2014-05-05,100.529999,102.720001,99.989998,102.440002,92.501839,2653700
2014-05-06,102.239998,103.010002,101.930000,102.330002,92.402527,1931100
2014-05-07,102.320000,105.000000,101.970001,104.739998,94.578690,2210800
2014-05-08,104.669998,104.959999,103.070000,103.279999,93.260338,2445000
2014-05-09,103.180000,104.550003,102.839996,104.510002,94.371010,1491400
2014-05-12,104.870003,107.089996,104.800003,107.010002,96.628502,2421400
2014-05-13,106.879997,107.589996,106.320000,106.449997,96.122795,1843300
2014-05-14,106.400002,106.400002,104.980003,105.669998,95.418465,1720000
2014-05-15,105.449997,105.750000,104.180000,104.930000,94.750267,1478300
2014-05-16,105.040001,105.730003,104.169998,105.120003,94.921860,1725100
2014-05-19,104.989998,106.739998,104.910004,106.430000,96.104736,1758400
2014-05-20,106.190002,107.370003,105.449997,106.000000,95.716469,2648900
2014-05-21,106.190002,107.250000,105.889999,107.120003,96.727806,1192100
2014-05-22,107.230003,107.690002,106.570000,107.339996,96.926453,1518200
2014-05-23,107.639999,109.330002,107.440002,108.820000,98.262886,2294200
2014-05-27,108.809998,108.860001,108.330002,108.480003,97.955864,1621900
2014-05-28,110.000000,110.029999,107.660004,107.879997,97.414063,1986900
2014-05-29,108.070000,108.650002,107.610001,108.550003,98.019066,1591800
2014-05-30,108.459999,108.769997,107.730003,108.360001,97.847504,2016800
2014-06-02,108.559998,108.949997,107.809998,108.349998,97.838463,1270100
2014-06-03,108.250000,108.449997,107.699997,108.010002,97.531456,1825400
2014-06-04,108.139999,108.910004,107.800003,108.629997,98.091301,1442100
2014-06-05,108.730003,108.870003,107.160004,107.260002,96.854225,2376300
2014-06-06,106.889999,107.250000,105.750000,106.129997,96.226791,2301500
2014-06-09,106.139999,106.360001,105.209999,105.279999,95.456100,1753100
2014-06-10,104.879997,105.699997,104.790001,105.699997,95.836899,2647500
2014-06-11,105.510002,107.919998,105.330002,107.680000,97.632156,2450100
2014-06-12,107.680000,107.680000,106.800003,107.099998,97.106285,2097500
2014-06-13,106.930000,107.089996,106.150002,106.879997,96.906799,1272800
2014-06-16,106.879997,107.410004,106.019997,106.099998,96.199593,1237600
2014-06-17,105.919998,106.349998,105.019997,106.059998,96.163307,1364500
2014-06-18,105.790001,106.339996,105.430000,106.250000,96.335587,1046400
2014-06-19,106.489998,107.849998,106.330002,107.690002,97.641235,1479400
2014-06-20,108.010002,108.610001,107.300003,108.550003,98.420982,1439300
2014-06-23,108.129997,108.699997,107.620003,108.650002,98.511650,906300
2014-06-24,108.480003,108.949997,107.889999,107.910004,97.840683,1295600
2014-06-25,107.940002,109.089996,107.779999,108.739998,98.593254,1248300
2014-06-26,108.830002,109.360001,107.410004,108.120003,98.031105,1760700
2014-06-27,107.470001,107.870003,106.370003,107.550003,97.514290,1281600
2014-06-30,107.500000,109.500000,107.320000,107.610001,97.568703,1461400
2014-07-01,108.269997,109.150002,107.930000,108.379997,98.266861,1748200
2014-07-02,108.040001,110.339996,107.120003,110.320000,100.025818,2169800
2014-07-03,110.669998,111.010002,109.190002,110.160004,99.880753,1433900
2014-07-07,109.989998,110.000000,108.580002,109.129997,98.946846,1279600
2014-07-08,108.769997,109.669998,108.260002,109.459999,99.246071,1425800
2014-07-09,109.470001,111.080002,109.389999,110.870003,100.524483,2080400
2014-07-10,110.370003,111.269997,109.680000,110.760002,100.424767,1501400
2014-07-11,110.550003,111.309998,109.989998,110.900002,100.551704,1445100
2014-07-14,111.250000,113.440002,111.080002,113.150002,102.591743,2722000
2014-07-15,113.050003,114.680000,112.550003,112.769997,102.247208,2019400
2014-07-16,112.940002,113.199997,111.839996,112.180000,101.712257,1199300
2014-07-17,111.930000,115.519997,111.930000,113.440002,102.854668,3750900
2014-07-18,113.709999,115.000000,113.269997,114.930000,104.205658,1754200
2014-07-21,112.230003,114.769997,112.230003,114.430000,103.752296,1284000
2014-07-22,115.000000,116.260002,114.959999,115.320000,104.559258,2121000
2014-07-23,115.519997,115.910004,115.000000,115.440002,104.668060,864700
2014-07-24,115.720001,116.169998,114.900002,115.250000,104.495789,1167500
2014-07-25,113.519997,114.230003,111.120003,113.510002,102.918129,1984000
2014-07-28,114.309998,115.639999,113.540001,115.570000,104.785919,1708100
2014-07-29,114.709999,114.980003,112.129997,112.550003,102.047722,2970600
2014-07-30,116.150002,116.500000,108.010002,112.470001,101.975189,5450200
2014-07-31,109.559998,111.900002,106.879997,109.809998,99.563400,5201100
2014-08-01,109.650002,111.699997,109.489998,111.000000,100.642342,1940300
2014-08-04,110.830002,111.900002,110.230003,111.599998,101.186371,1519400
2014-08-05,111.169998,112.000000,109.959999,110.440002,100.134628,1841100
2014-08-06,110.480003,112.500000,110.440002,111.339996,100.950623,1636500
2014-08-07,111.669998,111.860001,107.070000,107.290001,97.278542,2246200
2014-08-08,107.589996,108.620003,106.519997,108.580002,98.448181,1547800
2014-08-11,108.910004,109.000000,107.279999,107.389999,97.369225,1543400
2014-08-12,107.610001,108.730003,107.190002,108.660004,98.520706,1620400
2014-08-13,109.000000,110.669998,109.000000,110.349998,100.053001,1960800
2014-08-14,111.000000,112.839996,110.650002,112.480003,101.984253,1916900
2014-08-15,112.559998,112.809998,110.629997,111.779999,101.349602,1679200
2014-08-18,112.489998,112.519997,111.160004,112.400002,101.911720,1064000
2014-08-19,112.559998,113.779999,111.860001,113.620003,103.017891,1059000
2014-08-20,113.500000,113.599998,112.599998,113.070000,102.519226,1279600
2014-08-21,113.480003,114.000000,112.860001,113.120003,102.564537,1005700
2014-08-22,113.129997,113.620003,112.500000,112.870003,102.337860,999000
2014-08-25,113.360001,113.800003,112.449997,113.220001,102.655205,777400
2014-08-26,113.550003,114.919998,113.199997,114.669998,103.969902,1174000
2014-08-27,114.820000,116.239998,114.360001,115.779999,104.976341,1516900
2014-08-28,115.309998,116.739998,115.300003,116.250000,105.402473,1682400
2014-08-29,116.470001,117.360001,116.150002,116.510002,105.638222,1401300
2014-09-02,116.459999,116.629997,114.629997,115.639999,104.849388,1485300
2014-09-03,115.459999,117.139999,115.309998,116.620003,105.737961,1382100
2014-09-04,117.000000,119.050003,116.760002,118.010002,106.998238,1996300
2014-09-05,117.720001,119.199997,117.379997,118.970001,107.868668,1636300
2014-09-08,118.150002,118.620003,117.470001,118.129997,107.502823,1285700
2014-09-09,118.260002,121.330002,118.209999,120.889999,110.014542,2919500
2014-09-10,121.059998,121.059998,119.320000,119.800003,109.022591,1284200
2014-09-11,119.209999,120.180000,118.620003,119.949997,109.159096,1756400
2014-09-12,120.000000,120.169998,118.190002,118.620003,107.948761,1208700
2014-09-15,118.650002,119.110001,118.010002,118.400002,107.748543,1322200
2014-09-16,118.510002,120.570000,118.110001,120.320000,109.495819,1948000
2014-09-17,120.250000,121.209999,119.000000,120.220001,109.404808,1367100
2014-09-18,120.480003,122.190002,120.339996,122.160004,111.170288,1308500
2014-09-19,122.839996,122.860001,121.639999,122.040001,111.061096,2203200
2014-09-22,122.529999,124.480003,121.589996,121.820000,110.860863,2520900
2014-09-23,121.419998,122.000000,119.279999,119.360001,108.622162,1423700
2014-09-24,119.760002,124.580002,119.400002,124.169998,112.999443,2781500
2014-09-25,123.709999,123.870003,120.500000,120.690002,109.832527,1935700
2014-09-26,121.180000,121.970001,119.750000,120.800003,109.932632,1823700
2014-09-29,120.089996,121.919998,119.779999,121.309998,110.396759,1684000
2014-09-30,121.459999,121.660004,119.339996,119.620003,108.858803,1705300
2014-10-01,119.269997,119.580002,117.239998,118.150002,107.521027,2282900
2014-10-02,118.360001,119.209999,116.870003,118.449997,107.794029,1694100
2014-10-03,119.639999,122.529999,118.830002,122.070000,111.088402,1941700
2014-10-06,122.150002,123.349998,118.980003,119.070000,108.358276,1455500
2014-10-07,118.709999,119.389999,117.489998,117.519997,106.947701,1262100
2014-10-08,117.510002,120.010002,117.169998,119.849998,109.068100,1813500
2014-10-09,120.029999,120.889999,118.540001,118.930000,108.230873,1491400
2014-10-10,119.250000,120.010002,116.949997,116.949997,106.428970,1954600
2014-10-13,116.900002,117.660004,114.279999,114.410004,104.117493,1980200
2014-10-14,114.779999,114.919998,111.129997,113.199997,103.016342,2657300
2014-10-15,111.459999,113.430000,108.919998,111.059998,101.068848,3733300
2014-10-16,111.250000,114.330002,110.540001,111.919998,101.851494,3380100
2014-10-17,113.709999,115.940002,112.750000,114.989998,104.645332,2103500
2014-10-20,115.309998,116.599998,115.000000,116.230003,105.773758,1609100
2014-10-21,117.480003,120.730003,117.410004,120.430000,109.595924,1936000
2014-10-22,120.480003,120.639999,118.830002,118.870003,108.176254,1898200
2014-10-23,120.320000,120.639999,119.330002,119.769997,108.995308,2138400
2014-10-24,119.930000,120.239998,119.010002,120.209999,109.395699,1099400
2014-10-27,120.129997,120.870003,119.949997,120.339996,109.514008,1081600
2014-10-28,118.849998,120.540001,117.599998,120.000000,109.204605,3119000
2014-10-29,122.910004,123.800003,121.089996,122.199997,111.206650,3308100
2014-10-30,122.199997,123.750000,121.019997,123.290001,112.198624,2305000
2014-10-31,124.529999,126.690002,124.309998,126.690002,115.292763,2444800
2014-11-03,126.610001,127.589996,125.830002,126.309998,114.946945,1386600
2014-11-04,126.309998,128.089996,126.309998,126.830002,115.420158,1796900
2014-11-05,128.160004,128.160004,126.080002,127.029999,115.602180,1408100
2014-11-06,127.419998,127.980003,126.849998,127.800003,116.302902,1126100
2014-11-07,126.790001,127.519997,123.410004,124.150002,112.981270,2411600
2014-11-10,124.160004,126.139999,124.010002,125.500000,114.209801,1483300
2014-11-11,125.989998,127.190002,125.599998,126.620003,115.229057,1634900
2014-11-12,125.830002,127.440002,125.230003,126.639999,115.247269,1063800
2014-11-13,126.570000,128.190002,125.910004,126.629997,115.238174,1148600
2014-11-14,127.000000,127.449997,125.239998,125.360001,114.082390,843300
2014-11-17,125.360001,127.690002,125.209999,127.269997,115.820580,1166400
2014-11-18,127.410004,129.960007,127.410004,129.039993,117.431366,1416700
2014-11-19,128.589996,128.690002,125.720001,125.820000,114.501045,1518100
2014-11-20,125.470001,126.580002,125.169998,126.250000,114.892349,1284000
2014-11-21,127.919998,127.919998,125.730003,125.889999,114.564705,1368100
2014-11-24,126.480003,127.410004,124.489998,126.139999,114.792244,1660300
2014-11-25,126.570000,127.860001,126.269997,127.150002,115.711388,1529700
2014-11-26,127.900002,128.360001,126.330002,126.900002,115.483879,1071600
2014-11-28,127.209999,128.350006,127.209999,127.910004,116.403015,728900
2014-12-01,128.250000,128.580002,127.190002,127.769997,116.275589,1384700
2014-12-02,127.760002,128.820007,126.930000,128.710007,117.131050,1123600
2014-12-03,125.250000,129.500000,125.250000,129.160004,117.941917,869400
2014-12-04,128.389999,129.490005,126.559998,127.639999,116.553932,1692600
2014-12-05,126.980003,129.960007,126.790001,127.910004,116.800476,1110800
2014-12-08,128.210007,128.369995,126.089996,126.339996,115.366821,1087300
2014-12-09,124.889999,126.800003,123.860001,126.660004,115.659050,980800
2014-12-10,126.139999,126.620003,123.620003,123.690002,112.947006,1299700
2014-12-11,123.959999,126.190002,123.779999,125.400002,114.508507,1316900
2014-12-12,124.019997,125.959999,122.610001,122.650002,111.997337,1285000
2014-12-15,123.879997,124.260002,121.260002,122.220001,111.604675,1349700
2014-12-16,122.339996,124.889999,121.220001,121.320000,110.782852,1367900
2014-12-17,122.019997,124.500000,121.800003,123.709999,112.965271,1498700
2014-12-18,125.760002,127.830002,124.290001,127.709999,116.617844,1670600
2014-12-19,127.900002,129.339996,127.540001,127.949997,116.837013,1862000
2014-12-22,127.940002,128.669998,127.050003,128.470001,117.311859,663800
2014-12-23,129.000000,129.169998,126.870003,126.940002,115.914711,1267000
2014-12-24,127.099998,127.500000,126.620003,126.930000,115.905609,443700
2014-12-26,126.930000,127.610001,126.110001,126.360001,115.385101,455000
2014-12-29,126.000000,127.400002,126.000000,127.070000,116.033447,690100
2014-12-30,126.339996,128.460007,126.339996,128.210007,117.074440,624300
2014-12-31,128.250000,129.320007,125.629997,125.669998,114.755043,868300
2015-01-02,126.650002,127.730003,124.400002,125.459999,114.563293,1181600
2015-01-05,124.300003,125.459999,122.860001,123.260002,112.554352,1550000
2015-01-06,125.019997,126.940002,124.269997,124.940002,114.088470,2117000
2015-01-07,125.139999,127.900002,125.139999,125.559998,114.654610,1578500
2015-01-08,126.019997,131.800003,126.019997,131.550003,120.124329,1967400
2015-01-09,131.740005,131.740005,129.729996,129.800003,118.526344,1387200
2015-01-12,130.440002,130.660004,128.190002,128.830002,117.640579,1229700
2015-01-13,130.119995,131.490005,128.899994,130.279999,118.964653,1194800
2015-01-14,128.679993,132.800003,127.849998,131.809998,120.361748,3216700
2015-01-15,132.000000,134.929993,131.940002,134.089996,122.443733,1964400
2015-01-16,133.750000,136.259995,133.179993,136.009995,124.196953,2317500
2015-01-20,136.940002,137.740005,135.830002,137.130005,125.219727,2269100
2015-01-21,136.860001,140.529999,136.669998,139.679993,127.548164,2536700
2015-01-22,140.740005,143.380005,139.520004,142.860001,130.452011,2329600
2015-01-23,142.500000,143.649994,140.440002,140.770004,128.543533,1794300
2015-01-26,140.600006,140.600006,138.009995,138.699997,126.653343,2513100
2015-01-27,138.119995,138.970001,137.089996,137.779999,125.813217,2393200
2015-01-28,138.210007,139.279999,133.029999,133.580002,121.978012,3475900
2015-01-29,134.619995,137.369995,133.759995,137.100006,125.192276,1950400
2015-01-30,135.410004,137.399994,134.139999,134.960007,123.238197,2246200
2015-02-02,134.960007,135.589996,132.940002,135.500000,123.731255,1819000
2015-02-03,136.080002,137.240005,135.500000,136.960007,125.064438,1709700
2015-02-04,136.490005,138.669998,135.399994,137.649994,125.694527,1674500
2015-02-05,135.500000,138.369995,135.399994,137.229996,125.310997,2314600
2015-02-06,136.949997,137.229996,135.089996,135.690002,123.904755,2244600
2015-02-09,134.789993,135.690002,134.380005,134.880005,123.165131,1744400
2015-02-10,136.380005,139.039993,135.610001,138.740005,126.689880,2100200
2015-02-11,138.600006,141.720001,138.559998,141.490005,129.201035,2104400
2015-02-12,142.559998,142.559998,140.779999,142.000000,129.666687,1515800
2015-02-13,141.369995,141.740005,140.679993,141.050003,128.799194,1446300
2015-02-17,140.559998,141.940002,140.000000,141.759995,129.447571,1091000
2015-02-18,141.759995,142.770004,141.039993,141.839996,129.520615,1300000
2015-02-19,141.990005,142.899994,141.690002,142.649994,130.260254,1191700
2015-02-20,141.880005,144.740005,141.800003,144.589996,132.031708,1622100
2015-02-23,145.500000,147.479996,145.300003,147.350006,134.552078,2218800
2015-02-24,147.350006,148.759995,147.000000,147.279999,134.488098,1998200
2015-02-25,147.500000,148.000000,146.559998,146.970001,134.205063,1228600
2015-02-26,146.630005,147.339996,146.229996,146.720001,133.976791,1129300
2015-02-27,146.720001,147.429993,146.240005,146.449997,133.730225,1523500
2015-03-02,146.449997,147.710007,146.300003,146.929993,134.168488,1339100
2015-03-03,146.059998,147.070007,144.619995,145.990005,133.310120,1478900
2015-03-04,144.779999,147.300003,144.199997,146.550003,133.821564,1847900
2015-03-05,146.500000,147.699997,146.259995,146.850006,134.095459,1175700
2015-03-06,145.119995,146.869995,144.899994,145.160004,133.118744,1494000
2015-03-09,145.160004,146.929993,145.029999,146.750000,134.576889,970700
2015-03-10,145.330002,145.889999,144.279999,144.279999,132.311768,1495300
2015-03-11,145.350006,145.860001,144.279999,144.380005,132.403519,1245600
2015-03-12,145.279999,147.559998,145.119995,147.460007,135.227997,1836600
2015-03-13,146.830002,150.029999,146.399994,150.009995,137.566483,2124500
2015-03-16,150.080002,154.839996,150.080002,153.250000,140.537735,2959300
2015-03-17,152.649994,153.559998,152.389999,153.300003,140.583557,2678700
2015-03-18,153.029999,157.979996,153.029999,157.389999,144.334305,2275200
2015-03-19,157.779999,158.100006,156.410004,157.320007,144.270142,2341900
2015-03-20,158.750000,160.639999,157.750000,158.380005,145.242172,2497600
2015-03-23,158.199997,158.880005,157.039993,157.570007,144.499374,1570400
2015-03-24,156.850006,158.289993,156.850006,157.600006,144.526901,1611300
2015-03-25,159.539993,159.539993,154.389999,154.419998,141.610657,1457800
2015-03-26,154.179993,154.419998,152.639999,152.820007,140.143402,1966800
2015-03-27,154.130005,157.580002,154.130005,156.270004,143.307236,1548700
2015-03-30,157.309998,158.449997,156.539993,156.850006,143.839127,1430300
2015-03-31,155.809998,156.800003,154.309998,154.410004,141.601563,1466000
2015-04-01,154.080002,154.389999,152.529999,153.990005,141.216339,1595400
2015-04-02,154.179993,155.080002,153.539993,153.949997,141.179688,1628400
2015-04-06,152.899994,156.070007,152.899994,155.429993,142.536880,1373000
2015-04-07,156.699997,157.559998,154.839996,155.190002,142.316803,1199900
2015-04-08,155.000000,155.979996,154.020004,154.639999,141.812424,880000
2015-04-09,154.369995,154.720001,152.740005,153.490005,140.757843,1248300
2015-04-10,154.119995,154.270004,152.970001,153.919998,141.152145,1370200
2015-04-13,154.500000,155.820007,153.500000,153.509995,140.776169,1220600
2015-04-14,154.520004,154.990005,153.449997,154.250000,141.454788,1019800
2015-04-15,154.300003,155.000000,150.610001,151.300003,138.749527,1701000
2015-04-16,155.350006,155.429993,153.960007,154.929993,142.078369,1602900
2015-04-17,153.809998,154.309998,151.369995,152.479996,139.831589,1103300
2015-04-20,153.300003,154.100006,152.729996,152.869995,140.189255,693300
2015-04-21,153.050003,153.630005,152.550003,152.880005,140.198425,795400
2015-04-22,153.000000,153.490005,152.039993,152.839996,140.161728,701000
2015-04-23,152.300003,154.529999,152.050003,154.199997,141.408875,889100
2015-04-24,154.039993,154.580002,153.550003,154.279999,141.482285,758300
2015-04-27,154.490005,154.889999,150.669998,151.020004,138.492691,1584500
2015-04-28,150.149994,154.520004,149.190002,154.220001,141.427231,2249500
2015-04-29,155.960007,157.000000,148.289993,151.070007,138.538605,3196900
2015-04-30,151.830002,154.220001,150.460007,150.929993,138.410172,2032800
2015-05-01,151.919998,153.279999,151.490005,153.229996,140.519379,1362000
2015-05-04,153.449997,156.169998,153.009995,155.839996,142.912888,1864900
2015-05-05,154.669998,155.699997,153.910004,154.199997,141.408875,1552000
2015-05-06,154.970001,159.850006,154.029999,159.850006,146.590256,6746600
2015-05-07,158.910004,159.449997,155.580002,155.800003,142.876205,3969100
2015-05-08,157.210007,158.600006,156.360001,158.399994,145.260559,1969100
2015-05-11,158.240005,160.529999,158.080002,158.809998,145.636520,1398200
2015-05-12,157.919998,159.690002,157.330002,158.470001,145.324707,1714800
2015-05-13,159.410004,160.630005,158.300003,158.789993,145.618179,2026700
2015-05-14,160.130005,160.910004,158.880005,160.000000,146.727829,2106500
2015-05-15,160.350006,161.380005,159.899994,161.369995,147.984207,1191400
2015-05-18,162.000000,163.429993,161.429993,163.250000,149.708206,1495000
2015-05-19,163.369995,165.330002,163.250000,164.440002,150.799530,1250400
2015-05-20,164.449997,164.449997,162.679993,163.570007,150.001663,2315500
2015-05-21,163.000000,164.860001,162.500000,164.619995,150.964600,1123600
2015-05-22,164.130005,165.470001,163.460007,164.190002,150.570236,1337300
2015-05-26,164.009995,164.009995,162.179993,162.339996,148.873688,910700
2015-05-27,162.960007,164.169998,162.350006,163.380005,149.827423,1535100
2015-05-28,162.839996,164.250000,162.570007,164.220001,150.597778,1250900
2015-05-29,164.660004,170.979996,162.509995,167.850006,153.926666,5196200
2015-06-01,168.970001,169.000000,166.779999,168.070007,154.128403,1747100
2015-06-02,167.460007,168.220001,164.020004,164.139999,150.524384,1910000
2015-06-03,164.449997,165.110001,162.229996,163.759995,150.175873,2181400
2015-06-04,162.539993,163.449997,160.970001,161.449997,148.057526,1174100
2015-06-05,161.399994,163.380005,159.649994,162.820007,149.313889,1367100
2015-06-08,162.539993,163.899994,161.710007,161.889999,149.033096,1097400
2015-06-09,162.339996,162.940002,161.589996,162.589996,149.677536,1080900
2015-06-10,163.130005,164.559998,162.429993,164.369995,151.316147,1145800
2015-06-11,164.529999,165.330002,163.740005,163.970001,150.947906,1200800
2015-06-12,163.309998,163.800003,160.649994,160.710007,147.946808,1567500
2015-06-15,161.449997,167.199997,160.360001,164.460007,151.399033,3500500
2015-06-16,164.309998,167.850006,164.259995,166.850006,153.599213,1505200
2015-06-17,167.500000,167.979996,164.600006,165.160004,152.043457,1170000
2015-06-18,165.490005,167.059998,164.949997,165.240005,152.117035,1275200
2015-06-19,165.100006,165.860001,164.449997,165.059998,151.951401,1326900
2015-06-22,170.500000,173.589996,168.720001,171.039993,157.456451,5006000
2015-06-23,170.740005,170.740005,162.020004,170.000000,156.499039,3526700
2015-06-24,170.059998,170.910004,167.470001,167.970001,154.630249,1915600
2015-06-25,167.729996,170.580002,165.899994,170.339996,156.812042,2724700
2015-06-26,170.529999,171.000000,164.679993,164.679993,151.601578,4343200
2015-06-29,165.250000,165.380005,162.440002,163.059998,150.110184,2083700
2015-06-30,163.800003,165.850006,163.690002,164.139999,151.104446,1790500
2015-07-01,165.619995,165.929993,164.020004,165.220001,152.098663,1140600
2015-07-02,165.789993,165.789993,162.619995,163.139999,150.183868,1559200
2015-07-06,160.820007,162.429993,157.369995,161.600006,148.766129,2772800
2015-07-07,162.490005,162.660004,158.089996,160.330002,147.596970,2611100
2015-07-08,159.500000,160.550003,159.000000,159.389999,146.731689,1312500
2015-07-09,161.289993,161.979996,158.580002,158.580002,145.985992,1675200
2015-07-10,159.669998,161.009995,159.300003,159.729996,147.044601,1539100
2015-07-13,160.199997,160.820007,155.070007,156.449997,144.025131,2716200
2015-07-14,156.570007,160.809998,156.410004,159.970001,147.265610,1823300
2015-07-15,160.100006,161.800003,158.820007,159.600006,146.924973,1292600
2015-07-16,159.429993,160.059998,157.009995,157.600006,145.083786,1551200
2015-07-17,157.669998,158.610001,157.050003,158.589996,145.995193,1469600
2015-07-20,158.559998,158.839996,154.500000,156.589996,144.154037,2109700
2015-07-21,156.350006,157.000000,154.389999,155.779999,143.408386,1448600
2015-07-22,155.610001,156.789993,154.770004,155.100006,142.782349,1102700
2015-07-23,156.600006,157.119995,154.009995,155.210007,142.883621,2284400
2015-07-24,152.309998,154.149994,148.779999,150.860001,138.879089,4747600
2015-07-27,150.800003,152.029999,149.889999,151.500000,139.468277,2481100
2015-07-28,152.429993,155.000000,151.000000,154.199997,141.953812,3245700
2015-07-29,155.850006,157.000000,151.729996,155.270004,142.938889,3495200
2015-07-30,156.029999,157.050003,152.619995,154.889999,142.589050,3408100
2015-07-31,155.860001,156.119995,153.639999,154.270004,142.018280,2616000
2015-08-03,154.279999,155.270004,152.050003,152.779999,140.646606,1868100
2015-08-04,153.800003,154.000000,151.770004,152.500000,140.388840,1449100
2015-08-05,153.440002,155.009995,152.380005,154.949997,142.644272,2222900
2015-08-06,154.720001,155.949997,152.179993,152.440002,140.333618,1423200
2015-08-07,152.289993,153.000000,151.889999,152.630005,140.508514,1864600
2015-08-10,152.600006,153.770004,152.199997,152.330002,140.232346,996700
2015-08-11,152.000000,152.759995,151.429993,152.419998,140.315186,1153500
2015-08-12,151.580002,152.000000,148.800003,149.470001,137.599518,1842300
2015-08-13,149.970001,150.610001,148.449997,149.690002,137.802017,1548100
2015-08-14,149.690002,150.449997,148.440002,149.300003,137.442963,1687600
2015-08-17,149.389999,152.250000,149.270004,151.899994,139.836502,1860200
2015-08-18,152.179993,154.500000,151.869995,153.300003,141.125320,1996900
2015-08-19,152.429993,152.869995,150.779999,151.949997,139.882523,1354900
2015-08-20,150.539993,151.630005,147.720001,147.860001,136.117371,1939700
2015-08-21,145.669998,147.500000,144.770004,146.619995,134.975845,3783600
2015-08-24,138.889999,143.820007,136.039993,140.679993,129.507553,4219200
2015-08-25,142.509995,143.860001,137.940002,138.139999,127.169273,2623500
2015-08-26,140.259995,142.309998,138.320007,142.160004,130.870010,2606100
2015-08-27,143.000000,144.369995,139.440002,142.160004,130.870010,2274000
2015-08-28,141.770004,142.240005,139.089996,140.559998,129.397110,2018500
2015-08-31,140.089996,143.690002,139.949997,141.050003,129.848190,3228500
2015-09-01,138.490005,139.750000,137.029999,138.059998,127.095619,3342900
2015-09-02,139.050003,140.500000,137.619995,140.470001,129.314255,2357900
2015-09-03,140.809998,143.940002,140.570007,142.949997,131.597260,2721100
2015-09-04,140.839996,142.949997,140.490005,142.050003,130.768784,2201000
2015-09-08,143.490005,146.550003,142.740005,146.429993,135.396622,2216100
2015-09-09,147.270004,147.960007,145.169998,145.600006,134.629211,2346200
2015-09-10,145.110001,146.279999,143.759995,143.940002,133.094284,2030500
2015-09-11,147.750000,147.750000,143.009995,147.089996,136.006882,1582500
2015-09-14,147.440002,147.800003,145.389999,145.869995,134.878799,1600900
2015-09-15,147.660004,148.619995,145.570007,148.240005,137.070267,1465800
2015-09-16,148.619995,151.910004,148.600006,151.149994,139.760971,1762400
2015-09-17,151.979996,152.440002,148.320007,150.270004,138.947311,2275400
2015-09-18,148.789993,149.490005,146.229996,146.860001,135.794235,2662400
2015-09-21,148.669998,149.779999,147.020004,149.570007,138.300049,2085400
2015-09-22,148.009995,149.850006,147.059998,148.660004,137.458618,1832000
2015-09-23,148.240005,150.410004,147.800003,149.279999,138.031860,1532800
2015-09-24,147.520004,149.979996,144.789993,147.059998,135.979156,1875500
2015-09-25,148.020004,148.429993,140.869995,141.910004,131.217224,2209800
2015-09-28,141.210007,142.029999,134.619995,136.309998,126.039162,2941200
2015-09-29,136.500000,139.830002,135.139999,137.720001,127.342949,2699900
2015-09-30,138.899994,141.429993,138.389999,140.000000,129.451126,1812600
2015-10-01,140.309998,140.679993,137.000000,138.940002,128.470993,2142600
2015-10-02,138.000000,141.869995,136.710007,141.850006,131.161743,1429200
2015-10-05,142.889999,143.960007,142.020004,142.850006,132.086411,1499300
2015-10-06,142.880005,142.919998,138.190002,139.460007,128.951874,1621700
2015-10-07,139.949997,139.990005,135.250000,139.410004,128.905594,3358200
2015-10-08,139.220001,139.380005,136.179993,137.330002,126.982285,1998000
2015-10-09,137.149994,141.320007,137.149994,140.490005,129.904205,1951500
2015-10-12,141.000000,143.880005,140.600006,143.860001,133.020264,1418000
2015-10-13,143.710007,149.869995,143.470001,146.529999,135.489105,2288200
2015-10-14,146.279999,147.869995,142.250000,143.350006,132.548737,1578700
2015-10-15,143.130005,145.559998,137.110001,145.229996,134.287064,3427000
2015-10-16,146.860001,147.759995,145.880005,147.050003,135.969894,1493900
2015-10-19,146.350006,149.369995,146.350006,148.809998,137.597305,1308000
2015-10-20,148.979996,149.500000,147.440002,148.240005,137.070267,945500
2015-10-21,149.309998,149.380005,138.750000,142.789993,132.030869,3640000
2015-10-22,142.250000,143.139999,135.240005,139.410004,128.905594,5605600
2015-10-23,140.080002,143.279999,139.279999,140.949997,130.329575,3150500
2015-10-26,140.960007,142.339996,139.539993,141.740005,131.060043,1991800
2015-10-27,141.330002,146.100006,141.330002,144.690002,133.787750,2728200
2015-10-28,141.000000,144.979996,134.740005,141.800003,131.115463,5090900
2015-10-29,140.850006,142.710007,140.399994,141.339996,130.690170,2397800
2015-10-30,141.919998,141.919998,139.029999,139.149994,128.665192,2132600
2015-11-02,139.000000,140.520004,137.720001,139.860001,129.321686,1802500
2015-11-03,139.100006,140.169998,135.529999,137.050003,126.723419,1982100
2015-11-04,138.000000,138.039993,133.089996,135.339996,125.142242,3192100
2015-11-05,135.509995,136.440002,133.789993,136.039993,125.789490,1847200
2015-11-06,134.979996,135.839996,132.460007,133.979996,123.884720,2073900
2015-11-09,133.490005,134.309998,131.949997,133.770004,123.690521,2552400
2015-11-10,133.770004,135.910004,133.539993,135.270004,125.077530,1320600
2015-11-11,136.020004,136.020004,133.949997,134.190002,124.078926,1751200
2015-11-12,134.360001,135.699997,133.259995,133.429993,123.376160,1751000
2015-11-13,133.320007,134.500000,132.000000,132.550003,122.562477,1784900
2015-11-16,132.759995,135.270004,132.759995,135.059998,124.883354,1027900
2015-11-17,134.679993,138.199997,134.050003,136.250000,125.983681,1533800
2015-11-18,136.300003,137.660004,134.649994,137.300003,126.954575,1800000
2015-11-19,130.520004,131.990005,126.250000,127.860001,118.225876,5775100
2015-11-20,128.169998,132.000000,128.029999,131.289993,121.397400,2765600
2015-11-23,131.669998,133.919998,131.029999,131.130005,121.249481,1511100
2015-11-24,130.809998,131.880005,129.759995,131.630005,121.711807,2029000
2015-11-25,131.500000,131.820007,130.320007,131.000000,121.129257,1641100
2015-11-27,131.600006,132.289993,130.169998,131.220001,121.332695,554900
2015-11-30,131.220001,131.580002,130.100006,130.380005,120.555984,2315600
2015-12-01,131.110001,135.990005,130.320007,135.820007,125.586098,2276900
2015-12-02,135.380005,137.139999,132.449997,132.919998,123.472778,5880500
2015-12-03,132.779999,133.809998,129.039993,129.429993,120.230835,2837600
2015-12-04,129.410004,133.179993,129.279999,132.750000,123.314850,1551000
2015-12-07,133.520004,133.520004,131.139999,132.779999,123.342728,1970700
2015-12-08,132.000000,133.449997,130.550003,131.600006,122.246597,3459400
2015-12-09,130.800003,133.960007,130.460007,132.460007,123.045502,2050700
2015-12-10,132.029999,135.199997,131.330002,134.839996,125.256317,1687000
2015-12-11,134.000000,137.479996,133.149994,135.779999,126.129494,2629000
2015-12-14,136.229996,137.000000,134.160004,135.529999,125.897285,1356800
2015-12-15,136.229996,137.300003,134.029999,135.020004,125.423515,1528900
2015-12-16,136.309998,138.119995,135.539993,137.779999,127.987335,1459700
2015-12-17,137.699997,140.490005,137.259995,139.009995,129.129944,1631800
2015-12-18,139.000000,139.830002,137.750000,137.750000,127.959503,1934800
2015-12-21,138.100006,140.619995,137.699997,139.529999,129.612991,1393800
2015-12-22,140.100006,140.880005,138.000000,140.190002,130.226013,1780400
2015-12-23,140.470001,141.080002,139.580002,140.509995,130.523315,901700
2015-12-24,140.679993,141.490005,140.449997,140.559998,130.569809,357500
2015-12-28,140.279999,140.509995,139.009995,140.029999,130.077423,481100
2015-12-29,140.520004,142.279999,140.309998,141.850006,131.768127,669200
2015-12-30,141.869995,142.490005,140.759995,140.960007,130.941345,470400
2015-12-31,140.119995,141.220001,139.419998,139.440002,129.529343,706700
2016-01-04,137.660004,139.429993,137.009995,139.210007,129.315735,1769800
2016-01-05,139.850006,141.949997,139.029999,141.240005,131.201447,1841000
2016-01-06,139.619995,140.479996,136.899994,137.789993,127.996628,1635900
2016-01-07,136.119995,137.820007,134.630005,135.429993,125.804359,1596800
2016-01-08,135.490005,136.509995,131.789993,132.130005,122.738930,1544900
2016-01-11,132.119995,132.990005,127.580002,128.360001,119.236862,1729400
2016-01-12,130.500000,136.520004,130.000000,135.600006,125.962318,2539800
2016-01-13,135.619995,137.169998,133.080002,134.139999,124.606102,2171300
2016-01-14,134.789993,139.240005,133.860001,138.100006,128.284576,2271200
2016-01-15,134.619995,136.710007,133.410004,134.990005,125.395653,2426400
2016-01-19,136.669998,137.899994,133.809998,136.850006,127.123444,2301400
2016-01-20,135.490005,139.080002,131.710007,137.490005,127.717987,3338300
2016-01-21,137.149994,140.490005,137.009995,138.779999,128.916275,2023300
2016-01-22,140.089996,141.800003,138.910004,141.399994,131.350052,1681600
2016-01-25,141.750000,141.750000,137.669998,138.669998,128.814072,1944900
2016-01-26,138.529999,139.710007,136.589996,137.759995,127.968781,1879300
2016-01-27,134.839996,136.100006,129.750000,131.229996,121.902885,3647100
2016-01-28,131.089996,133.080002,126.419998,126.419998,117.434753,3195100
2016-01-29,127.779999,130.529999,127.089996,130.490005,121.215500,2383600
2016-02-01,131.619995,132.440002,129.229996,129.720001,120.500229,1704000
2016-02-02,129.169998,129.889999,125.779999,127.010002,117.982819,2251800
2016-02-03,127.620003,127.699997,123.480003,126.830002,117.815620,2661200
2016-02-04,126.000000,127.489998,122.779999,126.639999,117.639114,2299100
2016-02-05,126.629997,127.089996,122.769997,123.379997,114.610817,1366100
2016-02-08,122.099998,122.500000,115.629997,117.220001,108.888657,3280100
2016-02-09,117.050003,121.750000,115.739998,119.820000,111.303864,2791800
2016-02-10,120.510002,123.160004,119.760002,121.470001,112.836586,1074300
2016-02-11,119.800003,121.150002,118.820000,119.980003,111.452484,1929300
2016-02-12,120.519997,121.610001,119.769997,121.550003,112.910904,1102300
2016-02-16,122.370003,124.970001,122.169998,124.830002,115.957771,1439600
2016-02-17,125.000000,127.709999,124.800003,127.559998,118.493729,1441800
2016-02-18,127.660004,129.490005,127.529999,128.020004,118.921051,1415700
2016-02-19,127.580002,129.130005,126.540001,127.230003,118.187202,1359000
2016-02-22,128.119995,132.479996,128.000000,132.169998,122.776054,1734500
2016-02-23,131.899994,133.880005,130.809998,131.270004,121.940063,1519900
2016-02-24,130.940002,131.070007,128.949997,130.750000,121.456993,1121800
2016-02-25,130.630005,132.240005,129.919998,132.229996,122.831810,1316800
2016-02-26,132.550003,133.850006,131.880005,132.500000,123.082611,1325600
2016-02-29,131.860001,133.619995,130.679993,130.690002,121.401276,1476200
2016-03-01,131.869995,132.169998,130.339996,131.800003,122.432365,1576000
2016-03-02,132.059998,134.119995,131.220001,134.089996,124.559601,1569100
2016-03-03,133.250000,133.500000,130.250000,132.970001,123.519226,1524900
2016-03-04,132.419998,132.880005,131.100006,132.350006,122.943291,1286500
2016-03-07,131.089996,133.240005,130.699997,133.199997,123.732880,1124700
2016-03-08,131.699997,133.979996,131.610001,132.479996,123.667542,1241700
2016-03-09,133.130005,134.759995,132.300003,134.539993,125.590477,1240200
2016-03-10,135.410004,139.600006,134.649994,137.809998,128.642990,2099700
2016-03-11,138.399994,143.210007,138.369995,143.100006,133.581100,2000200
2016-03-14,142.669998,144.690002,141.750000,144.169998,134.579926,1698700
2016-03-15,142.899994,143.880005,141.699997,142.309998,132.843658,1507700
2016-03-16,142.309998,144.000000,141.509995,143.509995,133.963776,1358200
2016-03-17,143.669998,144.000000,138.860001,140.350006,131.014053,1609300
2016-03-18,140.839996,144.110001,140.529999,142.679993,133.189011,1761900
2016-03-21,142.029999,142.350006,138.479996,140.000000,130.687286,1216700
2016-03-22,139.500000,141.649994,138.949997,140.869995,131.499435,1560200
2016-03-23,141.740005,141.860001,139.039993,139.500000,130.220535,1652100
2016-03-24,138.570007,140.000000,137.869995,139.970001,130.659271,1273800
2016-03-28,139.940002,140.789993,138.979996,139.559998,130.276535,993700
2016-03-29,139.770004,140.559998,138.600006,140.279999,130.948654,1490400
2016-03-30,141.029999,141.410004,139.750000,139.970001,130.659271,984400
2016-03-31,139.610001,140.300003,137.649994,138.990005,129.744507,1375800
2016-04-01,138.539993,141.910004,137.830002,141.850006,132.414246,1632900
2016-04-04,141.789993,147.429993,141.289993,147.259995,137.464340,3195100
2016-04-05,144.809998,145.880005,143.139999,143.339996,133.805145,2115200
2016-04-06,143.320007,144.990005,142.910004,144.869995,135.233368,2447600
2016-04-07,143.669998,144.570007,142.500000,143.419998,133.879791,1525000
2016-04-08,144.369995,144.990005,142.529999,143.740005,134.178513,1584700
2016-04-11,144.320007,145.000000,140.720001,140.899994,131.527451,1175900
2016-04-12,141.070007,143.440002,140.830002,142.869995,133.366394,1142400
2016-04-13,143.580002,144.919998,142.500000,143.550003,134.001160,1179700
2016-04-14,143.160004,143.720001,141.500000,143.210007,133.683823,1402000
2016-04-15,143.050003,143.250000,141.850006,142.910004,133.403732,1420100
2016-04-18,142.779999,143.100006,142.050003,142.589996,133.105026,1137300
2016-04-19,143.759995,144.580002,142.740005,144.399994,134.794571,1726400
2016-04-20,144.509995,146.300003,143.419998,145.520004,135.840118,1615000
2016-04-21,145.270004,146.500000,144.820007,145.910004,136.204208,1262500
2016-04-22,146.399994,147.990005,146.000000,147.520004,137.707092,1229700
2016-04-25,146.839996,148.000000,145.149994,146.089996,136.372208,1250800
2016-04-26,145.520004,147.179993,145.289993,147.070007,137.287033,1627600
2016-04-27,146.149994,146.820007,140.990005,144.759995,135.130692,2523300
2016-04-28,145.050003,146.399994,143.610001,144.000000,134.421234,1361900
2016-04-29,142.679993,142.679993,139.330002,140.770004,131.406097,1579100
2016-05-02,141.679993,142.000000,139.720001,140.479996,131.135361,1612800
2016-05-03,139.899994,142.330002,139.899994,141.419998,132.012833,1232500
2016-05-04,138.509995,139.270004,136.750000,138.729996,129.501770,2641500
2016-05-05,138.729996,139.529999,136.460007,137.070007,127.952240,1710100
2016-05-06,136.789993,138.550003,135.850006,137.250000,128.120255,1286200
2016-05-09,136.960007,138.729996,136.649994,138.440002,129.231110,1179900
2016-05-10,138.789993,140.410004,138.500000,140.160004,130.836655,1129700
2016-05-11,140.029999,141.750000,139.419998,139.570007,130.285904,1805100
2016-05-12,139.839996,140.199997,135.149994,136.080002,127.028084,2177500
2016-05-13,136.179993,137.199997,134.770004,135.509995,126.495964,1385500
2016-05-16,135.410004,137.449997,134.839996,137.229996,128.101517,986200
2016-05-17,137.850006,137.850006,134.860001,136.210007,127.149406,1355800
2016-05-18,136.179993,137.240005,134.960007,136.080002,127.028084,970600
2016-05-19,135.380005,137.009995,133.380005,133.789993,124.890366,1353200
2016-05-20,134.619995,135.990005,133.820007,135.729996,126.701355,1085800
2016-05-23,134.699997,135.110001,132.910004,133.179993,124.320969,2198100
2016-05-24,133.039993,134.210007,128.389999,128.479996,119.933594,5836200
2016-05-25,129.199997,131.380005,128.759995,130.960007,122.248650,4254900
2016-05-26,131.460007,131.539993,129.270004,129.610001,120.988441,1651800
2016-05-27,130.100006,131.009995,129.500000,130.699997,122.005936,1579500
2016-05-31,131.250000,132.490005,130.440002,132.160004,123.368835,2311200
2016-06-01,132.160004,133.160004,131.059998,132.509995,123.695518,1859400
2016-06-02,132.740005,133.410004,132.199997,133.289993,124.423660,1462400
2016-06-03,132.410004,132.910004,131.000000,131.839996,123.070114,1298600
2016-06-06,131.820007,132.559998,131.589996,132.440002,123.630188,1134300
2016-06-07,132.279999,133.539993,132.020004,132.910004,124.068916,1577200
2016-06-08,132.250000,134.250000,132.000000,134.199997,125.888779,1558800
2016-06-09,133.929993,134.729996,133.360001,133.750000,125.466637,1467400
2016-06-10,133.139999,133.320007,131.149994,131.520004,123.374771,1366400
2016-06-13,130.770004,132.320007,130.479996,130.679993,122.586769,1133900
2016-06-14,130.610001,131.119995,129.850006,130.520004,122.436684,1260900
2016-06-15,131.119995,131.949997,130.320007,130.610001,122.521111,1316200
2016-06-16,132.110001,133.470001,130.110001,132.279999,124.087685,2788200
2016-06-17,132.270004,132.789993,131.479996,132.339996,124.143959,2039400
2016-06-20,133.630005,134.309998,132.059998,132.720001,124.500427,2068800
2016-06-21,133.369995,133.429993,131.350006,131.449997,123.309074,2065700
2016-06-22,131.300003,131.300003,128.369995,128.720001,120.748161,3640200
2016-06-23,129.750000,130.289993,127.720001,128.669998,120.701256,3328500
2016-06-24,124.820000,127.500000,123.709999,126.379997,118.553085,3111700
2016-06-27,125.330002,125.330002,122.910004,124.849998,117.117851,2311400
2016-06-28,126.209999,128.080002,125.400002,127.050003,119.181595,2646800
2016-06-29,127.750000,131.509995,127.330002,131.479996,123.337219,2420300
2016-06-30,130.869995,132.149994,130.289993,131.339996,123.205910,2307500
2016-07-01,131.250000,132.440002,130.320007,131.669998,123.515480,1222700
2016-07-05,131.649994,131.910004,130.169998,130.839996,122.736855,998000
2016-07-06,130.270004,132.789993,129.839996,132.119995,123.937553,1707100
2016-07-07,132.440002,132.449997,128.550003,129.440002,121.423561,2007600
2016-07-08,130.289993,132.869995,128.740005,132.149994,123.965729,1721700
2016-07-11,132.300003,132.550003,130.320007,131.559998,123.412270,1382200
2016-07-12,132.059998,132.449997,131.410004,131.880005,123.712463,1083800
2016-07-13,132.419998,133.820007,131.979996,133.740005,125.457268,1509500
2016-07-14,134.470001,134.669998,133.500000,133.910004,125.616745,828400
2016-07-15,134.529999,135.960007,133.699997,134.309998,125.991982,1206700
2016-07-18,134.710007,135.289993,134.139999,135.000000,126.639229,1060600
2016-07-19,133.759995,134.600006,130.000000,132.059998,123.881302,2670000
2016-07-20,133.080002,136.479996,132.720001,135.470001,127.080162,1831300
2016-07-21,134.580002,140.619995,134.160004,139.000000,130.391495,3560700
2016-07-22,139.729996,143.179993,139.139999,142.940002,134.087479,2631700
2016-07-25,142.630005,142.940002,139.770004,139.979996,131.310822,2140900
2016-07-26,139.419998,140.089996,137.089996,137.589996,129.068848,2712700
2016-07-27,133.500000,137.990005,132.000000,133.860001,125.569862,3379800
2016-07-28,133.149994,134.240005,132.050003,132.899994,124.669273,2530500
2016-07-29,131.960007,132.970001,131.199997,131.339996,123.205910,1916200
2016-08-01,131.460007,131.679993,127.330002,127.610001,119.706902,2633800
2016-08-02,127.980003,128.970001,125.300003,125.559998,117.783867,3231300
2016-08-03,125.730003,128.889999,125.389999,127.870003,119.950813,2597400
2016-08-04,127.690002,127.879997,126.129997,126.820000,118.965828,1409700
2016-08-05,127.739998,128.570007,127.110001,127.860001,119.941406,1187300
2016-08-08,127.660004,128.350006,127.080002,127.739998,119.828842,1555800
2016-08-09,128.089996,128.490005,127.550003,128.449997,120.494865,1277000
2016-08-10,128.169998,129.529999,127.580002,128.149994,120.213463,1718600
2016-08-11,128.369995,128.600006,127.599998,128.199997,120.260361,1412900
2016-08-12,128.009995,131.259995,127.589996,130.190002,122.127129,1968800
2016-08-15,129.679993,130.119995,128.899994,129.289993,121.282860,1655400
2016-08-16,129.179993,129.820007,128.160004,129.330002,121.320389,1214300
2016-08-17,129.300003,129.779999,128.779999,129.539993,121.517372,1246700
2016-08-18,129.050003,131.100006,128.839996,129.429993,121.414200,1866600
2016-08-19,129.080002,129.970001,128.669998,129.520004,121.498634,1795100
2016-08-22,129.710007,130.699997,129.350006,129.720001,121.686249,677800
2016-08-23,130.250000,130.309998,128.970001,129.119995,121.123398,955400
2016-08-24,129.369995,130.000000,127.349998,127.610001,119.706902,1139100
2016-08-25,127.230003,128.639999,127.010002,127.110001,119.237869,1396800
2016-08-26,127.309998,127.860001,124.529999,124.940002,117.202248,1637700
2016-08-29,124.839996,125.320000,124.160004,124.180000,116.489342,2475700
2016-08-30,124.180000,125.610001,124.000000,125.419998,117.652527,1457500
2016-08-31,125.459999,125.900002,124.230003,125.080002,117.333603,1236400
2016-09-01,124.900002,125.720001,123.180000,123.360001,115.720108,1985000
2016-09-02,123.510002,124.320000,123.019997,124.239998,116.545616,1212600
2016-09-06,124.099998,124.900002,123.760002,124.290001,116.592522,1390300
2016-09-07,123.720001,125.889999,123.099998,125.849998,118.676559,1916000
2016-09-08,125.699997,127.760002,125.699997,127.669998,120.392807,2126500
2016-09-09,126.930000,128.179993,126.519997,126.889999,119.657272,2052300
2016-09-12,126.389999,128.860001,125.589996,128.580002,121.250946,1628600
2016-09-13,126.220001,127.000000,123.949997,124.570000,117.469513,2282300
2016-09-14,124.400002,125.000000,122.519997,123.290001,116.262489,1879900
2016-09-15,123.209999,124.889999,122.959999,124.339996,117.252617,1404100
2016-09-16,124.370003,126.690002,123.870003,125.519997,118.365372,1743000
2016-09-19,125.389999,126.709999,125.139999,126.320000,119.119774,1569300
2016-09-20,126.470001,126.930000,124.980003,125.760002,118.591667,1772900
2016-09-21,126.559998,128.750000,126.080002,128.589996,121.260361,1464700
2016-09-22,128.820007,129.619995,127.839996,128.419998,121.100060,1095900
2016-09-23,127.800003,128.419998,126.440002,126.559998,119.346085,1224900
2016-09-26,126.000000,126.480003,124.860001,125.080002,117.950439,1005900
2016-09-27,125.089996,126.339996,124.400002,126.300003,119.100906,1071400
2016-09-28,126.699997,127.900002,126.239998,127.370003,120.109909,1078600
2016-09-29,127.190002,127.190002,124.879997,124.930000,117.808983,1027200
2016-09-30,125.379997,125.830002,124.010002,125.309998,118.167320,1968200
2016-10-03,124.739998,125.320000,122.580002,122.900002,115.894707,1777200
2016-10-04,123.220001,123.949997,121.709999,122.440002,115.460922,1598000
2016-10-05,122.440002,122.570000,120.970001,122.070000,115.112015,1967700
2016-10-06,122.129997,122.779999,121.550003,122.349998,115.376045,1520000
2016-10-07,122.279999,122.739998,120.779999,121.900002,114.951706,1699200
2016-10-10,122.339996,124.940002,122.339996,124.800003,117.686394,1363000
2016-10-11,124.680000,124.790001,121.550003,121.900002,114.951706,1281400
2016-10-12,122.050003,122.500000,120.169998,120.849998,113.961563,1933600
2016-10-13,120.320000,121.279999,119.790001,121.000000,114.103012,1606600
2016-10-14,121.180000,121.809998,120.760002,121.089996,114.187859,1280800
2016-10-17,120.379997,120.949997,117.500000,118.279999,111.538033,3201100
2016-10-18,120.019997,123.769997,119.660004,123.150002,116.130455,2282900
2016-10-19,123.239998,124.120003,122.629997,123.830002,116.771690,1170200
2016-10-20,123.779999,125.570000,123.349998,124.029999,116.960289,1238900
2016-10-21,123.050003,123.720001,121.919998,123.500000,116.460495,1228100
2016-10-24,124.230003,124.940002,123.860001,124.489998,117.394081,851700
2016-10-25,124.370003,125.449997,123.809998,124.500000,117.403503,941300
2016-10-26,124.470001,125.040001,123.779999,124.169998,117.092308,1200400
2016-10-27,124.000000,124.589996,122.739998,123.489998,116.451073,1351600
2016-10-28,123.099998,123.129997,121.449997,121.620003,114.687660,1947600
2016-10-31,122.349998,123.000000,121.440002,121.860001,114.913979,1303600
2016-11-01,122.440002,122.440002,116.879997,117.419998,110.727058,2847700
2016-11-02,117.769997,123.870003,114.849998,122.989998,115.979591,3477300
2016-11-03,123.480003,124.580002,119.690002,120.029999,113.188286,2069800
2016-11-04,120.669998,121.239998,119.169998,119.290001,112.490479,1761700
2016-11-07,121.029999,123.930000,120.349998,123.489998,116.451073,2221700
2016-11-08,123.190002,127.419998,122.430000,126.839996,119.610115,1806500
2016-11-09,120.400002,129.729996,118.419998,128.750000,121.411270,4356400
2016-11-10,129.559998,133.979996,129.229996,133.860001,126.229965,2999400
2016-11-11,133.550003,135.009995,131.380005,133.679993,126.060242,2669300
2016-11-14,133.800003,138.750000,132.649994,138.600006,130.699814,2130200
2016-11-15,140.020004,142.619995,136.820007,138.419998,130.530075,2501900
2016-11-16,138.369995,139.369995,137.899994,138.389999,130.501770,1391500
2016-11-17,138.449997,138.720001,136.889999,137.880005,130.020844,1505300
2016-11-18,137.389999,137.589996,135.000000,135.350006,127.635071,2188600
2016-11-21,136.000000,137.880005,135.679993,137.360001,129.530472,1204100
2016-11-22,138.289993,141.570007,137.639999,141.309998,133.255356,2694900
2016-11-23,141.479996,143.660004,140.339996,143.619995,135.433655,1694400
2016-11-25,143.619995,145.210007,142.820007,144.740005,136.489792,1231500
2016-11-28,144.059998,145.190002,142.729996,143.240005,135.075363,1934300
2016-11-29,143.729996,146.089996,142.559998,145.279999,136.999023,1999600
2016-11-30,145.509995,145.509995,142.039993,142.529999,134.405792,2535100
2016-12-01,142.380005,146.220001,141.820007,145.169998,137.522491,2545400
2016-12-02,145.009995,147.429993,144.669998,145.100006,137.456192,1418000
2016-12-05,145.059998,145.529999,142.770004,144.089996,136.499374,1858900
2016-12-06,144.440002,144.919998,142.910004,143.550003,135.987808,1019500
2016-12-07,143.539993,145.600006,142.710007,145.199997,137.550903,1435700
2016-12-08,145.259995,147.500000,143.610001,146.610001,138.886612,960000
2016-12-09,147.000000,147.000000,144.360001,145.880005,138.195099,1060200
2016-12-12,145.220001,145.990005,142.699997,145.789993,138.109818,1342900
2016-12-13,146.410004,147.250000,145.070007,146.580002,138.858215,1075400
2016-12-14,146.610001,146.610001,143.770004,144.690002,137.067734,1201400
2016-12-15,145.380005,145.470001,143.190002,143.669998,136.101517,1429400
2016-12-16,144.350006,145.869995,143.600006,145.460007,137.797226,1874800
2016-12-19,145.809998,146.979996,144.320007,144.880005,137.247757,966500
2016-12-20,145.500000,148.259995,144.940002,147.660004,139.881302,1449300
2016-12-21,146.910004,147.479996,144.149994,144.979996,137.342438,960500
2016-12-22,145.240005,145.460007,143.860001,144.580002,136.963593,947700
2016-12-23,144.830002,146.039993,144.000000,146.020004,138.327713,428700
2016-12-27,146.020004,147.139999,145.410004,145.679993,138.005615,361100
2016-12-28,145.750000,146.600006,144.009995,144.259995,136.660431,950400
2016-12-29,144.750000,145.949997,144.330002,144.759995,137.134094,571400
2016-12-30,144.880005,145.500000,143.110001,143.770004,136.196243,1085700
2017-01-03,144.539993,144.779999,140.500000,143.240005,135.694168,1525800
2017-01-04,142.679993,143.850006,140.860001,143.050003,135.514175,1250500
2017-01-05,143.029999,145.889999,143.000000,144.570007,136.954102,1646000
2017-01-06,144.380005,144.759995,143.279999,144.350006,136.745712,1105600
2017-01-09,143.240005,143.740005,142.460007,142.789993,135.267853,906700
2017-01-10,142.389999,147.490005,142.039993,146.339996,138.630829,1637600
2017-01-11,146.190002,146.740005,143.990005,145.830002,138.147736,950400
2017-01-12,144.770004,148.389999,144.339996,148.190002,140.383392,2013800
2017-01-13,148.369995,149.580002,147.410004,148.529999,140.705444,1405200
2017-01-17,147.190002,148.050003,145.309998,146.750000,139.019241,956500
2017-01-18,147.419998,147.850006,145.970001,147.220001,139.464508,1760000
2017-01-19,146.949997,149.949997,144.440002,148.110001,140.307617,2091000
2017-01-20,149.020004,151.990005,149.000000,150.630005,142.694839,1961400
2017-01-23,150.000000,150.600006,146.779999,150.160004,142.249619,2051400
2017-01-24,150.000000,152.550003,148.809998,150.229996,142.315903,1609500
2017-01-25,150.750000,154.610001,150.750000,153.710007,145.612625,1967200
2017-01-26,153.080002,153.789993,151.919998,152.399994,144.371597,1434000
2017-01-27,153.050003,154.240005,152.020004,153.350006,145.271561,1760200
2017-01-30,154.449997,154.479996,152.160004,154.179993,146.057816,2243700
2017-01-31,154.369995,154.970001,151.770004,154.139999,146.019943,2684100
2017-02-01,155.000000,160.789993,154.369995,160.789993,152.319641,4345200
2017-02-02,160.000000,160.309998,156.660004,157.660004,149.354507,2522600
2017-02-03,158.580002,161.800003,158.320007,159.080002,150.699753,1988400
2017-02-06,158.699997,159.990005,156.169998,156.809998,148.549271,1575100
2017-02-07,157.399994,159.220001,155.350006,158.589996,150.235519,2059200
2017-02-08,157.759995,159.110001,156.809998,158.600006,150.244980,1767400
2017-02-09,158.759995,162.490005,157.740005,161.679993,153.162735,2565100
2017-02-10,162.380005,162.479996,160.190002,162.320007,153.769012,1341400
2017-02-13,162.979996,164.220001,161.000000,163.520004,154.905823,1383900
2017-02-14,162.600006,165.880005,160.610001,163.320007,154.716339,4396000
2017-02-15,163.029999,164.669998,161.759995,162.690002,154.119522,3009300
2017-02-16,161.990005,164.139999,160.289993,163.770004,155.142639,2085700
2017-02-17,161.779999,163.250000,159.639999,160.250000,151.808075,2302800
2017-02-21,160.740005,164.479996,160.279999,164.220001,155.568939,2212000
2017-02-22,163.070007,164.369995,162.529999,163.270004,154.668976,1129700
2017-02-23,163.949997,164.309998,163.210007,163.919998,155.284714,845500
2017-02-24,163.729996,163.899994,161.190002,163.830002,155.199478,956000
2017-02-27,163.389999,165.460007,162.850006,164.910004,156.222549,1461200
2017-02-28,165.070007,165.190002,163.130005,164.820007,156.137375,1642800
2017-03-01,166.169998,169.199997,166.100006,166.970001,158.174088,2423600
2017-03-02,166.809998,167.649994,165.600006,165.970001,157.226730,1232800
2017-03-03,165.850006,166.399994,165.110001,166.000000,157.255173,992400
2017-03-06,164.710007,166.330002,164.000000,165.839996,157.103577,2218800
2017-03-07,165.339996,166.960007,165.250000,166.009995,157.264633,1689000
2017-03-08,165.990005,166.470001,165.330002,165.649994,157.540451,949600
2017-03-09,166.000000,167.139999,165.300003,166.179993,158.044479,2008400
2017-03-10,166.979996,167.589996,165.369995,166.410004,158.263260,1098100
2017-03-13,166.190002,167.479996,165.649994,167.240005,159.052612,1520500
2017-03-14,165.970001,167.199997,163.190002,165.179993,157.093460,1279400
2017-03-15,166.000000,170.789993,165.179993,169.199997,160.916672,1953900
2017-03-16,169.199997,169.800003,166.610001,168.419998,160.174835,1993100
2017-03-17,168.770004,169.149994,167.059998,168.270004,160.032166,1605400
2017-03-20,168.320007,168.440002,166.649994,167.589996,159.385452,1268900
2017-03-21,168.229996,168.500000,166.179993,166.990005,158.814835,1529200
2017-03-22,167.100006,167.789993,165.449997,166.440002,158.291763,1309600
2017-03-23,166.440002,166.940002,164.850006,165.380005,157.283676,1899200
2017-03-24,165.880005,167.080002,161.539993,162.750000,154.782410,2199200
2017-03-27,160.509995,162.339996,158.669998,162.190002,154.249847,2355800
2017-03-28,161.690002,165.029999,161.679993,164.600006,156.541840,1324900
2017-03-29,164.369995,165.770004,164.000000,164.979996,156.903229,1019900
2017-03-30,164.850006,167.830002,164.679993,167.080002,158.900436,1055800
2017-03-31,166.589996,166.970001,164.929993,165.380005,157.283676,1287700
2017-04-03,165.380005,167.619995,165.350006,166.490005,158.339294,1489200
2017-04-04,166.630005,167.440002,164.850006,165.699997,157.587997,858500
2017-04-05,166.259995,166.850006,164.559998,164.750000,156.684479,1046000
2017-04-06,164.630005,166.220001,163.869995,165.919998,157.797211,1002200
2017-04-07,165.410004,166.910004,165.080002,166.259995,158.120575,1094600
2017-04-10,166.380005,168.720001,166.350006,167.440002,159.242783,1056000
2017-04-11,166.940002,167.580002,165.729996,167.429993,159.233276,1042900
2017-04-12,166.649994,167.350006,165.240005,166.429993,158.282227,1075700
2017-04-13,165.940002,166.399994,164.649994,164.990005,156.912750,1264200
2017-04-17,165.509995,167.309998,164.910004,166.940002,158.767273,900500
2017-04-18,170.000000,170.179993,165.649994,166.369995,158.225174,966400
2017-04-19,167.210007,167.600006,165.820007,166.789993,158.624649,1069500
2017-04-20,166.929993,169.440002,166.350006,168.070007,159.841965,1761500
2017-04-21,168.000000,168.770004,166.500000,167.800003,159.585159,1225100
2017-04-24,169.289993,169.889999,168.169998,168.410004,160.165314,1004300
2017-04-25,170.000000,173.279999,169.529999,172.460007,164.017029,2201400
2017-04-26,174.119995,180.009995,174.000000,179.029999,170.265427,3561100
2017-04-27,180.270004,184.449997,177.850006,178.300003,169.571136,2621300
2017-04-28,176.429993,179.149994,175.830002,177.889999,169.181229,1741100
2017-05-01,178.500000,179.639999,176.850006,179.199997,170.427078,1203800
2017-05-02,179.679993,181.350006,178.229996,181.270004,172.395737,1237700
2017-05-03,180.570007,181.949997,179.479996,179.940002,171.130859,1297600
2017-05-04,180.679993,181.449997,179.080002,179.889999,171.083298,980700
2017-05-05,180.820007,181.500000,179.220001,180.300003,171.473221,1215000
2017-05-08,180.639999,181.389999,179.089996,179.830002,171.026245,826400
2017-05-09,179.729996,180.610001,177.559998,177.729996,169.029022,2221800
2017-05-10,177.919998,180.289993,177.509995,180.130005,171.311584,1233100
2017-05-11,180.100006,183.369995,178.869995,182.720001,173.774719,1782200
2017-05-12,181.270004,183.789993,180.720001,181.440002,172.557404,1000500
2017-05-15,180.720001,182.789993,179.600006,182.300003,173.375336,1363100
2017-05-16,182.179993,182.559998,179.570007,180.809998,171.958282,1321300
2017-05-17,180.809998,180.809998,176.020004,176.119995,167.497879,1938500
2017-05-18,176.100006,178.500000,175.169998,176.690002,168.039963,1353800
2017-05-19,177.000000,178.039993,175.869995,176.410004,167.773697,1899400
2017-05-22,176.899994,177.039993,174.960007,176.500000,167.859268,1660900
2017-05-23,176.490005,177.899994,175.660004,177.710007,169.010040,1709800
2017-05-24,178.229996,181.229996,177.210007,180.080002,171.263992,1426800
2017-05-25,180.300003,182.520004,180.149994,181.500000,172.614487,1426400
2017-05-26,181.929993,183.130005,180.600006,183.080002,174.117126,897500
2017-05-30,181.699997,185.000000,180.850006,183.320007,174.345398,1513100
2017-05-31,183.820007,184.089996,181.250000,182.350006,173.422882,1807600
2017-06-01,182.789993,188.000000,182.690002,187.690002,178.501450,1930800
2017-06-02,187.130005,188.279999,185.860001,187.580002,178.396805,1229800
2017-06-05,187.350006,187.880005,186.009995,186.690002,177.550415,928600
2017-06-06,186.490005,189.179993,186.059998,187.649994,178.463394,1303300
2017-06-07,187.250000,189.300003,186.570007,188.330002,179.732727,1578700
2017-06-08,188.330002,189.000000,186.630005,187.589996,179.026505,1613100
2017-06-09,188.369995,188.690002,186.220001,186.919998,178.387070,1880500
2017-06-12,187.220001,187.309998,183.100006,186.740005,178.215286,1804300
2017-06-13,186.729996,187.669998,185.410004,187.160004,178.616104,1107900
2017-06-14,187.509995,189.080002,187.160004,188.770004,180.152618,777000
2017-06-15,187.279999,189.389999,187.110001,188.750000,180.133499,791700
2017-06-16,189.360001,190.259995,188.470001,189.960007,181.288300,1864300
2017-06-19,190.330002,192.850006,189.949997,192.740005,183.941406,1992500
2017-06-20,192.250000,193.130005,191.169998,192.000000,183.235184,1806900
2017-06-21,192.330002,193.669998,190.960007,192.070007,183.301956,2080000
2017-06-22,192.130005,194.940002,192.130005,193.360001,184.533081,2159400
2017-06-23,194.039993,194.039993,189.910004,190.169998,181.488678,3143700
2017-06-26,190.199997,190.809998,186.789993,188.149994,179.560913,2230800
2017-06-27,188.710007,189.399994,186.639999,187.410004,178.854706,1417900
2017-06-28,188.589996,189.089996,187.399994,187.919998,179.341446,1712300
2017-06-29,188.860001,188.979996,186.490005,187.169998,178.625641,1306000
2017-06-30,187.490005,188.850006,187.000000,188.130005,179.541840,2034200
2017-07-03,189.210007,191.179993,188.350006,189.600006,180.944733,815300
2017-07-05,189.490005,191.919998,189.190002,191.250000,182.519394,1397600
2017-07-06,191.000000,191.039993,189.199997,190.279999,181.593674,1111200
2017-07-07,191.000000,192.240005,190.009995,191.610001,182.862991,780700
2017-07-10,190.949997,192.679993,190.550003,192.119995,183.349670,1006600
2017-07-11,191.479996,192.660004,190.740005,192.100006,183.330612,1206200
2017-07-12,192.429993,194.380005,191.630005,193.539993,184.704834,1283900
2017-07-13,193.380005,193.889999,191.139999,192.550003,183.760056,1244800
2017-07-14,192.479996,193.149994,191.529999,192.559998,183.769577,1124500
2017-07-17,192.669998,192.759995,191.600006,192.089996,183.321030,942100
2017-07-18,192.669998,193.250000,188.009995,189.449997,180.801605,1841700
2017-07-19,189.809998,191.199997,189.520004,190.289993,181.603241,1042800
2017-07-20,190.179993,191.389999,189.729996,190.690002,181.984955,1250700
2017-07-21,190.100006,191.149994,189.990005,190.649994,181.946777,1227900
2017-07-24,190.970001,191.600006,189.800003,191.000000,182.280823,1139400
2017-07-25,192.000000,192.800003,190.289993,190.580002,181.879990,1712400
2017-07-26,181.190002,187.610001,179.559998,184.990005,176.545181,2605100
2017-07-27,184.529999,184.940002,182.039993,183.520004,175.142288,1824000
2017-07-28,183.669998,188.339996,182.330002,187.789993,179.217346,1301100
2017-07-31,187.820007,188.199997,186.130005,186.210007,177.709488,1361000
2017-08-01,187.000000,188.169998,186.259995,186.669998,178.148483,1226900
2017-08-02,186.490005,189.889999,186.020004,188.949997,180.324387,1260500
2017-08-03,189.279999,191.830002,188.960007,191.440002,182.700745,1155300
2017-08-04,192.500000,192.500000,189.860001,190.479996,181.784531,966800
2017-08-07,190.330002,191.539993,189.259995,190.610001,181.908615,811300
2017-08-08,190.490005,193.360001,189.520004,191.979996,183.216064,1226500
2017-08-09,191.940002,193.160004,191.070007,192.850006,184.046356,827800
2017-08-10,191.949997,193.080002,189.529999,189.720001,181.059250,1224400
2017-08-11,190.500000,190.750000,188.919998,189.429993,180.782455,1212400
2017-08-14,190.220001,192.220001,190.220001,191.309998,182.576660,939700
2017-08-15,192.000000,193.479996,191.350006,192.990005,184.179962,864500
2017-08-16,193.699997,194.580002,193.050003,193.350006,184.523544,841600
2017-08-17,193.270004,193.949997,191.580002,191.960007,183.196976,822200
2017-08-18,192.449997,192.449997,190.699997,191.020004,182.299911,1061200
2017-08-21,191.300003,193.149994,191.080002,192.970001,184.160873,1261700
2017-08-22,192.970001,196.479996,192.070007,194.949997,186.050491,1548500
2017-08-23,194.240005,195.309998,193.690002,195.229996,186.317749,1114100
2017-08-24,195.220001,195.770004,192.240005,192.899994,184.094086,1186200
2017-08-25,193.589996,194.550003,192.589996,192.679993,183.884140,1421000
2017-08-28,193.039993,194.550003,192.699997,193.479996,184.647614,1576700
2017-08-29,192.789993,194.779999,192.770004,193.830002,184.981628,1116700
2017-08-30,193.520004,193.860001,191.479996,191.500000,182.757965,1892400
2017-08-31,192.710007,196.320007,192.410004,196.039993,187.090729,2437000
2017-09-01,196.039993,197.570007,195.649994,197.429993,188.417267,916400
2017-09-05,196.419998,198.979996,195.660004,197.179993,188.178680,1469400
2017-09-06,197.600006,198.130005,192.509995,193.649994,184.809845,1825500
2017-09-07,192.949997,193.940002,191.880005,192.639999,184.512909,1160900
2017-09-08,192.710007,195.009995,192.339996,193.850006,185.671860,1254200
2017-09-11,195.149994,196.139999,193.889999,195.949997,187.683273,1375400
2017-09-12,195.889999,195.889999,188.000000,189.240005,181.256378,2707900
2017-09-13,189.410004,191.990005,188.770004,189.720001,181.716110,1340200
2017-09-14,189.580002,190.000000,186.589996,186.750000,178.871414,1988600
2017-09-15,186.300003,187.889999,184.679993,186.589996,178.718140,2608700
2017-09-18,187.179993,187.520004,184.979996,185.000000,177.195236,1868000
2017-09-19,186.500000,186.500000,180.929993,181.440002,173.785400,3737800
2017-09-20,181.389999,183.529999,179.399994,183.490005,175.748901,3070500
2017-09-21,183.110001,184.440002,182.149994,183.500000,175.758514,1637100
2017-09-22,183.500000,185.779999,180.710007,182.860001,175.145493,2244300
2017-09-25,183.009995,185.410004,181.139999,181.500000,173.842896,2044900
2017-09-26,182.250000,184.970001,182.089996,184.279999,176.505615,1819600
2017-09-27,184.779999,186.869995,183.490005,186.449997,178.584061,1608400
2017-09-28,185.949997,190.139999,185.529999,189.779999,181.773560,2457300
2017-09-29,189.389999,189.940002,187.809998,189.880005,181.869385,1259300
2017-10-02,191.210007,191.779999,190.000000,191.110001,183.047440,1520000
2017-10-03,191.190002,193.380005,190.850006,193.229996,185.078033,1030600
2017-10-04,193.500000,194.869995,193.229996,193.419998,185.260025,973400
2017-10-05,193.410004,194.050003,191.770004,192.919998,184.781097,1187800
2017-10-06,193.070007,194.139999,192.669998,193.220001,185.068420,848000
2017-10-09,192.820007,193.490005,189.929993,190.740005,182.693039,1367400
2017-10-10,190.339996,190.690002,187.360001,188.639999,180.681671,1128100
2017-10-11,188.779999,190.339996,187.550003,189.889999,181.878937,1058800
2017-10-12,190.570007,190.850006,188.589996,189.740005,181.735245,1646300
2017-10-13,185.500000,187.000000,182.309998,183.830002,176.074585,3280000
2017-10-16,183.330002,185.369995,182.710007,183.759995,176.007568,1366100
2017-10-17,184.160004,189.550003,183.690002,187.259995,179.359894,2025700
2017-10-18,190.380005,199.229996,190.009995,191.789993,183.698761,3293400
2017-10-19,191.270004,193.320007,187.750000,193.199997,185.049301,2270500
2017-10-20,193.770004,196.949997,193.690002,194.690002,186.476425,1234500
2017-10-23,194.550003,197.490005,193.330002,195.639999,187.386337,1028100
2017-10-24,195.809998,196.529999,194.020004,195.250000,187.012817,1963800
2017-10-25,200.000000,209.740005,199.750000,205.710007,197.031525,3741200
2017-10-26,206.000000,209.910004,205.240005,206.910004,198.180923,2114500
2017-10-27,207.000000,212.000000,205.940002,211.339996,202.424011,2219500
2017-10-30,211.000000,212.070007,208.639999,209.460007,200.623306,1442900
2017-10-31,209.660004,210.000000,206.979996,209.210007,200.383881,1266400
2017-11-01,210.029999,210.979996,208.669998,209.529999,200.690369,1857800
2017-11-02,210.199997,211.360001,208.399994,210.589996,201.705643,1087500
2017-11-03,210.660004,213.449997,209.250000,211.800003,202.864594,1177200
2017-11-06,213.600006,220.000000,213.169998,216.300003,207.174744,2516100
2017-11-07,217.419998,220.750000,214.479996,217.470001,208.295380,1681900
2017-11-08,216.309998,218.880005,215.169998,216.869995,207.720703,1149300
2017-11-09,215.750000,217.110001,213.289993,215.979996,206.868210,919700
2017-11-10,216.130005,218.979996,214.949997,218.270004,209.061646,1835400
2017-11-13,217.179993,219.809998,216.789993,218.460007,209.243637,2433000
2017-11-14,218.000000,219.490005,215.940002,218.449997,209.234070,1316100
2017-11-15,217.559998,219.139999,216.919998,218.199997,208.994598,1190700
2017-11-16,217.710007,222.210007,217.710007,220.889999,211.571121,1459600
2017-11-17,220.570007,222.240005,220.149994,220.830002,211.513657,1203500
2017-11-20,221.000000,221.630005,218.009995,219.500000,210.239746,1304100
2017-11-21,220.880005,221.649994,219.289993,220.020004,210.737839,1559500
2017-11-22,219.860001,221.029999,219.279999,220.419998,211.120956,1215700
2017-11-24,220.669998,221.470001,219.850006,220.389999,211.092209,443200
2017-11-27,220.809998,221.220001,219.389999,220.029999,210.747391,2132500
2017-11-28,220.770004,222.580002,219.240005,222.279999,212.902451,1712000
2017-11-29,222.770004,230.460007,222.669998,227.309998,217.720261,2198500
2017-11-30,227.429993,236.039993,226.729996,234.960007,225.047531,4622400
2017-12-01,235.500000,236.389999,227.089996,232.339996,222.538055,2742200
2017-12-04,233.610001,233.610001,224.809998,224.949997,216.110901,1856600
2017-12-05,224.949997,225.100006,222.320007,223.490005,214.708282,1870300
2017-12-06,224.309998,224.309998,222.250000,222.710007,213.958939,1013000
2017-12-07,222.639999,224.740005,222.509995,223.639999,214.852402,1222400
2017-12-08,225.639999,226.149994,224.110001,224.850006,216.014862,981300
2017-12-11,225.600006,227.679993,225.080002,226.020004,217.138901,1401900
2017-12-12,226.160004,229.089996,225.130005,228.750000,219.761612,2179500
2017-12-13,229.740005,232.949997,228.360001,232.059998,222.941559,2604700
2017-12-14,231.630005,232.529999,226.119995,227.119995,218.195679,1937500
2017-12-15,227.509995,229.080002,225.759995,226.210007,217.321426,3398400
2017-12-18,228.270004,229.419998,224.539993,227.020004,218.099594,1441500
2017-12-19,227.059998,229.119995,225.449997,227.990005,219.031479,1134300
2017-12-20,227.990005,231.179993,227.779999,227.919998,218.964233,1109900
2017-12-21,228.860001,228.860001,224.960007,225.080002,216.235855,934700
2017-12-22,225.889999,226.820007,223.669998,225.600006,216.735413,1215500
2017-12-26,225.669998,226.929993,225.009995,225.429993,216.572083,441200
2017-12-27,226.210007,226.339996,224.119995,225.240005,216.389557,1237400
2017-12-28,226.199997,227.389999,225.000000,227.039993,218.118790,703400
2017-12-29,227.809998,228.500000,224.800003,225.009995,216.168564,857900
2018-01-02,225.000000,226.600006,223.750000,226.000000,217.119675,1291400
2018-01-03,227.869995,229.550003,225.059998,229.149994,220.145905,1302000
2018-01-04,229.600006,231.410004,228.860001,230.210007,221.164261,1063000
2018-01-05,230.190002,234.539993,229.880005,234.339996,225.131943,1427600
2018-01-08,233.490005,233.490005,230.729996,231.820007,222.711014,1630800
2018-01-09,231.820007,235.470001,231.009995,234.660004,225.439407,1777100
2018-01-10,233.070007,234.770004,232.070007,233.889999,224.699631,851200
2018-01-11,234.000000,237.000000,233.899994,235.000000,225.766052,1520300
2018-01-12,239.130005,240.399994,237.570007,239.820007,230.396637,1916500
2018-01-16,241.199997,243.809998,240.580002,241.750000,232.250809,1513800
2018-01-17,243.009995,250.039993,242.160004,249.149994,239.360016,1712100
2018-01-18,250.250000,250.250000,247.009995,249.649994,239.840378,1205700
2018-01-19,250.649994,250.679993,249.350006,250.059998,240.234283,1523500
2018-01-22,250.149994,250.910004,248.000000,250.500000,240.656998,1267400
2018-01-23,250.470001,250.679993,248.710007,250.500000,240.656998,1007300
2018-01-24,251.089996,253.869995,250.050003,252.990005,243.049133,1472800
2018-01-25,252.910004,254.410004,250.220001,251.350006,241.473602,1075800
2018-01-26,251.350006,258.529999,250.110001,258.190002,248.044830,1213300
2018-01-29,256.690002,259.040009,256.070007,257.019989,246.920761,1975900
2018-01-30,243.809998,249.470001,239.479996,243.440002,233.874390,4527900
2018-01-31,260.209991,267.950012,244.820007,247.850006,238.111115,4063300
2018-02-01,247.419998,248.919998,241.910004,243.929993,234.345169,2001700
2018-02-02,242.050003,243.839996,238.619995,239.179993,229.781784,1380000
2018-02-05,238.110001,239.669998,227.809998,230.449997,221.394806,2016400
2018-02-06,225.820007,236.350006,224.610001,234.830002,225.602707,2347100
2018-02-07,233.880005,240.679993,232.710007,238.440002,229.070877,2311700
2018-02-08,238.020004,240.250000,230.419998,230.570007,221.510132,2362400
2018-02-09,232.289993,233.429993,225.339996,231.710007,222.605316,2597200
2018-02-12,232.679993,234.449997,230.460007,232.770004,223.623657,1790900
2018-02-13,230.830002,234.830002,229.360001,233.449997,224.276917,1397900
2018-02-14,231.710007,235.729996,231.460007,235.020004,225.785263,1500200
2018-02-15,237.100006,237.100006,229.330002,232.059998,222.941559,1532800
2018-02-16,231.360001,236.300003,231.360001,235.020004,225.785263,1086600
2018-02-20,233.279999,234.850006,231.619995,232.220001,223.095261,998800
2018-02-21,233.000000,235.440002,232.000000,232.029999,222.912720,967000
2018-02-22,233.270004,235.169998,232.000000,233.679993,224.497879,1023500
2018-02-23,234.979996,235.559998,232.830002,235.240005,225.996567,1052700
2018-02-26,235.429993,238.660004,234.350006,238.220001,228.859497,974300
2018-02-27,238.880005,240.770004,237.039993,237.210007,227.889191,1341500
2018-02-28,237.470001,239.690002,235.339996,235.380005,226.131119,1593700
2018-03-01,234.649994,236.649994,229.300003,232.039993,222.922318,1498400
2018-03-02,230.880005,233.770004,229.309998,233.080002,223.921478,989800
2018-03-05,231.830002,232.910004,228.440002,232.039993,222.922318,1244500
2018-03-06,232.309998,233.389999,230.050003,232.750000,223.604431,991800
2018-03-07,230.639999,232.160004,229.990005,231.860001,222.749435,973000
2018-03-08,231.990005,232.139999,227.360001,228.789993,220.513306,1998700
2018-03-09,230.440002,233.289993,228.199997,232.800003,224.378281,1957200
2018-03-12,232.199997,232.729996,229.250000,229.860001,221.544632,1962000
2018-03-13,230.949997,231.889999,227.270004,230.220001,221.891617,1783300
2018-03-14,230.550003,230.979996,228.110001,229.029999,220.744675,1670600
2018-03-15,229.389999,231.369995,228.380005,230.000000,221.679565,1378600
2018-03-16,230.789993,230.919998,228.000000,228.110001,219.857925,1834700
2018-03-19,228.179993,229.149994,226.190002,227.990005,219.742279,1088800
2018-03-20,228.449997,230.910004,227.850006,229.979996,221.660294,1326100
2018-03-21,229.649994,229.649994,225.979996,225.990005,217.814636,1316300
2018-03-22,224.779999,225.610001,218.309998,218.850006,210.932938,1571900
2018-03-23,219.149994,219.759995,215.520004,215.630005,207.829376,1481700
2018-03-26,217.580002,221.339996,217.580002,221.080002,213.082230,1594100
2018-03-27,221.740005,223.720001,218.160004,219.440002,211.501587,1338800
2018-03-28,220.210007,223.059998,219.550003,221.479996,213.467789,1509700
2018-03-29,222.660004,223.479996,219.369995,219.699997,211.752167,1634000
2018-04-02,221.360001,224.639999,217.490005,220.130005,212.166595,1935800
2018-04-03,221.750000,228.339996,220.240005,227.509995,219.279663,1648400
2018-04-04,224.399994,229.000000,224.169998,228.419998,220.156723,1572200
2018-04-05,229.339996,231.309998,227.639999,230.729996,222.383133,1227400
2018-04-06,228.589996,230.169998,222.429993,224.779999,216.648376,1786000
2018-04-09,225.649994,227.759995,222.589996,222.869995,214.807510,2151700
2018-04-10,225.100006,226.179993,222.940002,224.949997,216.812241,1380900
2018-04-11,223.309998,224.580002,219.339996,220.320007,212.349747,1355000
2018-04-12,221.919998,224.190002,220.330002,220.460007,212.484665,2027000
2018-04-13,221.550003,223.669998,221.440002,222.020004,213.988266,987500
2018-04-16,223.839996,226.639999,222.339996,225.270004,217.120667,1195700
2018-04-17,228.039993,231.910004,226.970001,229.520004,221.216934,2355300
2018-04-18,229.990005,231.550003,228.500000,230.649994,222.306030,1089800
2018-04-19,230.789993,231.169998,226.910004,227.669998,219.433807,1011100
2018-04-20,228.360001,229.759995,225.330002,226.070007,217.891739,1129900
2018-04-23,226.759995,228.500000,225.520004,227.199997,218.980850,1071300
2018-04-24,227.850006,229.250000,223.539993,225.000000,216.860443,2278200
2018-04-25,230.000000,239.449997,223.179993,238.839996,230.199768,3850700
2018-04-26,241.550003,245.800003,236.210007,237.000000,228.426346,3899300
2018-04-27,236.839996,240.190002,235.610001,239.149994,230.498550,2773200
2018-04-30,239.710007,241.330002,235.550003,235.990005,227.452881,1472600
2018-05-01,235.830002,237.940002,233.070007,235.529999,227.009521,1261100
2018-05-02,234.250000,234.940002,228.809998,229.179993,220.889221,1743200
2018-05-03,229.619995,231.300003,224.130005,230.770004,222.421677,1685700
2018-05-04,230.000000,233.809998,227.690002,233.179993,224.744507,1089200
2018-05-07,233.149994,233.639999,228.089996,229.259995,220.966324,1427800
2018-05-08,228.179993,229.289993,223.410004,224.100006,215.992996,1415700
2018-05-09,224.710007,224.770004,219.960007,221.770004,213.747299,1529200
2018-05-10,222.869995,226.460007,221.779999,225.669998,217.506226,1289000
2018-05-11,225.559998,233.160004,224.740005,232.050003,223.655365,1866400
2018-05-14,232.960007,234.690002,229.910004,232.309998,223.906006,1769000
2018-05-15,231.990005,234.119995,230.070007,230.869995,222.518097,975800
2018-05-16,231.210007,233.350006,230.369995,232.399994,223.992737,818700
2018-05-17,232.130005,233.000000,230.860001,231.789993,223.404816,976000
2018-05-18,231.570007,232.449997,230.779999,231.869995,223.481918,899900
2018-05-21,232.619995,234.389999,232.619995,233.649994,225.197525,644600
2018-05-22,233.419998,235.070007,232.080002,233.929993,225.467422,919500
2018-05-23,233.350006,234.279999,230.000000,232.059998,223.665039,907200
2018-05-24,232.350006,232.350006,229.050003,230.619995,222.277130,678400
2018-05-25,231.029999,233.710007,230.130005,232.389999,223.983093,795600
2018-05-29,230.059998,231.589996,227.809998,229.289993,220.995255,924400
2018-05-30,230.270004,232.449997,229.000000,231.580002,223.202423,896800
2018-05-31,231.429993,231.429993,221.259995,221.419998,213.409943,2424500
2018-06-01,222.779999,223.770004,220.800003,221.500000,213.487061,1697700
2018-06-04,222.559998,225.460007,221.429993,225.240005,217.091782,1237600
2018-06-05,225.259995,228.500000,224.699997,227.869995,219.626587,1253800
2018-06-06,227.589996,228.600006,225.559998,227.860001,219.616974,1099700
2018-06-07,227.850006,230.500000,227.259995,229.589996,222.015167,1448600
2018-06-08,229.630005,229.779999,226.809998,228.300003,220.767715,1016800
2018-06-11,228.110001,234.220001,226.750000,232.330002,224.664764,1458900
2018-06-12,231.970001,232.649994,226.229996,231.679993,224.036194,1464500
2018-06-13,232.500000,236.949997,232.000000,236.300003,228.503769,1709300
2018-06-14,236.960007,242.619995,236.889999,241.740005,233.764313,2481000
2018-06-15,241.039993,245.660004,239.809998,245.160004,237.071457,2479600
2018-06-18,244.720001,246.820007,243.029999,244.039993,235.988419,1606200
2018-06-19,242.320007,245.470001,242.210007,244.490005,236.423569,1362100
2018-06-20,244.000000,245.570007,242.690002,243.949997,235.901382,1268400
2018-06-21,243.949997,244.839996,241.339996,243.080002,235.060074,804300
2018-06-22,243.080002,246.300003,241.550003,244.820007,236.742676,1081000
2018-06-25,243.889999,245.449997,241.610001,243.339996,235.311493,1204700
2018-06-26,242.899994,244.399994,240.710007,241.270004,233.309799,1125700
2018-06-27,241.270004,243.580002,238.970001,240.539993,232.603867,1094600
2018-06-28,239.639999,239.929993,233.479996,239.270004,231.375778,1602500
2018-06-29,239.500000,242.039993,237.789993,238.029999,230.176682,1184700
2018-07-02,237.970001,238.449997,235.380005,238.270004,230.408783,698000
2018-07-03,238.880005,240.119995,237.619995,238.729996,230.853638,569100
2018-07-05,239.720001,241.759995,238.169998,240.050003,232.130051,703300
2018-07-06,240.250000,242.800003,239.550003,242.149994,234.160767,803000
2018-07-09,240.380005,249.050003,239.990005,248.690002,240.484970,1607200
2018-07-10,250.000000,250.580002,248.699997,249.520004,241.287643,1262700
2018-07-11,249.020004,252.050003,247.449997,249.580002,241.345627,922300
2018-07-12,250.860001,252.410004,249.970001,250.580002,242.312607,1451700
2018-07-13,250.179993,250.919998,249.710007,250.509995,242.244949,1016000
2018-07-16,250.429993,250.429993,247.500000,248.279999,240.088501,1027800
2018-07-17,243.529999,247.020004,242.000000,246.029999,237.912750,1387700
2018-07-18,246.100006,249.410004,245.850006,248.630005,240.426987,1090800
2018-07-19,248.570007,249.229996,246.550003,248.639999,240.436661,947600
2018-07-20,246.160004,249.289993,246.009995,248.520004,240.320618,863900
2018-07-23,248.389999,251.089996,247.690002,248.830002,240.620361,1012400
2018-07-24,249.429993,250.000000,245.210007,246.080002,237.961090,1468400
2018-07-25,247.399994,248.750000,240.289993,247.929993,239.750031,2443000
2018-07-26,249.529999,251.179993,246.619995,247.080002,238.928101,999400
2018-07-27,247.910004,249.869995,246.770004,249.479996,241.248901,1056400
2018-07-30,249.229996,253.889999,249.229996,252.210007,243.888855,1520600
2018-07-31,251.960007,253.669998,251.179993,253.000000,244.652802,1336500
2018-08-01,255.000000,256.380005,250.009995,252.270004,243.946915,1328400
2018-08-02,251.389999,257.079987,251.300003,256.529999,248.066315,938800
2018-08-03,256.540009,258.589996,254.419998,257.950012,249.439468,767500
2018-08-06,257.140015,259.209991,256.929993,258.130005,249.613510,808700
2018-08-07,258.130005,259.559998,257.760010,257.970001,249.458817,591400
2018-08-08,258.779999,260.869995,257.369995,260.540009,251.944046,772300
2018-08-09,260.459991,263.239990,260.459991,261.130005,252.514587,697100
2018-08-10,260.239990,262.140015,259.149994,260.040009,251.460495,700500
2018-08-13,260.850006,264.549988,260.049988,262.940002,254.264832,913600
2018-08-14,263.170013,266.000000,263.010010,264.970001,256.227936,931100
2018-08-15,263.910004,265.059998,262.290009,264.170013,255.454285,913700
2018-08-16,265.649994,268.040009,264.480011,266.529999,257.736389,1073700
2018-08-17,266.920013,267.299988,263.859985,263.950012,255.241501,940100
2018-08-20,263.950012,263.959991,262.410004,263.170013,254.487213,870100
2018-08-21,262.790009,263.779999,261.899994,262.600006,253.936066,727700
2018-08-22,262.809998,263.470001,260.809998,262.940002,254.264832,661200
2018-08-23,262.790009,265.559998,262.350006,264.279999,255.560593,761900
2018-08-24,264.350006,266.000000,263.890015,265.380005,256.624329,883600
2018-08-27,266.380005,266.869995,264.709991,266.230011,257.446320,815500
2018-08-28,267.260010,267.709991,266.299988,266.709991,257.910400,691500
2018-08-29,266.959991,268.130005,265.790009,267.130005,258.316589,650300
2018-08-30,267.019989,267.019989,264.309998,265.010010,256.266541,769400
2018-08-31,264.320007,265.390015,263.179993,264.730011,255.995758,1149100
2018-09-04,264.170013,266.109985,262.709991,263.700012,254.999725,1164200
2018-09-05,267.390015,268.279999,265.220001,267.850006,259.012848,2045000
2018-09-06,267.779999,272.359985,267.040009,270.890015,261.952576,1502600
2018-09-07,269.869995,273.140015,269.359985,271.899994,263.659149,1824000
2018-09-10,267.730011,269.040009,261.760010,262.589996,254.631393,1984500
2018-09-11,261.940002,264.279999,260.799988,264.170013,256.163483,1294200
2018-09-12,263.750000,267.809998,263.690002,266.339996,258.267670,873700
2018-09-13,267.470001,270.880005,265.950012,270.339996,262.146484,1204400
2018-09-14,270.200012,272.260010,269.769989,270.779999,262.573151,1030200
2018-09-17,272.170013,274.000000,269.299988,269.630005,261.458008,970000
2018-09-18,269.290009,272.700012,268.989990,270.970001,262.757446,1080700
2018-09-19,271.760010,272.660004,270.399994,271.850006,263.610718,1101000
2018-09-20,272.350006,275.070007,272.089996,274.119995,265.811920,1267700
2018-09-21,274.220001,276.000000,272.519989,272.519989,264.260468,2717000
2018-09-24,271.899994,274.690002,270.600006,273.230011,264.948883,1047000
2018-09-25,273.730011,274.329987,269.700012,270.250000,262.059204,1172400
2018-09-26,270.000000,271.529999,268.869995,269.459991,261.293121,786600
2018-09-27,270.000000,273.220001,269.649994,271.640015,263.407104,916900
2018-09-28,271.609985,274.220001,269.959991,274.049988,265.744080,1053800
2018-10-01,274.760010,278.109985,273.769989,276.200012,267.828888,1015300
2018-10-02,276.299988,277.850006,275.049988,276.119995,267.751312,922500
2018-10-03,276.920013,277.200012,275.309998,276.239990,267.867676,707200
2018-10-04,276.410004,276.880005,273.220001,274.989990,266.655518,693900
2018-10-05,275.660004,277.980011,274.309998,275.920013,267.557343,655900
2018-10-08,275.950012,277.989990,274.609985,277.390015,268.982849,833300
2018-10-09,277.420013,280.429993,275.220001,279.179993,270.718567,923800
2018-10-10,279.049988,279.529999,272.049988,272.649994,264.386444,1997600
2018-10-11,272.350006,274.589996,266.029999,268.519989,260.381653,2016100
2018-10-12,269.489990,272.910004,267.720001,271.410004,263.184021,1326700
2018-10-15,270.989990,271.929993,267.320007,267.380005,259.276215,1305300
2018-10-16,270.929993,279.079987,270.000000,278.420013,269.981628,1417800
2018-10-17,276.920013,281.399994,275.700012,279.579987,271.106384,1067900
2018-10-18,279.679993,282.549988,277.910004,281.190002,272.667603,903800
2018-10-19,281.089996,283.059998,278.510010,279.149994,270.689453,1054100
2018-10-22,279.260010,280.510010,272.790009,275.730011,267.373108,955100
2018-10-23,271.920013,276.119995,268.510010,274.089996,265.782837,1654900
2018-10-24,273.529999,276.470001,265.100006,265.429993,257.385315,1753600
2018-10-25,266.440002,273.690002,263.890015,270.929993,262.718597,1893000
2018-10-26,269.709991,270.000000,263.510010,265.750000,257.695618,1653700
2018-10-29,267.920013,269.480011,259.720001,263.519989,255.533157,2257600
2018-10-30,264.339996,267.250000,261.600006,265.489990,257.443481,1904100
2018-10-31,270.000000,279.200012,266.000000,275.570007,267.217957,2621600
2018-11-01,278.570007,279.649994,264.299988,265.929993,257.870117,2286900
2018-11-02,267.480011,275.279999,266.209991,268.000000,259.877441,1430800
2018-11-05,268.959991,271.500000,268.079987,269.179993,261.021637,1066200
2018-11-06,268.859985,273.380005,268.859985,272.010010,263.765900,984400
2018-11-07,274.679993,290.839996,274.209991,289.940002,281.152496,2393500
2018-11-08,289.010010,289.529999,285.079987,287.369995,278.660339,1763400
2018-11-09,287.720001,288.600006,284.679993,287.059998,278.359680,918300
2018-11-12,287.209991,288.239990,282.230011,282.670013,274.102753,863300
2018-11-13,282.899994,284.589996,278.320007,280.250000,271.756134,1109400
2018-11-14,281.769989,283.910004,275.760010,280.100006,271.610687,1537600
2018-11-15,279.059998,284.890015,276.859985,284.140015,275.528198,1945200
2018-11-16,284.149994,288.940002,283.489990,286.329987,277.651825,1378700
2018-11-19,286.820007,287.859985,279.339996,281.790009,273.249451,1579500
2018-11-20,280.000000,282.119995,276.480011,277.859985,269.438568,1051700
2018-11-21,278.230011,281.589996,277.279999,278.950012,270.495544,924900
2018-11-23,277.859985,282.269989,276.399994,280.739990,272.231232,564700
2018-11-26,283.730011,286.320007,281.070007,281.329987,272.803345,1679100
2018-11-27,279.660004,282.679993,276.290009,282.079987,273.530609,1591300
2018-11-28,283.019989,292.950012,283.019989,291.299988,282.471222,1317800
2018-11-29,290.940002,293.750000,290.660004,292.170013,283.314880,1289000
2018-11-30,293.119995,294.410004,287.950012,290.070007,281.278503,1707200
2018-12-03,292.950012,297.230011,291.329987,296.250000,287.271179,2139600
2018-12-04,296.200012,300.570007,291.570007,292.920013,284.763092,2707600
2018-12-06,289.670013,291.640015,274.970001,287.410004,279.406494,2292500
2018-12-07,285.869995,288.320007,278.809998,280.529999,272.718048,1675500
2018-12-10,280.000000,280.989990,270.359985,276.660004,268.955872,1696500
2018-12-11,279.750000,282.899994,274.779999,276.239990,268.547546,1367700
2018-12-12,280.329987,282.970001,278.179993,278.559998,270.802917,1221900
2018-12-13,280.070007,282.760010,278.640015,280.450012,272.640320,1444900
2018-12-14,279.609985,281.600006,271.679993,275.579987,267.905853,1307400
2018-12-17,268.209991,271.429993,265.049988,266.690002,259.263489,2178900
2018-12-18,267.250000,268.910004,256.000000,259.359985,252.137573,2249300
2018-12-19,259.149994,263.480011,255.470001,257.609985,250.436310,1807800
2018-12-20,257.000000,257.709991,250.059998,252.110001,245.089478,2777900
2018-12-21,250.740005,259.130005,248.889999,251.960007,244.943665,2980700
2018-12-24,250.100006,251.679993,246.570007,249.000000,242.066071,1013600
2018-12-26,249.490005,259.670013,248.199997,259.399994,252.176453,1624400
2018-12-27,256.950012,260.880005,250.710007,260.880005,253.615265,1449600
2018-12-28,262.239990,263.079987,258.019989,259.079987,251.865356,1004200
2018-12-31,259.690002,262.890015,258.209991,262.630005,255.316528,978300
2019-01-02,258.410004,258.929993,250.880005,255.020004,247.918457,2180300
2019-01-03,256.510010,256.880005,248.089996,248.419998,241.502228,2156500
2019-01-04,250.009995,253.639999,249.160004,249.910004,242.950760,1787300
2019-01-07,249.919998,253.119995,249.250000,250.350006,243.378479,1485300
2019-01-08,252.860001,256.350006,241.179993,249.460007,242.513290,3164700
2019-01-09,250.949997,255.000000,250.789993,251.350006,244.350662,1458000
2019-01-10,251.490005,254.039993,250.470001,252.270004,245.245041,1705500
2019-01-11,251.779999,256.940002,251.270004,256.640015,249.493347,1432400
2019-01-14,255.990005,257.600006,254.410004,255.119995,248.015656,1569600
2019-01-15,255.000000,261.260010,253.690002,260.350006,253.099991,1457300
2019-01-16,260.399994,263.000000,259.679993,261.920013,254.626297,1283000
2019-01-17,261.809998,263.769989,260.880005,261.890015,254.597122,1199600
2019-01-18,264.269989,266.850006,262.399994,266.119995,258.709351,1581200
2019-01-22,265.619995,267.790009,262.380005,264.570007,257.202484,1344200
2019-01-23,265.529999,268.429993,264.220001,268.100006,260.634216,1307700
2019-01-24,268.510010,269.329987,264.450012,265.600006,258.203857,1746900
2019-01-25,268.260010,272.980011,267.630005,272.679993,265.086639,2004900
2019-01-28,270.910004,271.540009,268.540009,270.010010,262.491028,1316600
2019-01-29,269.859985,273.429993,267.600006,272.709991,265.115845,1442000
2019-01-30,291.940002,305.989990,290.500000,297.559998,289.273834,4478000
2019-01-31,297.709991,304.380005,297.119995,303.000000,294.562378,3410500
2019-02-01,301.260010,304.739990,299.829987,303.290009,294.844330,2444200
2019-02-04,303.559998,304.320007,300.329987,304.209991,295.738617,1181100
2019-02-05,305.000000,307.230011,302.410004,303.549988,295.097015,1399900
2019-02-06,302.869995,311.600006,302.329987,311.359985,302.689514,1755300
2019-02-07,310.000000,310.450012,305.619995,308.049988,299.471741,1075900
2019-02-08,306.579987,307.440002,301.019989,304.250000,295.777527,1735500
2019-02-11,304.630005,305.480011,299.609985,302.170013,293.755463,1037600
2019-02-12,303.660004,307.100006,301.510010,306.440002,297.906586,1042300
2019-02-13,306.869995,309.500000,304.450012,305.700012,297.187164,1149500
2019-02-14,305.670013,309.269989,304.010010,308.170013,299.588409,809700
2019-02-15,310.869995,311.839996,308.779999,311.579987,302.903442,1153600
2019-02-19,311.000000,312.579987,310.320007,311.600006,302.922913,1021200
2019-02-20,311.109985,313.679993,310.049988,312.950012,304.235291,1092500
2019-02-21,313.209991,313.209991,308.859985,311.299988,302.631165,1024800
2019-02-22,311.299988,317.209991,309.549988,316.790009,307.968353,1247400
2019-02-25,317.640015,317.989990,314.149994,314.399994,305.644867,1665500
2019-02-26,313.220001,317.559998,313.220001,317.420013,308.580780,1496400
2019-02-27,315.149994,315.970001,304.230011,306.070007,297.546814,2618900
2019-02-28,305.350006,309.589996,297.700012,300.730011,292.355591,2766600
2019-03-01,303.869995,308.809998,303.089996,307.679993,299.112000,2124600
2019-03-04,307.619995,308.989990,291.220001,292.589996,284.442261,2751700
2019-03-05,294.359985,300.600006,290.010010,298.690002,290.372375,2481400
2019-03-06,299.309998,299.309998,293.239990,294.459991,286.260162,1558000
2019-03-07,300.239990,301.299988,286.820007,291.420013,283.304810,2409800
2019-03-08,291.000000,296.589996,290.070007,295.040009,286.824036,1822900
2019-03-11,295.209991,297.000000,292.579987,295.970001,287.728119,1404300
2019-03-12,297.000000,298.500000,295.209991,296.980011,288.709961,1018500
2019-03-13,298.769989,304.850006,297.640015,303.609985,295.155365,1144700
2019-03-14,303.660004,306.459991,303.369995,305.450012,296.944122,967800
2019-03-15,304.649994,306.670013,301.910004,303.000000,295.335876,1632000
2019-03-18,304.000000,308.880005,303.640015,308.230011,300.433533,1091400
2019-03-19,308.329987,312.410004,306.359985,307.989990,300.199615,1276100
2019-03-20,307.769989,309.309998,300.829987,303.010010,295.345612,1222300
2019-03-21,301.160004,305.339996,301.160004,304.859985,297.148804,943600
2019-03-22,304.480011,306.000000,301.070007,301.510010,293.883606,1096100
2019-03-25,301.570007,301.570007,293.519989,297.750000,290.218658,983900
2019-03-26,299.220001,299.500000,285.220001,288.299988,281.007660,2394300
2019-03-27,288.790009,291.540009,279.220001,283.000000,275.841797,2518600
2019-03-28,285.000000,285.000000,279.600006,282.350006,275.208221,1693600
2019-03-29,284.739990,287.649994,281.700012,286.980011,279.721100,1582100
2019-04-01,289.799988,290.519989,284.570007,288.329987,281.036926,1347400
2019-04-02,289.429993,289.690002,285.390015,288.200012,280.910217,1163200
2019-04-03,289.730011,291.000000,285.739990,287.660004,280.383881,1015300
2019-04-04,288.329987,292.079987,287.329987,291.200012,283.834381,760600
2019-04-05,291.220001,293.559998,289.209991,293.309998,285.890961,1072900
2019-04-08,293.140015,293.649994,288.920013,289.500000,282.177307,997800
2019-04-09,288.250000,291.290009,286.720001,290.100006,282.762146,1095300
2019-04-10,290.420013,291.190002,286.359985,288.040009,280.754272,1008200
2019-04-11,289.700012,290.940002,275.350006,276.290009,269.301453,2381000
2019-04-12,276.890015,276.890015,249.149994,252.850006,246.454361,7352000
2019-04-15,254.600006,264.649994,254.500000,262.880005,256.230652,4080000
2019-04-16,266.429993,267.489990,241.190002,245.130005,238.929642,6399600
2019-04-17,243.399994,243.830002,227.160004,236.250000,230.274261,7072900
2019-04-18,238.020004,241.440002,230.509995,239.619995,233.558990,3977900
2019-04-22,240.740005,245.240005,239.070007,244.000000,237.828217,3303000
2019-04-23,245.250000,252.160004,244.080002,250.639999,244.300247,3763500
2019-04-24,248.300003,253.990005,247.750000,251.000000,244.651138,3264200
2019-04-25,249.000000,257.529999,248.250000,255.910004,249.436966,3185800
2019-04-26,258.000000,266.769989,257.429993,266.399994,259.661652,4127700
2019-04-29,266.700012,268.170013,262.540009,266.290009,259.554413,2248300
2019-04-30,266.329987,268.170013,260.000000,263.029999,256.376892,2341400
2019-05-01,262.260010,264.910004,256.630005,260.720001,254.125320,1854900
2019-05-02,260.769989,262.010010,255.429993,261.589996,254.973282,1604600
2019-05-03,262.010010,263.339996,257.140015,261.700012,255.080505,1231700
2019-05-06,257.250000,269.750000,256.100006,268.700012,261.903412,1686200
2019-05-07,267.369995,269.399994,262.290009,264.890015,258.189819,1473400
2019-05-08,264.709991,266.890015,260.260010,264.649994,257.955902,1228100
2019-05-09,261.600006,267.890015,260.350006,266.049988,259.320465,1471200
2019-05-10,268.769989,269.820007,261.690002,268.309998,261.523285,1467900
2019-05-13,264.489990,266.019989,258.579987,261.200012,254.593185,2501200
2019-05-14,262.750000,264.750000,261.200012,261.329987,254.719879,1281800
2019-05-15,259.269989,262.950012,257.500000,258.649994,252.107620,2055800
2019-05-16,259.320007,269.440002,259.140015,263.820007,257.146881,1524900
2019-05-17,261.350006,267.839996,261.000000,265.070007,258.365326,879500
2019-05-20,264.989990,266.880005,262.579987,266.309998,259.573853,1207700
2019-05-21,269.000000,278.290009,268.010010,277.059998,270.051971,2404300
2019-05-22,274.649994,280.250000,274.390015,277.140015,270.129974,1537900
2019-05-23,275.079987,278.010010,273.410004,277.720001,270.695313,1683100
2019-05-24,277.190002,279.929993,275.019989,277.250000,270.237183,1386100
2019-05-28,278.119995,279.100006,272.190002,272.260010,265.373413,1621900
2019-05-29,270.440002,276.920013,269.440002,275.570007,268.599670,1672200
2019-05-30,276.549988,279.260010,275.070007,277.820007,270.792786,1113800
2019-05-31,276.450012,279.769989,273.730011,277.980011,270.948730,2056600
2019-06-03,277.429993,281.589996,273.799988,276.440002,269.447662,2270100
2019-06-04,277.079987,281.149994,276.529999,279.809998,272.732452,1722500
2019-06-05,282.820007,282.820007,274.109985,276.920013,269.915527,1487600
2019-06-06,280.000000,281.670013,277.140015,277.500000,270.480865,1612400
2019-06-07,277.540009,279.850006,276.309998,278.130005,271.878754,1377500
2019-06-10,280.000000,282.489990,277.929993,282.140015,275.798615,1232700
2019-06-11,282.140015,285.859985,281.869995,283.450012,277.079132,1485600
2019-06-12,282.890015,283.440002,278.679993,281.100006,274.781952,1268600
2019-06-13,281.200012,285.299988,280.760010,285.100006,278.692078,1073900
2019-06-14,286.000000,286.950012,282.510010,285.320007,278.907104,1426500
2019-06-17,285.450012,288.049988,285.190002,287.450012,280.989258,1085000
2019-06-18,288.369995,290.190002,286.500000,288.329987,281.849457,1829500
2019-06-19,288.109985,292.149994,286.519989,291.070007,284.527832,1115100
2019-06-20,292.459991,294.369995,289.380005,291.230011,284.684296,1525800
2019-06-21,292.369995,294.829987,289.429993,293.760010,287.157440,1965600
2019-06-24,293.790009,294.859985,286.609985,290.529999,284.000000,1523800
2019-06-25,289.980011,291.350006,284.070007,285.179993,278.770233,1750100
2019-06-26,285.179993,285.799988,277.109985,278.839996,272.572754,1474600
2019-06-27,279.489990,284.250000,278.809998,282.420013,276.072296,1116600
2019-06-28,282.260010,282.390015,275.540009,282.209991,275.867035,2629200
2019-07-01,283.899994,284.660004,278.890015,282.720001,276.365570,1300600
2019-07-02,283.209991,283.209991,277.149994,280.660004,274.351868,1380900
2019-07-03,279.589996,284.480011,279.589996,282.779999,276.424194,720100
2019-07-05,282.730011,288.309998,282.279999,284.059998,277.675476,979200
2019-07-08,283.480011,285.649994,281.399994,284.739990,278.340118,944800
2019-07-09,282.779999,285.579987,281.910004,284.160004,277.773163,841600
2019-07-10,284.769989,289.049988,283.010010,287.920013,281.448669,1227700
2019-07-11,296.609985,304.079987,294.510010,303.880005,297.049988,2581000
2019-07-12,304.170013,312.480011,302.609985,310.480011,303.501648,2029200
2019-07-15,309.700012,310.779999,305.899994,306.850006,299.953186,1780100
2019-07-16,307.510010,307.760010,303.089996,305.410004,298.545593,994400
2019-07-17,304.500000,306.890015,301.529999,304.690002,297.841766,1249300
2019-07-18,304.160004,305.040009,297.010010,304.570007,297.724457,1324600
2019-07-19,305.600006,306.369995,301.500000,302.119995,295.329529,938700
2019-07-22,301.739990,303.760010,300.209991,301.779999,294.997131,858000
2019-07-23,300.880005,303.470001,296.649994,302.589996,295.788940,1220100
2019-07-24,293.480011,293.480011,280.059998,288.910004,282.416443,3389200
2019-07-25,289.269989,296.119995,288.000000,293.950012,287.343170,1985000
2019-07-26,294.450012,300.010010,292.619995,299.980011,293.237610,1123300
2019-07-29,299.700012,302.070007,296.929993,298.320007,291.614929,1119700
2019-07-30,298.279999,299.989990,295.029999,299.640015,292.905273,795700
2019-07-31,300.809998,302.390015,294.450012,294.609985,287.988312,1516700
2019-08-01,294.420013,296.269989,290.410004,292.950012,286.365631,1149800
2019-08-02,292.579987,294.369995,288.320007,290.570007,284.039124,909500
2019-08-05,287.549988,290.420013,279.540009,283.619995,277.245300,1347100
2019-08-06,284.130005,291.299988,284.010010,291.040009,284.498566,1290600
2019-08-07,287.339996,288.399994,280.420013,286.500000,280.060577,1265500
2019-08-08,287.109985,289.640015,285.750000,288.649994,282.162262,964000
2019-08-09,288.119995,289.940002,285.200012,287.329987,280.871918,1083800
2019-08-12,285.500000,286.619995,280.549988,282.000000,275.661743,1045100
2019-08-13,281.109985,288.980011,281.109985,286.899994,280.451569,1186600
2019-08-14,283.390015,284.269989,272.529999,272.899994,266.766266,1489900
2019-08-15,273.309998,275.589996,270.959991,274.109985,267.949036,1188800
2019-08-16,276.869995,278.260010,275.049988,275.540009,269.346893,776400
2019-08-19,278.000000,278.809998,273.079987,273.410004,267.264801,1385900
2019-08-20,271.790009,272.799988,266.329987,266.570007,260.578552,1446400
2019-08-21,268.209991,269.390015,266.500000,267.880005,261.859100,981100
2019-08-22,268.260010,269.019989,260.820007,261.059998,255.192398,1524300
2019-08-23,261.350006,264.239990,259.290009,260.380005,254.527679,1375100
2019-08-26,262.359985,264.149994,259.839996,260.510010,254.654770,1237000
2019-08-27,261.119995,261.809998,251.009995,251.300003,245.651764,2045400
2019-08-28,250.850006,256.869995,250.190002,253.809998,248.105331,1360000
2019-08-29,256.329987,260.350006,254.669998,259.790009,253.950943,1504200
2019-08-30,260.989990,263.239990,260.510010,261.519989,255.642044,1159200
2019-09-03,259.809998,260.500000,256.309998,258.100006,252.298920,1038300
2019-09-04,260.529999,261.959991,253.990005,254.229996,248.515884,1292900
2019-09-05,254.399994,255.369995,249.220001,251.220001,245.573547,2881700
2019-09-06,252.880005,255.970001,248.690002,249.380005,243.774887,2241100
2019-09-09,250.809998,252.229996,247.610001,250.449997,245.608765,1303800
2019-09-10,251.080002,254.210007,248.199997,252.589996,247.707413,2220100
2019-09-11,253.000000,254.500000,248.389999,249.809998,244.981140,1382600
2019-09-12,251.470001,253.279999,248.020004,248.160004,243.363052,1827100
2019-09-13,250.550003,256.579987,249.009995,253.080002,248.187927,2052400
2019-09-16,252.500000,260.279999,252.460007,258.579987,253.581619,1748400
2019-09-17,258.489990,259.260010,255.820007,257.290009,252.316559,1204100
2019-09-18,255.899994,259.709991,251.389999,251.789993,246.922867,1979700
2019-09-19,252.580002,257.230011,251.000000,255.449997,250.512100,1818200
2019-09-20,255.580002,256.140015,251.550003,252.089996,247.217056,2174800
2019-09-23,250.850006,252.429993,249.360001,251.399994,246.540390,1250400
2019-09-24,252.619995,252.970001,246.169998,248.190002,243.392456,1889800
2019-09-25,247.690002,250.470001,243.970001,244.000000,239.283432,1526200
2019-09-26,243.789993,244.770004,235.449997,238.800003,234.183960,2310100
2019-09-27,240.270004,241.470001,237.100006,237.690002,233.095428,1148700
2019-09-30,237.220001,242.369995,236.029999,240.100006,235.458847,1424200
2019-10-01,241.350006,241.440002,235.119995,238.440002,233.830902,1693700
2019-10-02,237.660004,241.929993,236.369995,237.899994,233.301346,1202600
2019-10-03,237.279999,239.490005,235.899994,238.229996,233.624969,1357300
2019-10-04,238.720001,241.800003,238.669998,241.789993,237.116165,913600
2019-10-07,241.750000,242.509995,240.419998,241.029999,236.370850,1234600
2019-10-08,239.070007,239.940002,234.910004,235.520004,230.967361,1572800
2019-10-09,237.600006,238.669998,236.110001,238.250000,233.644592,944300
2019-10-10,237.399994,239.639999,235.679993,237.229996,232.644302,1145900
2019-10-11,239.809998,244.919998,236.970001,237.550003,232.958130,1565700
2019-10-14,237.610001,238.979996,234.690002,234.820007,230.280899,1233500
2019-10-15,240.729996,251.740005,240.509995,248.940002,244.127945,2834000
2019-10-16,247.130005,248.520004,244.339996,245.020004,240.283722,1679900
2019-10-17,245.979996,250.080002,245.229996,249.250000,244.431961,1372200
2019-10-18,248.899994,250.360001,246.199997,249.399994,244.579071,1534600
2019-10-21,250.929993,254.300003,249.490005,253.070007,248.178131,2391400
2019-10-22,253.160004,264.959991,253.160004,260.250000,255.219284,2851800
2019-10-23,252.679993,272.959991,251.639999,263.510010,258.416321,2742300
2019-10-24,264.790009,265.600006,257.350006,259.489990,254.474030,1582100
2019-10-25,258.910004,263.420013,258.100006,263.070007,257.984833,1369200
2019-10-28,264.600006,271.089996,263.010010,267.670013,262.495911,1598900
2019-10-29,266.679993,275.690002,266.320007,272.640015,267.369843,1537900
2019-10-30,271.790009,274.190002,270.500000,273.459991,268.173950,962800
2019-10-31,272.459991,275.230011,266.630005,269.079987,263.878662,1877400
2019-11-01,269.320007,275.709991,268.690002,270.750000,265.516357,1432700
2019-11-04,272.399994,273.519989,266.529999,271.720001,266.467621,1175200
2019-11-05,273.859985,275.809998,271.679993,273.000000,267.722900,1404500
2019-11-06,272.510010,277.549988,272.500000,277.320007,271.959351,1603900
2019-11-07,277.720001,281.029999,277.720001,279.769989,274.361969,1614000
2019-11-08,280.010010,283.440002,279.010010,282.089996,276.637146,1229700
2019-11-11,279.779999,281.220001,277.730011,279.149994,273.753998,993000
2019-11-12,278.529999,284.980011,278.529999,283.670013,278.186646,1302600
2019-11-13,281.799988,287.660004,280.829987,283.739990,278.255219,1305700
2019-11-14,283.000000,284.480011,281.920013,282.010010,276.558716,1186900
2019-11-15,281.790009,298.619995,278.640015,297.820007,292.063110,2661800
2019-11-18,297.600006,307.380005,293.709991,294.000000,288.316986,2349500
2019-11-19,294.480011,295.149994,290.119995,292.720001,287.061676,2286900
2019-11-20,293.540009,293.690002,288.049988,292.700012,287.042053,1208800
2019-11-21,292.859985,295.970001,289.279999,293.730011,288.052155,1368500
2019-11-22,294.010010,296.989990,290.059998,291.829987,286.188873,1149400
2019-11-25,291.000000,294.290009,290.209991,293.890015,288.209076,1452000
2019-11-26,292.309998,293.880005,286.850006,287.239990,281.687592,2464600
2019-11-27,288.630005,291.600006,286.920013,289.450012,283.854889,1189000
2019-11-29,289.179993,290.750000,287.500000,288.660004,283.080170,512500
2019-12-02,289.619995,292.230011,287.000000,287.429993,281.873962,1262000
2019-12-03,285.010010,286.970001,282.350006,286.190002,280.657898,1093100
2019-12-04,288.010010,289.109985,285.730011,287.380005,282.614929,896000
2019-12-05,286.720001,288.359985,284.230011,286.299988,281.552826,970000
2019-12-06,282.089996,285.609985,280.850006,285.269989,280.539917,1618500
2019-12-09,285.429993,285.429993,282.239990,282.329987,277.648621,1209200
2019-12-10,282.579987,284.359985,280.369995,283.850006,279.143402,863400
2019-12-11,283.100006,284.450012,279.649994,280.600006,275.947357,1149700
2019-12-12,281.829987,285.040009,280.399994,284.420013,279.704010,1110600
2019-12-13,285.059998,288.619995,283.549988,284.119995,279.408966,897100
2019-12-16,285.700012,297.350006,285.019989,291.779999,286.941925,2021000
2019-12-17,291.000000,293.299988,289.010010,290.739990,285.919159,1107500
2019-12-18,290.940002,294.750000,290.109985,293.179993,288.318726,1105100
2019-12-19,294.500000,299.779999,293.899994,298.220001,293.275146,1941200
2019-12-20,301.720001,303.320007,297.679993,303.000000,297.975891,2823500
2019-12-23,303.100006,304.609985,300.440002,303.179993,298.152954,1308200
2019-12-24,303.820007,304.769989,302.480011,304.500000,299.451019,333100
2019-12-26,304.820007,305.239990,304.010010,304.760010,299.706757,484600
2019-12-27,305.059998,306.600006,304.630005,306.420013,301.339233,604900
2019-12-30,306.540009,306.570007,304.459991,305.309998,300.247650,831700
2019-12-31,305.299988,305.549988,300.170013,302.029999,297.021973,916000
2020-01-02,302.670013,302.820007,297.200012,300.869995,295.881195,1200500
2020-01-03,293.679993,299.529999,293.679993,296.880005,291.957428,986800
2020-01-06,295.750000,300.559998,294.769989,300.450012,295.468170,1308700
2020-01-07,299.200012,300.279999,294.609985,299.540009,294.573273,1313200
2020-01-08,300.890015,308.760010,298.510010,307.480011,302.381653,2067800
2020-01-09,307.829987,309.000000,305.790009,306.410004,301.329376,1439900
2020-01-10,307.940002,309.100006,306.429993,307.739990,302.637299,1049900
2020-01-13,306.880005,307.000000,296.339996,296.739990,291.819702,1756500
2020-01-14,296.040009,298.049988,294.820007,296.880005,291.957428,1067700
2020-01-15,297.260010,304.799988,297.220001,301.549988,296.549927,1401000
2020-01-16,302.920013,305.239990,302.089996,305.049988,299.991943,704200
2020-01-17,305.070007,305.649994,300.079987,305.390015,300.326294,1312600
2020-01-21,303.940002,308.230011,303.170013,305.989990,300.916321,992400
2020-01-22,306.679993,306.679993,302.140015,303.510010,298.477448,998000
2020-01-23,303.459991,305.359985,301.290009,304.399994,299.352692,1089300
2020-01-24,304.839996,305.579987,295.420013,297.279999,292.350739,1088700
2020-01-27,293.630005,293.809998,278.950012,283.790009,279.084442,2399600
2020-01-28,285.000000,293.619995,284.130005,290.320007,285.506165,1985900
2020-01-29,279.500000,282.329987,272.160004,272.910004,268.384857,4450400
2020-01-30,269.260010,270.440002,261.690002,265.890015,261.481262,2738500
2020-01-31,265.679993,268.559998,264.010010,265.279999,260.881348,2206900
2020-02-03,266.109985,270.649994,262.790009,266.429993,262.012299,1925500
2020-02-04,269.899994,277.369995,269.899994,273.369995,268.837219,1413800
2020-02-05,275.359985,293.179993,275.359985,287.329987,282.565704,2448900
2020-02-06,288.779999,288.779999,280.029999,282.329987,277.648621,1759800
2020-02-07,279.700012,281.839996,276.279999,276.480011,271.895660,1597500
2020-02-10,275.880005,278.029999,274.019989,276.549988,271.964447,1149200
2020-02-11,277.040009,279.940002,273.779999,279.910004,275.268768,1777100
2020-02-12,286.269989,296.730011,286.269989,296.000000,291.091980,2763300
2020-02-13,294.730011,299.519989,294.559998,298.869995,293.914368,1931300
2020-02-14,299.290009,300.859985,295.459991,297.820007,292.881805,1433800
2020-02-18,297.450012,304.339996,295.769989,302.450012,297.435028,1972500
2020-02-19,302.010010,304.519989,299.299988,304.059998,299.018341,1338700
2020-02-20,301.380005,301.679993,293.690002,293.940002,289.066162,1889500
2020-02-21,292.029999,296.790009,290.170013,294.709991,289.823395,1111000
2020-02-24,283.489990,283.500000,276.579987,277.500000,272.898773,2518700
2020-02-25,279.209991,279.480011,264.489990,267.399994,262.966187,1954900
2020-02-26,269.839996,274.029999,262.709991,268.149994,263.703766,1733200
2020-02-27,263.059998,268.079987,257.470001,257.859985,253.584366,2328900
2020-02-28,249.940002,260.549988,249.350006,257.089996,252.827179,2983800
2020-03-02,259.600006,272.190002,250.380005,271.269989,266.772034,3317500
2020-03-03,270.130005,280.720001,255.880005,256.380005,252.128922,3017700
2020-03-04,286.549988,297.519989,285.339996,296.420013,291.505035,5162200
2020-03-05,287.649994,288.269989,281.250000,287.160004,282.398560,2868600
2020-03-06,278.179993,284.130005,268.929993,282.190002,277.510986,3414600
2020-03-09,264.000000,276.359985,260.809998,269.820007,265.346069,2712800
2020-03-10,278.329987,288.109985,273.000000,286.049988,281.306976,2611600
2020-03-11,278.600006,289.160004,275.140015,281.690002,277.019257,3415900
2020-03-12,262.029999,278.690002,253.460007,256.209991,251.961716,3100200
2020-03-13,267.500000,271.359985,251.050003,270.339996,266.846893,3027000
2020-03-16,226.500000,247.979996,216.270004,224.039993,221.145142,2815300
2020-03-17,229.759995,246.710007,224.919998,238.320007,235.240616,3100800
2020-03-18,224.449997,230.000000,186.610001,206.960007,204.285843,3649800
2020-03-19,206.220001,212.619995,193.479996,200.869995,198.274521,3322000
2020-03-20,204.289993,217.940002,185.690002,191.589996,189.114426,4780200
2020-03-23,188.539993,189.580002,171.029999,174.679993,172.422913,3236700
2020-03-24,183.979996,201.000000,181.119995,196.839996,194.296585,3130500
2020-03-25,190.089996,226.839996,187.039993,216.369995,213.574249,3521300
2020-03-26,221.279999,238.789993,215.000000,235.669998,232.624863,2705300
2020-03-27,217.610001,228.500000,217.160004,222.960007,220.079102,2585300
2020-03-30,224.660004,233.880005,220.160004,230.580002,227.600632,2095800
2020-03-31,235.279999,235.830002,223.899994,227.039993,224.106384,2956400
2020-04-01,217.009995,221.550003,210.410004,214.300003,211.531006,2225900
2020-04-02,210.529999,219.500000,203.990005,211.389999,208.658600,2625600
2020-04-03,208.889999,210.929993,199.169998,203.300003,200.673126,1777000
2020-04-06,215.509995,227.520004,212.179993,225.720001,222.803436,2648600
2020-04-07,235.699997,236.570007,220.940002,224.050003,221.155014,2450000
2020-04-08,227.149994,248.830002,226.410004,247.020004,243.828217,2415200
2020-04-09,240.940002,248.059998,239.929993,242.460007,239.327148,2191200
2020-04-13,240.779999,243.490005,237.649994,240.529999,237.422058,1036600
2020-04-14,245.759995,254.190002,245.240005,252.009995,248.753738,2145600
2020-04-15,249.149994,254.350006,245.110001,250.470001,247.233627,2424600
2020-04-16,254.509995,273.390015,250.619995,271.839996,268.327515,2717300
2020-04-17,279.010010,279.899994,263.209991,267.820007,264.359467,1954700
2020-04-20,262.480011,273.209991,261.190002,263.200012,259.799164,1597900
2020-04-21,255.000000,259.899994,249.300003,249.369995,246.147842,1617900
2020-04-22,255.089996,265.500000,254.800003,262.959991,259.562256,1174000
2020-04-23,264.709991,266.239990,258.440002,261.549988,258.170471,1587400
2020-04-24,265.480011,267.230011,260.570007,264.119995,260.707245,1390700
2020-04-27,267.559998,271.739990,263.010010,270.059998,266.570526,1794200
2020-04-28,274.220001,276.799988,262.000000,268.220001,264.754303,1789900
2020-04-29,280.000000,282.350006,264.000000,280.609985,276.984192,2080800
2020-04-30,278.739990,285.980011,276.200012,280.730011,277.102661,2098700
2020-05-01,275.339996,277.000000,264.649994,269.570007,266.086853,1240800
2020-05-04,268.000000,273.510010,265.049988,271.000000,267.498352,1241600
2020-05-05,274.500000,278.820007,269.809998,275.070007,271.515778,1177000
2020-05-06,276.269989,277.859985,270.000000,270.619995,267.123260,908800
2020-05-07,273.869995,274.200012,265.010010,265.730011,262.296448,1003400
2020-05-08,270.500000,274.760010,268.809998,274.329987,270.785339,969000
2020-05-11,270.940002,276.720001,270.910004,272.369995,268.850616,1157400
2020-05-12,275.880005,280.779999,272.959991,272.959991,269.433044,1311800
2020-05-13,271.079987,272.899994,262.239990,267.799988,264.339722,1711400
2020-05-14,265.170013,274.260010,263.290009,273.279999,269.748871,1300700
2020-05-15,271.059998,279.829987,270.579987,278.089996,274.496765,1174100
2020-05-18,284.970001,287.769989,278.899994,279.959991,276.342590,1324500
2020-05-19,280.000000,286.000000,277.989990,281.100006,277.467865,1013100
2020-05-20,285.000000,285.000000,278.160004,280.000000,276.382080,1122200
2020-05-21,278.950012,283.140015,277.070007,278.679993,275.079102,1084300
2020-05-22,279.100006,279.739990,275.579987,277.109985,273.529419,889800
2020-05-26,283.769989,285.989990,280.559998,283.420013,279.757904,1248100
2020-05-27,286.250000,287.640015,277.570007,287.250000,283.538391,1348400
2020-05-28,290.000000,296.690002,288.609985,291.369995,287.605164,1303000
2020-05-29,291.890015,294.880005,286.760010,294.109985,290.309753,1859000
2020-06-01,293.230011,293.989990,285.220001,290.029999,286.282471,1470800
2020-06-02,291.179993,296.399994,287.570007,294.200012,290.398590,1219900
2020-06-03,296.000000,299.320007,287.910004,289.269989,285.532288,1388700
2020-06-04,286.839996,288.480011,279.540009,282.089996,278.445068,1511500
2020-06-05,283.350006,290.519989,282.119995,287.890015,284.170105,1730100
2020-06-08,286.350006,301.660004,286.100006,300.589996,296.706024,1829800
2020-06-09,300.000000,300.000000,290.000000,291.010010,288.160553,1356000
2020-06-10,293.000000,293.140015,286.529999,288.540009,285.714722,1185400
2020-06-11,283.899994,284.170013,262.269989,264.540009,261.949738,2126600
2020-06-12,272.559998,274.269989,259.299988,265.739990,263.137939,1464400
2020-06-15,257.829987,264.760010,250.880005,262.329987,259.761353,2096600
2020-06-16,273.000000,273.179993,264.540009,267.429993,264.811401,1428500
2020-06-17,268.660004,269.529999,264.170013,265.720001,263.118164,1181500
2020-06-18,263.920013,265.910004,260.190002,265.529999,262.930023,1062300
2020-06-19,270.269989,272.649994,266.329987,266.429993,263.821198,1824600
2020-06-22,265.000000,266.529999,261.579987,265.209991,262.613159,997300
2020-06-23,268.230011,270.609985,265.149994,268.989990,266.356110,890200
2020-06-24,265.079987,266.000000,254.850006,257.309998,254.790512,1497800
2020-06-25,256.709991,261.359985,253.270004,261.000000,258.444397,1469600
2020-06-26,259.850006,264.649994,254.429993,255.649994,253.146774,1997400
2020-06-29,258.149994,262.290009,257.359985,259.269989,256.731323,1365800
2020-06-30,259.750000,264.600006,256.739990,262.980011,260.404968,1195600
2020-07-01,267.190002,270.100006,264.529999,268.679993,266.049164,1110100
2020-07-02,270.950012,273.929993,266.970001,267.000000,264.385620,1008000
2020-07-06,271.369995,271.630005,267.109985,269.000000,266.366028,859600
2020-07-07,266.519989,268.880005,264.420013,264.890015,262.296295,862900
2020-07-08,266.269989,266.929993,260.429993,262.540009,259.969330,1110100
2020-07-09,262.220001,264.040009,254.550003,255.000000,252.503128,1265600
2020-07-10,256.929993,257.000000,253.750000,255.000000,252.503128,982200
2020-07-13,256.390015,262.399994,256.010010,257.579987,255.057846,1325500
2020-07-14,256.440002,263.880005,256.089996,263.470001,260.890167,1754100
2020-07-15,263.250000,268.390015,259.899994,267.279999,264.662903,1557400
2020-07-16,267.279999,269.220001,263.679993,264.089996,261.504120,1131200
2020-07-17,266.119995,268.329987,264.890015,266.369995,263.761780,1036000
2020-07-20,266.119995,267.369995,258.839996,259.000000,256.463989,1309800
2020-07-21,260.529999,269.049988,259.839996,265.709991,263.108246,1555900
2020-07-22,266.279999,268.250000,261.049988,268.089996,265.464966,1006800
2020-07-23,267.850006,270.890015,266.369995,269.929993,267.286957,1004700
2020-07-24,271.000000,273.709991,269.570007,270.489990,267.841431,1104400
2020-07-27,269.000000,269.790009,263.299988,263.989990,261.405090,1615200
2020-07-28,263.350006,267.690002,263.269989,265.230011,262.632965,1228600
2020-07-29,267.510010,285.309998,267.320007,281.559998,278.803070,1961000
2020-07-30,276.420013,279.670013,272.350006,277.190002,274.475861,1085200
2020-07-31,277.049988,277.450012,270.399994,273.799988,271.119019,1009700
2020-08-03,275.220001,277.390015,269.359985,270.750000,268.098907,988000
2020-08-04,269.380005,272.859985,267.720001,270.890015,268.237579,953900
2020-08-05,272.850006,276.010010,270.209991,275.649994,272.950928,1301700
2020-08-06,274.920013,277.640015,269.079987,271.480011,268.821777,1002300
2020-08-07,271.230011,278.179993,271.230011,276.660004,273.951050,928300
2020-08-10,277.089996,280.149994,276.239990,278.850006,276.119629,754400
2020-08-11,283.070007,288.000000,279.089996,280.329987,277.585083,1416900
2020-08-12,282.640015,286.179993,280.450012,283.179993,280.407196,817100
2020-08-13,281.779999,282.369995,278.369995,282.329987,279.565491,687900
2020-08-14,280.450012,285.269989,279.109985,283.230011,280.456726,567700
2020-08-17,283.510010,285.839996,282.179993,283.109985,280.337860,817200
2020-08-18,284.040009,285.649994,281.850006,282.450012,279.684357,959100
2020-08-19,282.779999,286.299988,282.739990,283.399994,280.625031,634000
2020-08-20,281.829987,283.750000,280.549988,281.750000,278.991211,813800
2020-08-21,282.500000,286.269989,281.750000,284.630005,281.843018,957600
2020-08-24,286.769989,287.000000,278.390015,279.160004,276.426575,729600
2020-08-25,280.750000,280.940002,275.160004,276.470001,273.762909,870900
2020-08-26,276.700012,276.709991,266.799988,270.209991,267.564178,1342000
2020-08-27,271.410004,278.640015,269.279999,274.589996,271.901337,1360800
2020-08-28,274.679993,279.010010,271.859985,277.279999,274.564941,643300
2020-08-31,276.209991,284.350006,276.190002,281.519989,278.763428,1514500
2020-09-01,278.019989,280.640015,272.829987,273.079987,270.406097,1712800
2020-09-02,274.640015,281.179993,273.540009,279.970001,277.228638,1388600
2020-09-03,281.839996,284.369995,274.190002,277.000000,274.287720,1247500
2020-09-04,278.230011,279.279999,270.500000,276.220001,273.515350,874700
2020-09-08,275.000000,275.269989,266.320007,267.209991,264.593567,1191000
2020-09-09,267.929993,269.350006,264.559998,267.420013,265.746307,1023900
2020-09-10,268.079987,270.029999,260.589996,260.839996,259.207489,1096100
2020-09-11,262.679993,265.500000,254.479996,258.029999,256.415070,1336700
2020-09-14,258.989990,269.200012,258.989990,265.600006,263.937714,1448100
2020-09-15,265.880005,267.350006,258.869995,260.149994,258.521790,1250300
2020-09-16,261.820007,265.730011,258.519989,263.619995,261.970093,997400
2020-09-17,261.470001,264.570007,259.410004,263.000000,261.353973,820100
2020-09-18,262.049988,266.320007,260.480011,264.190002,262.536530,2162500
2020-09-21,257.239990,257.880005,250.399994,257.709991,256.097076,1567800
2020-09-22,256.820007,258.619995,246.380005,247.440002,245.891357,1977600
2020-09-23,248.199997,251.009995,245.039993,245.729996,244.192047,1669100
2020-09-24,245.039993,249.270004,244.100006,248.779999,247.222977,1311900
2020-09-25,247.490005,256.100006,246.199997,255.250000,253.652481,1321900
2020-09-28,258.829987,261.799988,255.779999,257.059998,255.451157,913800
2020-09-29,258.350006,261.750000,256.559998,259.790009,258.164093,862000
2020-09-30,259.519989,271.149994,258.750000,268.589996,266.908997,1312800
2020-10-01,268.589996,270.769989,266.109985,270.170013,268.479095,918100
2020-10-02,265.790009,280.480011,264.440002,275.010010,273.288818,1582500
2020-10-05,276.980011,285.000000,276.679993,284.790009,283.007629,965700
2020-10-06,286.149994,290.640015,282.500000,283.640015,281.864807,1086400
2020-10-07,285.230011,293.940002,285.230011,293.119995,291.285461,969800
2020-10-08,294.500000,294.500000,288.739990,293.290009,291.454407,1000000
2020-10-09,295.000000,298.450012,293.829987,294.410004,292.567413,813500
2020-10-12,295.429993,300.920013,294.429993,298.570007,296.701385,1037700
2020-10-13,297.059998,299.230011,295.019989,297.440002,295.578430,870100
2020-10-14,295.260010,298.130005,289.609985,292.339996,290.510345,1014400
2020-10-15,287.480011,296.910004,287.170013,294.899994,293.054321,785100
2020-10-16,295.100006,300.369995,292.839996,296.869995,295.011963,768900
2020-10-19,296.000000,298.390015,290.209991,292.209991,290.381165,946900
2020-10-20,293.179993,296.459991,290.950012,291.190002,289.367554,822700
2020-10-21,290.500000,297.290009,290.339996,296.160004,294.306458,898300
2020-10-22,297.019989,306.299988,296.459991,305.170013,303.260071,1176600
2020-10-23,306.720001,311.750000,305.320007,310.760010,308.815063,1489400
2020-10-26,307.609985,308.250000,297.709991,299.750000,297.873962,1205300
2020-10-27,297.779999,300.500000,293.010010,298.880005,297.009430,1532100
2020-10-28,287.920013,297.690002,285.230011,285.799988,284.011261,1557800
2020-10-29,284.470001,285.350006,272.339996,273.260010,271.549774,1737100
2020-10-30,273.920013,275.029999,269.010010,272.799988,271.092621,1567700
2020-11-02,278.190002,279.679993,270.440002,278.250000,276.508545,2193900
2020-11-03,282.670013,295.589996,281.899994,293.459991,291.623322,1790100
2020-11-04,312.799988,332.399994,311.750000,327.859985,325.808014,3987700
2020-11-05,328.720001,334.100006,317.750000,319.600006,317.599731,2333200
2020-11-06,317.929993,318.160004,312.239990,313.320007,311.359039,1606400
2020-11-09,334.980011,337.679993,321.829987,322.410004,320.392151,1617600
2020-11-10,323.049988,330.260010,314.429993,328.559998,326.503662,1975600
2020-11-11,330.190002,332.750000,323.119995,323.369995,321.346130,1517700
2020-11-12,322.820007,331.269989,320.989990,329.920013,327.855164,1504300
2020-11-13,329.940002,334.700012,327.739990,332.959991,330.876129,1205500
2020-11-16,335.920013,338.200012,330.040009,333.149994,331.064911,1344600
2020-11-17,328.730011,332.799988,326.130005,329.839996,327.775635,1038500
2020-11-18,331.160004,333.489990,322.130005,322.380005,320.362335,1351000
2020-11-19,320.619995,320.799988,311.670013,311.850006,309.898254,1610700
2020-11-20,311.429993,312.119995,304.670013,305.619995,303.707214,2311500
2020-11-23,307.700012,313.739990,307.700012,310.660004,308.715698,1169600
2020-11-24,310.570007,317.880005,310.000000,313.940002,311.975159,1302800
2020-11-25,315.070007,315.070007,306.660004,309.049988,307.115753,1180800
2020-11-27,308.690002,313.540009,308.239990,312.799988,310.842255,533300
2020-11-30,311.790009,315.299988,309.339996,311.519989,309.570313,1645700
2020-12-01,317.000000,326.850006,313.309998,313.899994,311.935394,1364200
2020-12-02,313.119995,321.640015,313.070007,318.450012,316.456940,1131700
2020-12-03,318.170013,325.529999,318.100006,323.029999,321.008270,1255000
2020-12-04,321.609985,326.899994,321.079987,323.269989,322.194305,931400
2020-12-07,321.519989,324.200012,317.029999,319.239990,318.177704,697500
2020-12-08,316.660004,322.989990,315.899994,322.690002,321.616241,1637000
2020-12-09,322.750000,324.070007,316.250000,318.440002,317.380371,1016500
2020-12-10,317.660004,319.049988,313.480011,313.750000,312.705994,1224500
2020-12-11,312.160004,315.910004,310.160004,311.399994,310.363800,1372900
2020-12-14,314.140015,316.220001,309.600006,310.100006,309.068146,918600
2020-12-15,312.989990,314.660004,310.519989,313.220001,312.177734,1544900
2020-12-16,312.459991,312.890015,306.839996,310.239990,309.207642,1003200
2020-12-17,309.779999,315.390015,309.779999,314.079987,313.034882,1103900
2020-12-18,314.059998,315.320007,306.399994,308.640015,307.613007,2829600
2020-12-21,303.339996,306.640015,298.600006,306.380005,305.360504,1121600
2020-12-22,305.890015,307.359985,302.559998,303.299988,302.290741,1036800
2020-12-23,306.429993,311.670013,306.429993,308.350006,307.323944,777200
2020-12-24,307.970001,309.600006,307.899994,308.670013,307.642914,224500
2020-12-28,310.630005,315.390015,309.459991,312.890015,311.848846,723400
2020-12-29,315.399994,319.059998,313.609985,314.329987,313.284027,766000
2020-12-30,314.000000,316.369995,313.880005,314.049988,313.004974,574600
2020-12-31,315.149994,322.190002,314.339996,321.089996,320.021545,749300
2021-01-04,321.109985,324.230011,311.380005,318.579987,317.519897,1197800
2021-01-05,317.619995,320.109985,313.679993,315.100006,314.051483,996400
2021-01-06,309.000000,330.230011,308.000000,328.320007,327.227509,1861400
2021-01-07,329.010010,338.549988,328.459991,337.380005,336.257355,1418300
2021-01-08,338.190002,340.670013,332.709991,337.079987,335.958344,1384100
2021-01-11,335.450012,340.980011,335.450012,338.769989,337.642700,942100
2021-01-12,337.299988,340.359985,333.959991,334.779999,333.666016,906500
2021-01-13,334.470001,335.589996,329.269989,330.429993,329.330475,911600
2021-01-14,331.899994,333.000000,321.709991,322.519989,321.446777,1320700
2021-01-15,322.519989,327.209991,319.380005,326.420013,325.333832,1166600
2021-01-19,330.000000,330.869995,323.109985,323.690002,322.612915,954800
2021-01-20,323.339996,323.500000,317.510010,321.519989,320.450104,1158200
2021-01-21,320.950012,325.339996,319.119995,321.700012,320.629547,993700
2021-01-22,320.510010,321.299988,313.959991,314.089996,313.044861,969400
2021-01-25,313.470001,315.970001,311.649994,315.369995,314.320587,860900
2021-01-26,317.600006,318.299988,309.850006,312.519989,311.480072,1222400
2021-01-27,303.670013,308.769989,288.010010,290.170013,289.204468,3046900
2021-01-28,296.500000,306.010010,292.260010,300.510010,299.510040,1767000
2021-01-29,298.260010,301.299988,292.170013,296.980011,295.991791,1659900
2021-02-01,298.970001,302.440002,291.600006,292.559998,291.586487,1689200
2021-02-02,296.399994,306.250000,296.119995,298.989990,297.995087,1924300
2021-02-03,297.130005,300.170013,293.519989,298.359985,297.367188,1196800
2021-02-04,299.000000,300.470001,293.600006,294.359985,293.380493,1317300
2021-02-05,297.029999,297.880005,288.200012,290.850006,289.882202,1478000
2021-02-08,292.079987,292.679993,286.040009,287.700012,286.742676,1437400
2021-02-09,287.500000,299.420013,286.809998,298.700012,297.706085,2073900
2021-02-10,299.570007,302.420013,297.959991,298.170013,297.177826,1090400
2021-02-11,299.079987,301.660004,291.809998,292.839996,291.865570,1097700
2021-02-12,292.049988,293.010010,287.399994,290.679993,289.712738,1087000
2021-02-16,293.399994,293.839996,288.480011,289.619995,288.656281,1178000
2021-02-17,288.730011,295.470001,288.320007,290.250000,289.284180,994000
2021-02-18,288.929993,298.450012,288.929993,296.329987,295.343933,1351900
2021-02-19,296.920013,297.799988,291.160004,294.970001,293.988464,1056000
2021-02-22,292.779999,297.179993,290.859985,295.690002,294.706085,1010800
2021-02-23,298.089996,307.899994,296.339996,304.579987,303.566467,2081100
2021-02-24,302.049988,306.959991,301.269989,305.790009,304.772491,1022200
2021-02-25,306.000000,308.519989,298.600006,300.239990,299.240936,1291900
2021-02-26,302.269989,313.850006,301.519989,303.190002,302.181122,2004000
2021-03-01,307.660004,315.980011,306.359985,311.480011,310.443542,1469900
2021-03-02,309.970001,316.609985,308.649994,311.660004,310.622925,1328100
2021-03-03,310.000000,318.739990,309.140015,314.709991,313.662781,1095000
2021-03-04,317.839996,325.709991,315.109985,321.489990,320.420227,1968900
2021-03-05,323.720001,335.779999,322.750000,333.600006,332.489929,1766500
2021-03-08,334.500000,342.290009,332.290009,339.589996,338.459991,1498200
2021-03-09,339.209991,344.170013,333.329987,333.779999,333.779999,1286500
2021-03-10,335.660004,337.739990,329.750000,333.529999,333.529999,958400
2021-03-11,333.220001,338.000000,330.850006,335.019989,335.019989,997800
2021-03-12,336.600006,343.119995,335.200012,341.720001,341.720001,1281300
2021-03-15,343.140015,344.290009,336.489990,342.809998,342.809998,1366300
2021-03-16,341.109985,344.269989,338.450012,343.570007,343.570007,1318900
2021-03-17,344.559998,345.239990,340.519989,341.920013,341.920013,1422100
2021-03-18,340.959991,353.329987,340.869995,353.320007,353.320007,1570500
2021-03-19,352.230011,359.140015,348.899994,354.130005,354.130005,2962400
2021-03-22,352.839996,352.839996,345.339996,351.140015,351.140015,1448600
2021-03-23,351.250000,354.440002,348.459991,351.829987,351.829987,1232000
2021-03-24,351.029999,362.290009,351.029999,360.869995,360.869995,2090300
2021-03-25,361.470001,367.910004,356.470001,366.869995,366.869995,1725900
2021-03-26,367.690002,372.250000,365.179993,371.309998,371.309998,1432900
2021-03-29,369.970001,379.130005,368.420013,369.369995,369.369995,1395300
2021-03-30,368.839996,370.000000,362.579987,364.089996,364.089996,1390200
2021-03-31,363.209991,365.869995,358.209991,358.950012,358.950012,1414200
2021-04-01,359.929993,360.010010,351.880005,353.760010,353.760010,1262500
2021-04-05,356.450012,359.390015,354.100006,354.890015,354.890015,883400
2021-04-06,354.000000,354.480011,349.049988,352.269989,352.269989,963200
2021-04-07,351.790009,353.750000,350.459991,352.190002,352.190002,857800
2021-04-08,350.950012,355.190002,350.950012,352.890015,352.890015,663000
2021-04-09,354.679993,361.329987,353.529999,361.010010,361.010010,833600
2021-04-12,360.160004,363.100006,358.519989,359.420013,359.420013,788200
2021-04-13,358.970001,361.850006,357.750000,359.019989,359.019989,689000
2021-04-14,360.480011,363.890015,359.260010,362.619995,362.619995,663200
2021-04-15,364.450012,374.679993,364.450012,372.600006,372.600006,1350300
2021-04-16,373.970001,376.540009,371.190002,375.619995,375.619995,899300
2021-04-19,375.450012,379.839996,374.470001,379.660004,379.660004,1084400
2021-04-20,379.380005,386.779999,378.070007,381.880005,381.880005,1989400
2021-04-21,381.920013,386.739990,377.850006,384.839996,384.839996,2045400
2021-04-22,384.640015,385.350006,378.640015,379.779999,379.779999,1143000
2021-04-23,378.390015,383.869995,376.260010,381.950012,381.950012,903500
2021-04-26,382.089996,383.250000,377.209991,377.510010,377.510010,900900
2021-04-27,375.760010,377.700012,373.660004,376.859985,376.859985,800600
2021-04-28,377.519989,379.489990,372.899994,375.279999,375.279999,800600
2021-04-29,377.589996,383.209991,377.589996,383.029999,383.029999,780600
2021-04-30,382.450012,383.049988,377.109985,379.390015,379.390015,1031700
2021-05-03,383.429993,389.309998,382.079987,386.579987,386.579987,940500
2021-05-04,385.929993,393.309998,384.390015,391.670013,391.670013,1336100
2021-05-05,390.200012,390.940002,387.489990,389.119995,389.119995,910600
2021-05-06,390.019989,393.600006,386.540009,388.720001,388.720001,1243700
2021-05-07,388.380005,397.679993,388.380005,396.570007,396.570007,800700
2021-05-10,397.820007,406.000000,397.820007,401.899994,401.899994,988500
2021-05-11,400.700012,403.010010,391.829987,394.489990,394.489990,784400
2021-05-12,393.779999,395.790009,388.839996,390.170013,390.170013,1437400
2021-05-13,390.799988,398.750000,389.359985,395.450012,395.450012,1003300
2021-05-14,397.489990,398.929993,392.450012,393.929993,393.929993,677300
2021-05-17,394.260010,395.640015,392.200012,393.660004,393.660004,562100
2021-05-18,394.000000,396.040009,390.299988,393.440002,393.440002,860200
2021-05-19,392.769989,394.290009,389.140015,393.429993,393.429993,769800
2021-05-20,393.010010,394.690002,390.399994,391.130005,391.130005,1043500
2021-05-21,392.869995,400.040009,392.519989,396.079987,396.079987,720100
2021-05-24,398.019989,398.899994,392.899994,394.339996,394.339996,848200
2021-05-25,394.820007,395.799988,391.730011,395.149994,395.149994,919500
2021-05-26,394.899994,396.510010,390.239990,394.890015,394.890015,1116900
2021-05-27,396.640015,397.989990,392.570007,397.839996,397.839996,1945400
2021-05-28,398.290009,399.730011,396.450012,398.220001,398.220001,992900