Date,Open,High,Low,Close,Adj Close,Volume
1980-03-17,0.000000,2.687075,2.551020,2.551020,1.806748,11025
1980-03-18,0.000000,2.619048,2.482993,2.482993,1.758569,13965
1980-03-19,0.000000,2.619048,2.482993,2.482993,1.758569,5880
1980-03-20,0.000000,2.755102,2.619048,2.619048,1.854929,19110
1980-03-21,0.000000,2.857143,2.721088,2.721088,1.927199,23520
1980-03-24,0.000000,2.857143,2.721088,2.721088,1.927199,29400
1980-03-25,0.000000,2.925170,2.789116,2.789116,1.975379,26460
1980-03-26,0.000000,3.095238,2.959184,2.959184,2.095829,58800
1980-03-27,0.000000,2.857143,2.721088,2.721088,1.927199,41160
1980-03-28,0.000000,2.857143,2.721088,2.721088,1.927199,35280
1980-03-31,0.000000,2.857143,2.721088,2.721088,1.927199,6615
1980-04-01,0.000000,2.857143,2.721088,2.721088,1.927199,39690
1980-04-02,0.000000,2.891156,2.755102,2.755102,1.951288,72765
1980-04-03,0.000000,2.823129,2.687075,2.687075,1.903110,13965
1980-04-07,0.000000,2.721088,2.585034,2.585034,1.830839,22050
1980-04-08,0.000000,2.755102,2.619048,2.619048,1.854929,22050
1980-04-09,0.000000,2.755102,2.619048,2.619048,1.854929,11760
1980-04-10,0.000000,2.857143,2.721088,2.721088,1.927199,76440
1980-04-11,0.000000,2.789116,2.653061,2.653061,1.879019,3675
1980-04-14,0.000000,2.789116,2.653061,2.653061,1.879019,735
1980-04-15,0.000000,2.755102,2.619048,2.619048,1.854929,69090
1980-04-16,0.000000,2.687075,2.551020,2.551020,1.806748,25725
1980-04-17,0.000000,2.585034,2.448980,2.448980,1.734480,13230
1980-04-18,0.000000,2.585034,2.448980,2.448980,1.734480,2205
1980-04-21,0.000000,2.585034,2.448980,2.448980,1.734480,1470
1980-04-22,0.000000,2.653061,2.517007,2.517007,1.782660,18375
1980-04-23,0.000000,2.653061,2.517007,2.517007,1.782660,4410
1980-04-24,0.000000,2.653061,2.517007,2.517007,1.782660,735
1980-04-25,0.000000,2.619048,2.482993,2.482993,1.758569,9555
1980-04-28,0.000000,2.619048,2.482993,2.482993,1.758569,10290
1980-04-29,0.000000,2.619048,2.482993,2.482993,1.758569,1470
1980-04-30,0.000000,2.551020,2.414966,2.414966,1.710389,13230
1980-05-01,0.000000,2.551020,2.414966,2.414966,1.710389,4410
1980-05-02,2.414966,2.414966,2.414966,2.414966,1.710389,0
1980-05-05,0.000000,2.551020,2.380952,2.380952,1.686299,2352
1980-05-06,0.000000,2.636054,2.465986,2.465986,1.746524,35280
1980-05-07,0.000000,2.806122,2.678571,2.678571,1.897086,81732
1980-05-08,0.000000,2.891156,2.763605,2.763605,1.957311,7056
1980-05-09,0.000000,2.806122,2.678571,2.678571,1.897086,14700
1980-05-12,0.000000,2.891156,2.763605,2.763605,1.957311,8820
1980-05-13,0.000000,2.976190,2.848639,2.848639,2.017536,23520
1980-05-14,0.000000,3.018707,2.891156,2.891156,2.047649,24696
1980-05-15,0.000000,2.976190,2.848639,2.848639,2.017536,18816
1980-05-16,0.000000,2.976190,2.848639,2.848639,2.017536,20580
1980-05-19,0.000000,3.018707,2.891156,2.891156,2.047649,13524
1980-05-20,0.000000,3.018707,2.891156,2.891156,2.047649,17640
1980-05-21,0.000000,3.018707,2.891156,2.891156,2.047649,4704
1980-05-22,0.000000,3.018707,2.891156,2.891156,2.047649,22344
1980-05-23,0.000000,3.018707,2.891156,2.891156,2.047649,7644
1980-05-27,0.000000,3.103741,2.976190,2.976190,2.107873,18228
1980-05-28,0.000000,3.146259,3.018707,3.018707,2.137986,11172
1980-05-29,0.000000,3.146259,3.018707,3.018707,2.137986,4116
1980-05-30,0.000000,3.146259,3.018707,3.018707,2.137986,14700
1980-06-02,0.000000,3.273810,3.146259,3.146259,2.228324,98196
1980-06-03,0.000000,3.231293,3.103741,3.103741,2.198212,39984
1980-06-04,0.000000,3.231293,3.103741,3.103741,2.198212,6468
1980-06-05,0.000000,3.316327,3.188776,3.188776,2.258436,8820
1980-06-06,0.000000,4.124150,3.954082,3.954082,2.800461,126420
1980-06-09,0.000000,3.954082,3.784014,3.784014,2.680011,131124
1980-06-10,0.000000,4.124150,3.954082,3.954082,2.800461,111720
1980-06-11,0.000000,3.996599,3.826531,3.826531,2.710124,47040
1980-06-12,0.000000,3.954082,3.784014,3.784014,2.680011,97020
1980-06-13,0.000000,3.996599,3.826531,3.826531,2.710124,31752
1980-06-16,0.000000,3.954082,3.784014,3.784014,2.680011,52920
1980-06-17,0.000000,3.996599,3.826531,3.826531,2.710124,14700
1980-06-18,0.000000,4.081633,3.911565,3.911565,2.770348,60564
1980-06-19,0.000000,4.081633,3.911565,3.911565,2.770348,26460
1980-06-20,0.000000,3.869048,3.698980,3.698980,2.619786,95256
1980-06-23,0.000000,4.081633,3.911565,3.911565,2.770348,185220
1980-06-24,0.000000,4.166667,3.996599,3.996599,2.830573,94668
1980-06-25,0.000000,4.166667,3.996599,3.996599,2.830573,32928
1980-06-26,0.000000,4.166667,3.996599,3.996599,2.830573,73500
1980-06-27,0.000000,4.166667,3.996599,3.996599,2.830573,45864
1980-06-30,0.000000,3.954082,3.784014,3.784014,2.680011,38220
1980-07-01,0.000000,3.996599,3.826531,3.826531,2.710124,18228
1980-07-02,0.000000,3.996599,3.826531,3.826531,2.710124,3528
1980-07-03,0.000000,4.166667,3.996599,3.996599,2.830573,50568
1980-07-07,0.000000,4.081633,3.996599,3.996599,2.830573,12348
1980-07-08,0.000000,4.039116,3.954082,3.954082,2.800461,12348
1980-07-09,0.000000,4.081633,3.996599,3.996599,2.830573,16464
1980-07-10,0.000000,3.996599,3.911565,3.911565,2.770348,18816
1980-07-11,0.000000,4.039116,3.954082,3.954082,2.800461,8820
1980-07-14,0.000000,4.251701,4.124150,4.124150,2.920910,45276
1980-07-15,0.000000,4.251701,4.166667,4.166667,2.951023,55272
1980-07-16,0.000000,4.209184,4.166667,4.166667,2.951023,44688
1980-07-17,0.000000,4.336735,4.251701,4.251701,3.011248,88788
1980-07-18,0.000000,4.336735,4.251701,4.251701,3.011248,37044
1980-07-21,0.000000,4.251701,4.209184,4.209184,2.981137,35868
1980-07-22,0.000000,4.166667,4.081633,4.081633,2.890800,28224
1980-07-23,0.000000,4.166667,4.039116,4.039116,2.860686,9996
1980-07-24,0.000000,4.124150,4.039116,4.039116,2.860686,17052
1980-07-25,0.000000,4.081633,3.996599,3.996599,2.830573,9996
1980-07-28,0.000000,4.294218,4.251701,4.251701,3.011248,79380
1980-07-29,0.000000,4.294218,4.251701,4.251701,3.011248,27636
1980-07-30,0.000000,4.294218,4.209184,4.209184,2.981137,35868
1980-07-31,0.000000,4.081633,3.996599,3.996599,2.830573,54684
1980-08-01,0.000000,4.166667,4.039116,4.039116,2.860686,18816
1980-08-04,0.000000,4.081633,3.996599,3.996599,2.830573,22932
1980-08-05,0.000000,4.081633,4.039116,4.039116,2.860686,10584
1980-08-06,0.000000,4.124150,4.039116,4.039116,2.860686,11760
1980-08-07,0.000000,4.124150,4.039116,4.039116,2.860686,8232
1980-08-08,0.000000,4.166667,4.081633,4.081633,2.890800,21756
1980-08-11,0.000000,4.166667,4.081633,4.081633,2.890800,19992
1980-08-12,0.000000,4.336735,4.251701,4.251701,3.011248,45864
1980-08-13,0.000000,4.379252,4.251701,4.251701,3.011248,19992
1980-08-14,0.000000,4.379252,4.294218,4.294218,3.041361,13524
1980-08-15,0.000000,4.379252,4.294218,4.294218,3.041361,22932
1980-08-18,0.000000,4.294218,4.209184,4.209184,2.981137,28224
1980-08-19,0.000000,4.294218,4.209184,4.209184,2.981137,18228
1980-08-20,0.000000,4.379252,4.294218,4.294218,3.041361,40572
1980-08-21,0.000000,4.421769,4.336735,4.336735,3.071473,21756
1980-08-22,0.000000,4.421769,4.294218,4.294218,3.041361,25872
1980-08-25,0.000000,4.336735,4.251701,4.251701,3.011248,44688
1980-08-26,0.000000,4.336735,4.251701,4.251701,3.011248,24696
1980-08-27,0.000000,4.336735,4.251701,4.251701,3.011248,6468
1980-08-28,0.000000,4.166667,4.124150,4.124150,2.920910,27636
1980-08-29,0.000000,4.166667,4.081633,4.081633,2.890800,9408
1980-09-02,0.000000,4.166667,4.081633,4.081633,2.890800,9408
1980-09-03,0.000000,4.209184,4.124150,4.124150,2.920910,12936
1980-09-04,0.000000,4.209184,4.166667,4.166667,2.951023,14112
1980-09-05,0.000000,4.251701,4.166667,4.166667,2.951023,82320
1980-09-08,0.000000,4.251701,4.166667,4.166667,2.951023,41748
1980-09-09,0.000000,4.251701,4.209184,4.209184,2.981137,15288
1980-09-10,0.000000,4.421769,4.336735,4.336735,3.071473,41160
1980-09-11,0.000000,4.421769,4.336735,4.336735,3.071473,17052
1980-09-12,0.000000,4.506803,4.421769,4.421769,3.131698,38220
1980-09-15,0.000000,4.506803,4.421769,4.421769,3.131698,19992
1980-09-16,0.000000,4.549320,4.464286,4.464286,3.161812,16464
1980-09-17,0.000000,4.676871,4.591837,4.591837,3.252148,64092
1980-09-18,0.000000,4.761905,4.676871,4.676871,3.312373,127596
1980-09-19,0.000000,4.634354,4.549320,4.549320,3.222036,44688
1980-09-22,0.000000,4.889456,4.804422,4.804422,3.402711,59388
1980-09-23,0.000000,4.889456,4.804422,4.804422,3.402711,96432
1980-09-24,0.000000,5.017007,4.931973,4.931973,3.493049,36456
1980-09-25,0.000000,5.017007,4.974490,4.974490,3.523161,32928
1980-09-26,0.000000,5.017007,4.931973,4.931973,3.493049,36456
1980-09-29,0.000000,4.761905,4.676871,4.676871,3.312373,42924
1980-09-30,0.000000,4.974490,4.889456,4.889456,3.462935,49392
1980-10-01,0.000000,5.059524,5.017007,5.017007,3.553273,55860
1980-10-02,0.000000,4.974490,4.889456,4.889456,3.462935,44100
1980-10-03,0.000000,4.889456,4.846939,4.846939,3.432824,28812
1980-10-06,0.000000,4.889456,4.846939,4.846939,3.432824,11760
1980-10-07,0.000000,4.931973,4.889456,4.889456,3.462935,48804
1980-10-08,0.000000,4.974490,4.889456,4.889456,3.462935,11760
1980-10-09,0.000000,4.931973,4.846939,4.846939,3.432824,21168
1980-10-10,0.000000,4.931973,4.846939,4.846939,3.432824,33516
1980-10-13,0.000000,4.974490,4.889456,4.889456,3.462935,19404
1980-10-14,0.000000,5.059524,4.974490,4.974490,3.523161,18228
1980-10-15,0.000000,5.144558,5.059524,5.059524,3.583385,36456
1980-10-16,0.000000,5.144558,5.102041,5.102041,3.613497,59388
1980-10-17,0.000000,5.144558,5.059524,5.059524,3.583385,54096
1980-10-20,0.000000,5.059524,4.974490,4.974490,3.523161,9408
1980-10-21,0.000000,5.059524,4.931973,4.931973,3.493049,13524
1980-10-22,0.000000,5.059524,5.017007,5.017007,3.553273,31752
1980-10-23,0.000000,5.059524,5.017007,5.017007,3.553273,18228
1980-10-24,0.000000,4.974490,4.931973,4.931973,3.493049,29400
1980-10-27,0.000000,4.974490,4.889456,4.889456,3.462935,10584
1980-10-28,0.000000,4.804422,4.719388,4.719388,3.342488,58800
1980-10-29,0.000000,4.846939,4.761905,4.761905,3.372599,2352
1980-10-30,0.000000,4.676871,4.591837,4.591837,3.252148,28224
1980-10-31,0.000000,4.761905,4.676871,4.676871,3.312373,53508
1980-11-03,0.000000,4.846939,4.761905,4.761905,3.372599,14700
1980-11-05,0.000000,5.102041,5.017007,5.017007,3.553273,64092
1980-11-06,0.000000,5.144558,5.059524,5.059524,3.583385,30576
1980-11-07,0.000000,5.272109,5.229592,5.229592,3.703835,51744
1980-11-10,0.000000,5.314626,5.229592,5.229592,3.703835,41748
1980-11-11,0.000000,5.442177,5.357143,5.357143,3.794173,55272
1980-11-12,0.000000,5.527211,5.484694,5.484694,3.884510,33516
1980-11-13,0.000000,6.037415,5.952381,5.952381,4.215748,71736
1980-11-14,0.000000,5.952381,5.867347,5.867347,4.155523,34104
1980-11-17,0.000000,5.824830,5.739796,5.739796,4.065185,38220
1980-11-18,0.000000,5.994898,5.909864,5.909864,4.185635,42924
1980-11-19,0.000000,5.952381,5.909864,5.909864,4.185635,31752
1980-11-20,0.000000,5.952381,5.867347,5.867347,4.155523,7644
1980-11-21,0.000000,5.994898,5.909864,5.909864,4.185635,8820
1980-11-24,0.000000,5.867347,5.824830,5.824830,4.125410,27048
1980-11-25,0.000000,5.909864,5.824830,5.824830,4.125410,11760
1980-11-26,0.000000,5.909864,5.824830,5.824830,4.125410,37044
1980-11-28,0.000000,5.952381,5.867347,5.867347,4.155523,17640
1980-12-01,0.000000,5.952381,5.867347,5.867347,4.155523,11760
1980-12-02,0.000000,5.952381,5.867347,5.867347,4.155523,24108
1980-12-03,0.000000,5.994898,5.909864,5.909864,4.185635,24108
1980-12-04,0.000000,6.164966,6.079932,6.079932,4.306087,28812
1980-12-05,0.000000,6.505102,6.420068,6.420068,4.546984,29988
1980-12-08,0.000000,6.292517,6.207483,6.207483,4.396424,49392
1980-12-09,0.000000,6.037415,5.952381,5.952381,4.215748,41160
1980-12-10,0.000000,5.952381,5.824830,5.824830,4.125410,32928
1980-12-11,0.000000,5.697279,5.654762,5.654762,4.004961,29400
1980-12-12,0.000000,5.697279,5.569728,5.569728,3.944737,17640
1980-12-15,0.000000,5.824830,5.697279,5.697279,4.035073,13524
1980-12-16,0.000000,5.952381,5.824830,5.824830,4.125410,31164
1980-12-17,0.000000,6.079932,5.952381,5.952381,4.215748,29988
1980-12-18,0.000000,6.122449,5.994898,5.994898,4.245859,14700
1980-12-19,0.000000,6.377551,6.250000,6.250000,4.426538,18228
1980-12-22,0.000000,6.845238,6.760204,6.760204,4.787885,45276
1980-12-23,0.000000,6.717687,6.675170,6.675170,4.727660,39984
1980-12-24,0.000000,6.675170,6.632653,6.632653,4.697548,24108
1980-12-26,0.000000,6.717687,6.632653,6.632653,4.697548,24696
1980-12-29,0.000000,6.377551,6.292517,6.292517,4.456648,26460
1980-12-30,0.000000,6.462585,6.335034,6.335034,4.486760,16464
1980-12-31,0.000000,6.802721,6.632653,6.632653,4.697548,45276
1981-01-02,0.000000,6.802721,6.675170,6.675170,4.727660,9408
1981-01-05,0.000000,6.802721,6.717687,6.717687,4.757772,66444
1981-01-06,0.000000,6.760204,6.675170,6.675170,4.727660,43512
1981-01-07,0.000000,6.377551,6.292517,6.292517,4.456648,59976
1981-01-08,0.000000,6.207483,6.122449,6.122449,4.336197,42336
1981-01-09,0.000000,6.335034,6.250000,6.250000,4.426538,20580
1981-01-12,0.000000,6.377551,6.292517,6.292517,4.456648,15876
1981-01-13,0.000000,6.292517,6.207483,6.207483,4.396424,28812
1981-01-14,0.000000,6.250000,6.122449,6.122449,4.336197,24696
1981-01-15,0.000000,6.164966,6.079932,6.079932,4.306087,18816
1981-01-16,0.000000,6.207483,6.079932,6.079932,4.306087,8232
1981-01-19,0.000000,6.207483,6.122449,6.122449,4.336197,17052
1981-01-20,0.000000,6.164966,6.079932,6.079932,4.306087,9996
1981-01-21,0.000000,6.250000,6.122449,6.122449,4.336197,20580
1981-01-22,0.000000,6.207483,6.122449,6.122449,4.336197,9996
1981-01-23,0.000000,6.122449,6.037415,6.037415,4.275974,11172
1981-01-26,0.000000,5.952381,5.824830,5.824830,4.125410,21756
1981-01-27,0.000000,5.994898,5.909864,5.909864,4.185635,14112
1981-01-28,0.000000,6.037415,5.909864,5.909864,4.185635,31164
1981-01-29,0.000000,6.462585,6.377551,6.377551,4.516872,60564
1981-01-30,0.000000,6.462585,6.335034,6.335034,4.486760,17052
1981-02-02,0.000000,6.079932,5.952381,5.952381,4.215748,42336
1981-02-03,0.000000,5.994898,5.909864,5.909864,4.185635,17052
1981-02-04,0.000000,6.037415,5.952381,5.952381,4.215748,21756
1981-02-05,0.000000,6.122449,6.037415,6.037415,4.275974,38808
1981-02-06,0.000000,6.207483,6.079932,6.079932,4.306087,7056
1981-02-09,0.000000,6.207483,6.079932,6.079932,4.306087,12936
1981-02-10,0.000000,6.292517,6.164966,6.164966,4.366310,15288
1981-02-11,0.000000,6.207483,6.122449,6.122449,4.336197,27636
1981-02-12,0.000000,6.207483,6.079932,6.079932,4.306087,3528
1981-02-13,0.000000,6.250000,6.122449,6.122449,4.336197,10584
1981-02-17,0.000000,6.292517,6.164966,6.164966,4.366310,17052
1981-02-18,0.000000,6.292517,6.164966,6.164966,4.366310,4116
1981-02-19,0.000000,6.207483,6.164966,6.164966,4.366310,15288
1981-02-20,0.000000,6.207483,6.079932,6.079932,4.306087,14700
1981-02-23,0.000000,6.207483,6.079932,6.079932,4.306087,7056
1981-02-24,0.000000,6.164966,6.079932,6.079932,4.306087,5880
1981-02-25,0.000000,6.164966,6.037415,6.037415,4.275974,11172
1981-02-26,0.000000,6.164966,6.037415,6.037415,4.275974,4116
1981-02-27,0.000000,6.292517,6.164966,6.164966,4.366310,14112
1981-03-02,0.000000,6.335034,6.250000,6.250000,4.426538,9408
1981-03-03,0.000000,6.462585,6.377551,6.377551,4.516872,17640
1981-03-04,0.000000,6.717687,6.632653,6.632653,4.697548,31164
1981-03-05,0.000000,7.057823,6.972789,6.972789,4.938447,28224
1981-03-06,0.000000,6.887755,6.802721,6.802721,4.817998,35868
1981-03-09,0.000000,6.845238,6.717687,6.717687,4.757772,9408
1981-03-10,0.000000,6.845238,6.717687,6.717687,4.757772,37044
1981-03-11,0.000000,6.717687,6.632653,6.632653,4.697548,5880
1981-03-12,0.000000,6.802721,6.675170,6.675170,4.727660,11760
1981-03-13,0.000000,6.845238,6.760204,6.760204,4.787885,17640
1981-03-16,0.000000,6.845238,6.760204,6.760204,4.787885,9996
1981-03-17,0.000000,6.845238,6.760204,6.760204,4.787885,24696
1981-03-18,0.000000,6.845238,6.760204,6.760204,4.787885,15288
1981-03-19,0.000000,6.760204,6.717687,6.717687,4.757772,17640
1981-03-20,0.000000,6.887755,6.760204,6.760204,4.787885,32340
1981-03-23,0.000000,6.972789,6.887755,6.887755,4.878222,28812
1981-03-24,0.000000,7.015306,6.887755,6.887755,4.878222,48804
1981-03-25,0.000000,6.930272,6.845238,6.845238,4.848113,31164
1981-03-26,0.000000,6.887755,6.760204,6.760204,4.787885,33516
1981-03-27,0.000000,6.675170,6.590136,6.590136,4.667435,16464
1981-03-30,0.000000,6.590136,6.505102,6.505102,4.607210,7056
1981-03-31,0.000000,6.547619,6.462585,6.462585,4.577097,14700
1981-04-01,0.000000,6.505102,6.377551,6.377551,4.516872,22344
1981-04-02,0.000000,6.377551,6.250000,6.250000,4.426538,31164
1981-04-03,0.000000,6.079932,5.952381,5.952381,4.215748,34692
1981-04-06,0.000000,6.037415,5.952381,5.952381,4.215748,27048
1981-04-07,0.000000,6.079932,5.994898,5.994898,4.245859,7644
1981-04-08,0.000000,6.122449,5.994898,5.994898,4.245859,17052
1981-04-09,0.000000,6.037415,5.909864,5.909864,4.185635,18816
1981-04-10,0.000000,5.994898,5.867347,5.867347,4.155523,20580
1981-04-13,0.000000,5.909864,5.824830,5.824830,4.125410,15876
1981-04-14,0.000000,5.824830,5.782313,5.782313,4.095298,15288
1981-04-15,0.000000,5.867347,5.782313,5.782313,4.095298,20580
1981-04-16,0.000000,6.037415,5.952381,5.952381,4.215748,14112
1981-04-20,0.000000,6.079932,5.952381,5.952381,4.215748,28224
1981-04-21,0.000000,6.122449,6.037415,6.037415,4.275974,5880
1981-04-22,0.000000,6.122449,6.079932,6.079932,4.306087,25872
1981-04-23,0.000000,6.164966,6.079932,6.079932,4.306087,16464
1981-04-24,0.000000,6.164966,6.037415,6.037415,4.275974,17052
1981-04-27,0.000000,6.164966,6.037415,6.037415,4.275974,3528
1981-04-28,0.000000,6.207483,6.122449,6.122449,4.336197,15876
1981-04-29,0.000000,6.377551,6.250000,6.250000,4.426538,12936
1981-04-30,0.000000,6.547619,6.462585,6.462585,4.577097,21168
1981-05-01,0.000000,6.505102,6.377551,6.377551,4.516872,43512
1981-05-04,0.000000,6.405896,6.292517,6.292517,4.456648,10143
1981-05-05,0.000000,6.349206,6.207483,6.207483,4.396424,45864
1981-05-06,0.000000,6.179138,6.065760,6.065760,4.296050,11907
1981-05-07,0.000000,6.179138,6.065760,6.065760,4.296050,14994
1981-05-08,0.000000,6.179138,6.065760,6.065760,4.296050,2205
1981-05-11,0.000000,5.555556,5.442177,5.442177,3.854398,25137
1981-05-12,0.000000,5.782313,5.668934,5.668934,4.014997,26901
1981-05-13,0.000000,5.839002,5.725624,5.725624,4.055148,9261
1981-05-14,0.000000,5.952381,5.839002,5.839002,4.135448,15876
1981-05-15,0.000000,6.009070,5.895692,5.895692,4.175597,13230
1981-05-18,0.000000,6.009070,5.895692,5.895692,4.175597,4410
1981-05-19,0.000000,5.782313,5.725624,5.725624,4.055148,27342
1981-05-20,0.000000,5.839002,5.725624,5.725624,4.055148,7497
1981-05-21,0.000000,5.839002,5.725624,5.725624,4.055148,9261
1981-05-22,0.000000,5.782313,5.725624,5.725624,4.055148,11466
1981-05-26,0.000000,5.725624,5.612245,5.612245,3.974849,18081
1981-05-27,0.000000,5.782313,5.612245,5.612245,3.974849,11466
1981-05-28,0.000000,5.725624,5.612245,5.612245,3.974849,8820
1981-05-29,0.000000,5.725624,5.612245,5.612245,3.974849,15876
1981-06-01,0.000000,5.612245,5.555556,5.555556,3.934698,14112
1981-06-02,0.000000,5.498866,5.385488,5.385488,3.814250,14994
1981-06-03,0.000000,5.328798,5.215420,5.215420,3.693798,7497
1981-06-04,0.000000,5.442177,5.328798,5.328798,3.774097,33516
1981-06-05,0.000000,5.442177,5.328798,5.328798,3.774097,7497
1981-06-08,0.000000,5.442177,5.272109,5.272109,3.733950,7938
1981-06-09,0.000000,5.442177,5.272109,5.272109,3.733950,3969
1981-06-10,0.000000,5.328798,5.215420,5.215420,3.693798,11907
1981-06-11,0.000000,5.272109,5.158730,5.158730,3.653648,7497
1981-06-12,0.000000,5.215420,5.158730,5.158730,3.653648,7938
1981-06-15,0.000000,5.272109,5.158730,5.158730,3.653648,10584
1981-06-16,0.000000,5.272109,5.158730,5.158730,3.653648,18081
1981-06-17,0.000000,5.442177,5.385488,5.385488,3.814250,39249
1981-06-18,0.000000,5.612245,5.442177,5.442177,3.854398,41895
1981-06-19,0.000000,5.725624,5.668934,5.668934,4.014997,25578
1981-06-22,0.000000,5.498866,5.385488,5.385488,3.814250,100107
1981-06-23,0.000000,5.498866,5.442177,5.442177,3.854398,14112
1981-06-24,0.000000,5.442177,5.328798,5.328798,3.774097,16317
1981-06-25,0.000000,5.385488,5.272109,5.272109,3.733950,4851
1981-06-26,0.000000,5.385488,5.272109,5.272109,3.733950,11025
1981-06-29,0.000000,5.385488,5.215420,5.215420,3.693798,4851
1981-06-30,0.000000,5.328798,5.215420,5.215420,3.693798,3528
1981-07-01,0.000000,5.272109,5.215420,5.215420,3.693798,3087
1981-07-02,0.000000,5.215420,5.158730,5.158730,3.653648,6174
1981-07-06,0.000000,5.158730,5.045351,5.045351,3.573349,7056
1981-07-07,0.000000,5.158730,5.045351,5.045351,3.573349,3528
1981-07-08,0.000000,5.272109,5.158730,5.158730,3.653648,18522
1981-07-09,0.000000,5.272109,5.102041,5.102041,3.613497,5292
1981-07-10,0.000000,5.215420,5.102041,5.102041,3.613497,9261
1981-07-13,0.000000,5.158730,5.045351,5.045351,3.573349,16317
1981-07-14,0.000000,5.045351,4.931973,4.931973,3.493049,9702
1981-07-15,0.000000,4.931973,4.875283,4.875283,3.452897,18522
1981-07-16,0.000000,4.988662,4.875283,4.875283,3.452897,12348
1981-07-17,0.000000,4.931973,4.875283,4.875283,3.452897,2646
1981-07-20,0.000000,4.761905,4.648526,4.648526,3.292299,14994
1981-07-21,0.000000,4.705215,4.591837,4.591837,3.252148,12789
1981-07-22,0.000000,4.761905,4.705215,4.705215,3.332448,42777
1981-07-23,0.000000,4.790249,4.705215,4.705215,3.332448,3528
1981-07-24,0.000000,4.988662,4.875283,4.875283,3.452897,35721
1981-07-27,0.000000,5.045351,4.931973,4.931973,3.493049,14553
1981-07-28,0.000000,4.988662,4.875283,4.875283,3.452897,7938
1981-07-29,0.000000,4.988662,4.875283,4.875283,3.452897,11466
1981-07-30,0.000000,4.931973,4.818594,4.818594,3.412749,13230
1981-07-31,0.000000,4.875283,4.761905,4.761905,3.372599,19404
1981-08-03,0.000000,4.705215,4.591837,4.591837,3.252148,23814
1981-08-04,0.000000,4.761905,4.648526,4.648526,3.292299,13671
1981-08-05,0.000000,4.818594,4.648526,4.648526,3.292299,1323
1981-08-06,0.000000,4.875283,4.818594,4.818594,3.412749,27783
1981-08-07,0.000000,4.931973,4.818594,4.818594,3.412749,25578
1981-08-10,4.818594,4.818594,4.818594,4.818594,3.412749,0
1981-08-11,0.000000,5.045351,4.931973,4.931973,3.493049,18522
1981-08-12,0.000000,5.215420,5.045351,5.045351,3.573349,21168
1981-08-13,0.000000,5.215420,5.158730,5.158730,3.653648,15435
1981-08-14,0.000000,5.272109,5.158730,5.158730,3.653648,19404
1981-08-17,0.000000,5.158730,5.045351,5.045351,3.573349,17199
1981-08-18,0.000000,5.045351,4.931973,4.931973,3.493049,12348
1981-08-19,0.000000,4.931973,4.875283,4.875283,3.452897,16758
1981-08-20,0.000000,4.931973,4.875283,4.875283,3.452897,3969
1981-08-21,0.000000,4.931973,4.818594,4.818594,3.412749,10143
1981-08-24,0.000000,4.591837,4.535147,4.535147,3.211999,6615
1981-08-25,0.000000,4.591837,4.478458,4.478458,3.171849,8820
1981-08-26,0.000000,4.648526,4.535147,4.535147,3.211999,15435
1981-08-27,0.000000,4.535147,4.421769,4.421769,3.131698,30870
1981-08-28,0.000000,4.478458,4.365079,4.365079,3.091548,3969
1981-08-31,0.000000,4.478458,4.365079,4.365079,3.091548,27342
1981-09-01,0.000000,4.308390,4.195011,4.195011,2.971098,16317
1981-09-02,0.000000,4.365079,4.251701,4.251701,3.011248,12348
1981-09-03,0.000000,4.195011,4.138322,4.138322,2.930949,20727
1981-09-04,0.000000,4.024943,3.911565,3.911565,2.770348,11025
1981-09-08,0.000000,3.798186,3.684807,3.684807,2.609748,25578
1981-09-09,0.000000,3.798186,3.684807,3.684807,2.609748,28224
1981-09-10,0.000000,4.138322,4.024943,4.024943,2.850647,27783
1981-09-11,0.000000,4.251701,4.138322,4.138322,2.930949,6174
1981-09-14,0.000000,4.308390,4.195011,4.195011,2.971098,15435
1981-09-15,0.000000,4.365079,4.308390,4.308390,3.051398,22491
1981-09-16,0.000000,4.421769,4.251701,4.251701,3.011248,12789
1981-09-17,0.000000,4.308390,4.195011,4.195011,2.971098,10143
1981-09-18,0.000000,4.138322,4.024943,4.024943,2.850647,9702
1981-09-21,0.000000,4.365079,4.195011,4.195011,2.971098,14553
1981-09-22,0.000000,4.251701,4.138322,4.138322,2.930949,26901
1981-09-23,0.000000,4.138322,4.024943,4.024943,2.850647,24255
1981-09-24,0.000000,4.195011,4.081633,4.081633,2.890800,13671
1981-09-25,0.000000,4.138322,4.024943,4.024943,2.850647,16758
1981-09-28,0.000000,4.421769,4.308390,4.308390,3.051398,43218
1981-09-29,0.000000,4.365079,4.251701,4.251701,3.011248,14994
1981-09-30,0.000000,4.308390,4.138322,4.138322,2.930949,18522
1981-10-01,0.000000,4.308390,4.138322,4.138322,2.930949,3528
1981-10-02,0.000000,4.308390,4.195011,4.195011,2.971098,11907
1981-10-05,0.000000,4.251701,4.138322,4.138322,2.930949,11466
1981-10-06,0.000000,4.308390,4.195011,4.195011,2.971098,7938
1981-10-07,0.000000,4.308390,4.251701,4.251701,3.011248,17640
1981-10-08,0.000000,4.308390,4.251701,4.251701,3.011248,12789
1981-10-09,0.000000,4.478458,4.365079,4.365079,3.091548,40131
1981-10-12,0.000000,4.421769,4.365079,4.365079,3.091548,17640
1981-10-13,0.000000,4.535147,4.365079,4.365079,3.091548,13230
1981-10-14,0.000000,4.308390,4.195011,4.195011,2.971098,25578
1981-10-15,0.000000,4.251701,4.138322,4.138322,2.930949,9702
1981-10-16,0.000000,4.251701,4.138322,4.138322,2.930949,9702
1981-10-19,0.000000,4.251701,4.081633,4.081633,2.890800,7938
1981-10-20,0.000000,4.251701,4.138322,4.138322,2.930949,6174
1981-10-21,0.000000,4.365079,4.251701,4.251701,3.011248,17640
1981-10-22,0.000000,4.308390,4.251701,4.251701,3.011248,1323
1981-10-23,0.000000,4.195011,4.081633,4.081633,2.890800,20727
1981-10-26,0.000000,4.138322,3.968254,3.968254,2.810498,5733
1981-10-27,0.000000,4.024943,3.911565,3.911565,2.770348,29106
1981-10-28,0.000000,4.024943,3.911565,3.911565,2.770348,8820
1981-10-29,0.000000,4.024943,3.911565,3.911565,2.770348,18081
1981-10-30,0.000000,3.968254,3.854875,3.854875,2.730198,14553
1981-11-02,0.000000,4.081633,3.968254,3.968254,2.810498,35721
1981-11-03,0.000000,4.138322,4.024943,4.024943,2.850647,31752
1981-11-04,0.000000,4.138322,4.081633,4.081633,2.890800,24255
1981-11-05,0.000000,4.081633,4.024943,4.024943,2.850647,16758
1981-11-06,0.000000,4.138322,4.081633,4.081633,2.890800,18081
1981-11-09,0.000000,4.138322,4.024943,4.024943,2.850647,19845
1981-11-10,0.000000,4.138322,4.024943,4.024943,2.850647,4410
1981-11-11,0.000000,4.081633,3.968254,3.968254,2.810498,18081
1981-11-12,0.000000,4.081633,3.968254,3.968254,2.810498,20727
1981-11-13,0.000000,4.081633,3.968254,3.968254,2.810498,8820
1981-11-16,0.000000,3.968254,3.854875,3.854875,2.730198,18522
1981-11-17,0.000000,3.968254,3.854875,3.854875,2.730198,8820
1981-11-18,0.000000,3.968254,3.854875,3.854875,2.730198,20286
1981-11-19,0.000000,3.854875,3.741497,3.741497,2.649899,13671
1981-11-20,0.000000,3.854875,3.684807,3.684807,2.609748,9261
1981-11-23,0.000000,3.854875,3.741497,3.741497,2.649899,19404
1981-11-24,0.000000,3.911565,3.798186,3.798186,2.690048,15876
1981-11-25,0.000000,3.911565,3.798186,3.798186,2.690048,441
1981-11-27,0.000000,3.911565,3.798186,3.798186,2.690048,9261
1981-11-30,0.000000,3.911565,3.854875,3.854875,2.730198,8820
1981-12-01,0.000000,3.911565,3.854875,3.854875,2.730198,32193
1981-12-02,0.000000,3.911565,3.798186,3.798186,2.690048,16758
1981-12-03,0.000000,3.798186,3.684807,3.684807,2.609748,14994
1981-12-04,0.000000,3.798186,3.684807,3.684807,2.609748,11025
1981-12-07,0.000000,3.798186,3.684807,3.684807,2.609748,3969
1981-12-08,0.000000,3.798186,3.684807,3.684807,2.609748,11466
1981-12-09,0.000000,3.798186,3.684807,3.684807,2.609748,3087
1981-12-10,0.000000,3.854875,3.798186,3.798186,2.690048,34839
1981-12-11,0.000000,3.798186,3.741497,3.741497,2.649899,26460
1981-12-14,0.000000,3.798186,3.684807,3.684807,2.609748,13671
1981-12-15,0.000000,3.798186,3.684807,3.684807,2.609748,10584
1981-12-16,0.000000,4.081633,4.024943,4.024943,2.850647,62181
1981-12-17,0.000000,4.138322,4.024943,4.024943,2.850647,40131
1981-12-18,0.000000,4.138322,4.024943,4.024943,2.850647,42336
1981-12-21,0.000000,4.081633,4.024943,4.024943,2.850647,14994
1981-12-22,0.000000,4.081633,4.024943,4.024943,2.850647,26901
1981-12-23,0.000000,4.081633,4.024943,4.024943,2.850647,30870
1981-12-24,0.000000,4.081633,4.024943,4.024943,2.850647,12348
1981-12-28,0.000000,4.024943,3.911565,3.911565,2.770348,23373
1981-12-29,0.000000,3.968254,3.854875,3.854875,2.730198,26019
1981-12-30,0.000000,3.854875,3.798186,3.798186,2.690048,34398
1981-12-31,0.000000,3.854875,3.741497,3.741497,2.649899,49833
1982-01-04,0.000000,3.968254,3.798186,3.798186,2.690048,15876
1982-01-05,0.000000,3.968254,3.854875,3.854875,2.730198,23373
1982-01-06,0.000000,4.081633,3.968254,3.968254,2.810498,26019
1982-01-07,0.000000,4.195011,4.081633,4.081633,2.890800,24696
1982-01-08,0.000000,4.365079,4.251701,4.251701,3.011248,18522
1982-01-11,0.000000,4.195011,4.081633,4.081633,2.890800,30870
1982-01-12,0.000000,4.195011,4.081633,4.081633,2.890800,26019
1982-01-13,0.000000,4.251701,4.138322,4.138322,2.930949,16758
1982-01-14,0.000000,4.251701,4.138322,4.138322,2.930949,10584
1982-01-15,0.000000,4.365079,4.251701,4.251701,3.011248,10584
1982-01-18,0.000000,4.421769,4.308390,4.308390,3.051398,17199
1982-01-19,0.000000,4.478458,4.365079,4.365079,3.091548,21609
1982-01-20,0.000000,4.365079,4.308390,4.308390,3.051398,24255
1982-01-21,0.000000,4.308390,4.195011,4.195011,2.971098,6174
1982-01-22,0.000000,4.195011,4.081633,4.081633,2.890800,22932
1982-01-25,0.000000,4.024943,3.911565,3.911565,2.770348,25137
1982-01-26,0.000000,4.024943,3.911565,3.911565,2.770348,16317
1982-01-27,0.000000,4.024943,3.911565,3.911565,2.770348,10584
1982-01-28,0.000000,4.081633,3.968254,3.968254,2.810498,14994
1982-01-29,0.000000,4.138322,3.968254,3.968254,2.810498,2646
1982-02-01,0.000000,4.024943,3.911565,3.911565,2.770348,17640
1982-02-02,0.000000,4.024943,3.911565,3.911565,2.770348,10143
1982-02-03,0.000000,3.968254,3.854875,3.854875,2.730198,22050
1982-02-04,0.000000,3.854875,3.741497,3.741497,2.649899,18963
1982-02-05,0.000000,3.911565,3.798186,3.798186,2.690048,8820
1982-02-08,0.000000,3.628118,3.514739,3.514739,2.489299,26901
1982-02-09,0.000000,3.458050,3.287982,3.287982,2.328699,24255
1982-02-10,0.000000,3.401361,3.287982,3.287982,2.328699,18522
1982-02-11,0.000000,3.458050,3.287982,3.287982,2.328699,9261
1982-02-12,0.000000,3.458050,3.344671,3.344671,2.368849,6615
1982-02-16,0.000000,3.401361,3.287982,3.287982,2.328699,10584
1982-02-17,0.000000,3.344671,3.231293,3.231293,2.288549,13230
1982-02-18,0.000000,3.344671,3.231293,3.231293,2.288549,15435
1982-02-19,0.000000,3.174603,3.117914,3.117914,2.208249,26901
1982-02-22,0.000000,3.174603,3.061224,3.061224,2.168098,13671
1982-02-23,0.000000,2.834467,2.721088,2.721088,1.927199,25578
1982-02-24,0.000000,2.834467,2.721088,2.721088,1.927199,52479
1982-02-25,0.000000,2.947846,2.834467,2.834467,2.007499,53361
1982-02-26,0.000000,3.061224,3.004535,3.004535,2.127948,28224
1982-03-01,0.000000,3.061224,2.947846,2.947846,2.087798,19845
1982-03-02,0.000000,3.061224,2.947846,2.947846,2.087798,19845
1982-03-03,0.000000,3.004535,2.891156,2.891156,2.047649,34398
1982-03-04,0.000000,2.777778,2.721088,2.721088,1.927199,26460
1982-03-05,0.000000,2.664399,2.551020,2.551020,1.806748,18081
1982-03-08,0.000000,2.437642,2.324263,2.324263,1.646150,27783
1982-03-09,0.000000,2.380952,2.267574,2.267574,1.606000,30870
1982-03-10,0.000000,2.551020,2.437642,2.437642,1.726449,41895
1982-03-11,0.000000,2.607710,2.494331,2.494331,1.766598,16758
1982-03-12,0.000000,2.607710,2.494331,2.494331,1.766598,6174
1982-03-15,0.000000,2.551020,2.494331,2.494331,1.766598,13230
1982-03-16,0.000000,2.607710,2.551020,2.551020,1.806748,8379
1982-03-17,0.000000,2.721088,2.664399,2.664399,1.887048,18522
1982-03-18,0.000000,3.061224,2.947846,2.947846,2.087798,37485
1982-03-19,0.000000,3.401361,3.287982,3.287982,2.328699,62622
1982-03-22,0.000000,3.287982,3.231293,3.231293,2.288549,28224
1982-03-23,0.000000,3.117914,3.004535,3.004535,2.127948,41895
1982-03-24,0.000000,3.061224,2.891156,2.891156,2.047649,30870
1982-03-25,0.000000,3.117914,3.004535,3.004535,2.127948,26460
1982-03-26,0.000000,3.061224,2.947846,2.947846,2.087798,11466
1982-03-29,0.000000,3.061224,2.947846,2.947846,2.087798,17640
1982-03-30,0.000000,3.061224,2.947846,2.947846,2.087798,6174
1982-03-31,0.000000,3.061224,2.947846,2.947846,2.087798,4851
1982-04-01,0.000000,3.061224,2.947846,2.947846,2.087798,3528
1982-04-02,0.000000,2.834467,2.721088,2.721088,1.927199,15876
1982-04-05,0.000000,2.777778,2.664399,2.664399,1.887048,9261
1982-04-06,0.000000,2.607710,2.551020,2.551020,1.806748,12789
1982-04-07,0.000000,2.607710,2.494331,2.494331,1.766598,9261
1982-04-08,0.000000,2.607710,2.551020,2.551020,1.806748,6174
1982-04-12,0.000000,2.607710,2.494331,2.494331,1.766598,22050
1982-04-13,0.000000,2.551020,2.437642,2.437642,1.726449,12348
1982-04-14,0.000000,2.551020,2.437642,2.437642,1.726449,6615
1982-04-15,0.000000,2.551020,2.437642,2.437642,1.726449,6615
1982-04-16,0.000000,2.551020,2.437642,2.437642,1.726449,9261
1982-04-19,0.000000,2.494331,2.380952,2.380952,1.686299,27342
1982-04-20,0.000000,2.437642,2.324263,2.324263,1.646150,11466
1982-04-21,0.000000,2.437642,2.324263,2.324263,1.646150,2646
1982-04-22,0.000000,2.494331,2.380952,2.380952,1.686299,12789
1982-04-23,0.000000,2.551020,2.437642,2.437642,1.726449,21168
1982-04-26,0.000000,2.494331,2.380952,2.380952,1.686299,18522
1982-04-27,0.000000,2.551020,2.437642,2.437642,1.726449,20727
1982-04-28,0.000000,2.494331,2.380952,2.380952,1.686299,16317
1982-04-29,0.000000,2.494331,2.437642,2.437642,1.726449,6174
1982-04-30,0.000000,2.494331,2.380952,2.380952,1.686299,7938
1982-05-03,0.000000,2.494331,2.380952,2.380952,1.686299,3969
1982-05-04,0.000000,2.494331,2.380952,2.380952,1.686299,5733
1982-05-05,0.000000,2.494331,2.380952,2.380952,1.686299,2646
1982-05-06,0.000000,2.551020,2.380952,2.380952,1.686299,4410
1982-05-07,0.000000,2.551020,2.437642,2.437642,1.726449,12789
1982-05-10,0.000000,2.607710,2.494331,2.494331,1.766598,12348
1982-05-11,0.000000,2.721088,2.607710,2.607710,1.846899,35280
1982-05-12,0.000000,2.664399,2.607710,2.607710,1.846899,24696
1982-05-13,0.000000,2.721088,2.664399,2.664399,1.887048,23814
1982-05-14,0.000000,2.721088,2.607710,2.607710,1.846899,20286
1982-05-17,0.000000,2.664399,2.551020,2.551020,1.806748,22050
1982-05-18,0.000000,2.551020,2.494331,2.494331,1.766598,11025
1982-05-19,0.000000,2.494331,2.437642,2.437642,1.726449,15435
1982-05-20,0.000000,2.494331,2.380952,2.380952,1.686299,2646
1982-05-21,0.000000,2.494331,2.437642,2.437642,1.726449,2205
1982-05-24,0.000000,2.494331,2.380952,2.380952,1.686299,1764
1982-05-25,0.000000,2.437642,2.380952,2.380952,1.686299,2205
1982-05-26,0.000000,2.437642,2.324263,2.324263,1.646150,15435
1982-05-27,0.000000,2.437642,2.324263,2.324263,1.646150,10143
1982-05-28,0.000000,2.437642,2.324263,2.324263,1.646150,21609
1982-06-01,0.000000,2.437642,2.324263,2.324263,1.646150,7056
1982-06-02,0.000000,2.437642,2.324263,2.324263,1.646150,14553
1982-06-03,0.000000,2.437642,2.324263,2.324263,1.646150,16758
1982-06-04,0.000000,2.380952,2.267574,2.267574,1.606000,14553
1982-06-07,0.000000,2.324263,2.267574,2.267574,1.606000,7497
1982-06-08,0.000000,2.324263,2.210884,2.210884,1.565849,16758
1982-06-09,0.000000,2.267574,2.210884,2.210884,1.565849,11025
1982-06-10,0.000000,2.380952,2.267574,2.267574,1.606000,22050
1982-06-11,0.000000,2.380952,2.267574,2.267574,1.606000,8379
1982-06-14,0.000000,2.267574,2.210884,2.210884,1.565849,11025
1982-06-15,0.000000,2.267574,2.154195,2.154195,1.525699,3087
1982-06-16,0.000000,2.324263,2.210884,2.210884,1.565849,3528
1982-06-17,0.000000,2.154195,2.040816,2.040816,1.445399,22050
1982-06-18,0.000000,2.210884,2.097506,2.097506,1.485550,17640
1982-06-21,0.000000,2.210884,2.097506,2.097506,1.485550,14994
1982-06-22,0.000000,2.210884,2.154195,2.154195,1.525699,22491
1982-06-23,0.000000,2.267574,2.210884,2.210884,1.565849,15435
1982-06-24,0.000000,2.267574,2.154195,2.154195,1.525699,12789
1982-06-25,0.000000,2.267574,2.154195,2.154195,1.525699,7056
1982-06-28,0.000000,2.210884,2.097506,2.097506,1.485550,9702
1982-06-29,0.000000,2.210884,2.097506,2.097506,1.485550,18522
1982-06-30,0.000000,2.210884,2.154195,2.154195,1.525699,1764
1982-07-01,0.000000,2.210884,2.097506,2.097506,1.485550,15876
1982-07-02,0.000000,2.154195,2.040816,2.040816,1.445399,6615
1982-07-06,0.000000,1.984127,1.870748,1.870748,1.324949,18081
1982-07-07,0.000000,1.984127,1.870748,1.870748,1.324949,5733
1982-07-08,0.000000,1.870748,1.757370,1.757370,1.244650,16317
1982-07-09,0.000000,1.927438,1.814059,1.814059,1.284799,8379
1982-07-12,0.000000,1.984127,1.927438,1.927438,1.365099,44541
1982-07-13,0.000000,1.984127,1.927438,1.927438,1.365099,9702
1982-07-14,0.000000,1.984127,1.927438,1.927438,1.365099,7938
1982-07-15,0.000000,1.984127,1.870748,1.870748,1.324949,18963
1982-07-16,0.000000,1.984127,1.870748,1.870748,1.324949,4410
1982-07-19,0.000000,1.984127,1.870748,1.870748,1.324949,8820
1982-07-20,0.000000,1.984127,1.870748,1.870748,1.324949,4410
1982-07-21,0.000000,1.984127,1.870748,1.870748,1.324949,53361
1982-07-22,0.000000,1.984127,1.870748,1.870748,1.324949,3528
1982-07-23,0.000000,1.984127,1.870748,1.870748,1.324949,12348
1982-07-26,0.000000,1.984127,1.870748,1.870748,1.324949,4410
1982-07-27,0.000000,1.984127,1.870748,1.870748,1.324949,12348
1982-07-28,0.000000,1.927438,1.814059,1.814059,1.284799,20727
1982-07-29,0.000000,1.927438,1.814059,1.814059,1.284799,13230
1982-07-30,0.000000,1.927438,1.814059,1.814059,1.284799,7056
1982-08-02,0.000000,1.927438,1.814059,1.814059,1.284799,10143
1982-08-03,0.000000,1.927438,1.814059,1.814059,1.284799,3969
1982-08-04,0.000000,1.927438,1.814059,1.814059,1.284799,5733
1982-08-05,0.000000,1.757370,1.700680,1.700680,1.204499,19845
1982-08-06,0.000000,1.757370,1.643991,1.643991,1.164349,7056
1982-08-09,0.000000,1.700680,1.643991,1.643991,1.164349,10143
1982-08-10,0.000000,1.757370,1.643991,1.643991,1.164349,10143
1982-08-11,0.000000,1.757370,1.643991,1.643991,1.164349,9702
1982-08-12,0.000000,1.700680,1.587302,1.587302,1.124200,25578
1982-08-13,0.000000,1.700680,1.587302,1.587302,1.124200,4410
1982-08-16,0.000000,1.700680,1.615646,1.615646,1.144274,16758
1982-08-17,0.000000,1.700680,1.587302,1.587302,1.124200,18963
1982-08-18,0.000000,1.700680,1.587302,1.587302,1.124200,23373
1982-08-19,0.000000,1.587302,1.530612,1.530612,1.084049,14112
1982-08-20,0.000000,1.757370,1.700680,1.700680,1.204499,81144
1982-08-23,0.000000,1.757370,1.700680,1.700680,1.204499,46746
1982-08-24,0.000000,1.870748,1.700680,1.700680,1.204499,64386
1982-08-25,0.000000,2.324263,2.210884,2.210884,1.565849,78939
1982-08-26,0.000000,2.437642,2.324263,2.324263,1.646150,62622
1982-08-27,0.000000,2.210884,2.097506,2.097506,1.485550,48069
1982-08-30,0.000000,2.154195,2.040816,2.040816,1.445399,14553
1982-08-31,0.000000,2.324263,2.210884,2.210884,1.565849,31311
1982-09-01,0.000000,2.267574,2.154195,2.154195,1.525699,26901
1982-09-02,0.000000,2.267574,2.154195,2.154195,1.525699,13671
1982-09-03,0.000000,2.324263,2.210884,2.210884,1.565849,45423
1982-09-07,0.000000,2.324263,2.210884,2.210884,1.565849,13671
1982-09-08,0.000000,2.324263,2.210884,2.210884,1.565849,14553
1982-09-09,0.000000,2.324263,2.154195,2.154195,1.525699,11466
1982-09-10,0.000000,2.267574,2.210884,2.210884,1.565849,17199
1982-09-13,0.000000,2.154195,2.097506,2.097506,1.485550,42777
1982-09-14,0.000000,1.984127,1.870748,1.870748,1.324949,34398
1982-09-15,0.000000,1.927438,1.814059,1.814059,1.284799,14553
1982-09-16,0.000000,1.757370,1.643991,1.643991,1.164349,44100
1982-09-17,0.000000,1.700680,1.643991,1.643991,1.164349,36162
1982-09-20,0.000000,1.757370,1.643991,1.643991,1.164349,13230
1982-09-21,0.000000,1.757370,1.700680,1.700680,1.204499,74529
1982-09-22,0.000000,1.757370,1.700680,1.700680,1.204499,76293
1982-09-23,0.000000,1.700680,1.643991,1.643991,1.164349,40572
1982-09-24,0.000000,1.700680,1.643991,1.643991,1.164349,8379
1982-09-27,0.000000,1.700680,1.643991,1.643991,1.164349,118188
1982-09-28,0.000000,1.700680,1.643991,1.643991,1.164349,16758
1982-09-29,0.000000,1.757370,1.643991,1.643991,1.164349,3528
1982-09-30,0.000000,1.700680,1.643991,1.643991,1.164349,3087
1982-10-01,0.000000,1.757370,1.643991,1.643991,1.164349,5292
1982-10-04,0.000000,1.757370,1.643991,1.643991,1.164349,1764
1982-10-05,0.000000,1.757370,1.643991,1.643991,1.164349,4410
1982-10-06,0.000000,1.700680,1.643991,1.643991,1.164349,28224
1982-10-07,0.000000,1.700680,1.643991,1.643991,1.164349,14994
1982-10-08,0.000000,1.814059,1.700680,1.700680,1.204499,22050
1982-10-11,0.000000,1.814059,1.700680,1.700680,1.204499,28224
1982-10-12,0.000000,1.870748,1.757370,1.757370,1.244650,152586
1982-10-13,0.000000,2.097506,2.040816,2.040816,1.445399,149940
1982-10-14,0.000000,2.154195,2.040816,2.040816,1.445399,74529
1982-10-15,0.000000,2.210884,2.097506,2.097506,1.485550,27342
1982-10-18,0.000000,2.267574,2.154195,2.154195,1.525699,14112
1982-10-19,0.000000,2.210884,2.154195,2.154195,1.525699,74529
1982-10-20,0.000000,2.267574,2.154195,2.154195,1.525699,4410
1982-10-21,0.000000,2.267574,2.154195,2.154195,1.525699,24696
1982-10-22,0.000000,2.267574,2.154195,2.154195,1.525699,67914
1982-10-25,0.000000,2.097506,1.984127,1.984127,1.405249,33957
1982-10-26,0.000000,2.040816,1.927438,1.927438,1.365099,29106
1982-10-27,0.000000,2.097506,1.984127,1.984127,1.405249,13671
1982-10-28,0.000000,2.040816,1.927438,1.927438,1.365099,4851
1982-10-29,0.000000,2.040816,1.984127,1.984127,1.405249,3969
1982-11-01,0.000000,2.040816,1.927438,1.927438,1.365099,5733
1982-11-02,0.000000,2.040816,1.927438,1.927438,1.365099,7056
1982-11-03,0.000000,2.097506,1.984127,1.984127,1.405249,29106
1982-11-04,0.000000,2.210884,2.097506,2.097506,1.485550,38808
1982-11-05,0.000000,2.154195,2.097506,2.097506,1.485550,16758
1982-11-08,0.000000,2.154195,2.040816,2.040816,1.445399,20727
1982-11-09,0.000000,2.154195,2.097506,2.097506,1.485550,15435
1982-11-10,0.000000,2.154195,2.040816,2.040816,1.445399,20727
1982-11-11,0.000000,2.154195,2.040816,2.040816,1.445399,11466
1982-11-12,0.000000,2.154195,2.040816,2.040816,1.445399,35280
1982-11-15,0.000000,2.097506,1.984127,1.984127,1.405249,17640
1982-11-16,0.000000,1.984127,1.870748,1.870748,1.324949,23814
1982-11-17,0.000000,1.984127,1.927438,1.927438,1.365099,10584
1982-11-18,0.000000,2.040816,1.927438,1.927438,1.365099,4851
1982-11-19,0.000000,1.984127,1.870748,1.870748,1.324949,13230
1982-11-22,0.000000,1.927438,1.870748,1.870748,1.324949,14112
1982-11-23,0.000000,1.927438,1.870748,1.870748,1.324949,46305
1982-11-24,0.000000,1.927438,1.870748,1.870748,1.324949,18963
1982-11-26,0.000000,1.927438,1.870748,1.870748,1.324949,45423
1982-11-29,0.000000,1.927438,1.870748,1.870748,1.324949,10584
1982-11-30,0.000000,1.984127,1.927438,1.927438,1.365099,56007
1982-12-01,0.000000,2.040816,1.927438,1.927438,1.365099,42336
1982-12-02,0.000000,1.984127,1.870748,1.870748,1.324949,31311
1982-12-03,0.000000,1.927438,1.814059,1.814059,1.284799,47187
1982-12-06,0.000000,1.927438,1.814059,1.814059,1.284799,23814
1982-12-07,0.000000,1.870748,1.814059,1.814059,1.284799,39690
1982-12-08,0.000000,1.927438,1.870748,1.870748,1.324949,126126
1982-12-09,0.000000,1.927438,1.814059,1.814059,1.284799,10143
1982-12-10,0.000000,1.984127,1.870748,1.870748,1.324949,53802
1982-12-13,0.000000,2.040816,1.984127,1.984127,1.405249,78498
1982-12-14,0.000000,1.984127,1.927438,1.927438,1.365099,97461
1982-12-15,0.000000,1.984127,1.927438,1.927438,1.365099,14112
1982-12-16,0.000000,1.984127,1.927438,1.927438,1.365099,20727
1982-12-17,0.000000,2.267574,2.154195,2.154195,1.525699,117747
1982-12-20,0.000000,2.267574,2.154195,2.154195,1.525699,26901
1982-12-21,0.000000,2.267574,2.154195,2.154195,1.525699,12348
1982-12-22,0.000000,2.210884,2.154195,2.154195,1.525699,19845
1982-12-23,0.000000,2.154195,2.097506,2.097506,1.485550,42777
1982-12-27,0.000000,2.154195,2.040816,2.040816,1.445399,11025
1982-12-28,0.000000,2.154195,2.040816,2.040816,1.445399,4851
1982-12-29,0.000000,2.210884,2.097506,2.097506,1.485550,22932
1982-12-30,0.000000,2.154195,2.097506,2.097506,1.485550,10143
1982-12-31,0.000000,2.154195,2.097506,2.097506,1.485550,11907
1983-01-03,0.000000,2.154195,2.040816,2.040816,1.445399,26019
1983-01-04,0.000000,2.154195,2.040816,2.040816,1.445399,25137
1983-01-05,0.000000,2.154195,2.040816,2.040816,1.445399,3087
1983-01-06,0.000000,2.210884,2.097506,2.097506,1.485550,33516
1983-01-07,0.000000,2.210884,2.154195,2.154195,1.525699,133182
1983-01-10,0.000000,2.267574,2.154195,2.154195,1.525699,28224
1983-01-11,0.000000,2.324263,2.210884,2.210884,1.565849,52479
1983-01-12,0.000000,2.324263,2.210884,2.210884,1.565849,18522
1983-01-13,0.000000,2.267574,2.210884,2.210884,1.565849,26019
1983-01-14,0.000000,2.267574,2.210884,2.210884,1.565849,50274
1983-01-17,0.000000,2.494331,2.380952,2.380952,1.686299,61299
1983-01-18,0.000000,2.380952,2.324263,2.324263,1.646150,37044
1983-01-19,0.000000,2.380952,2.267574,2.267574,1.606000,36162
1983-01-20,0.000000,2.380952,2.267574,2.267574,1.606000,65709
1983-01-21,0.000000,2.380952,2.267574,2.267574,1.606000,27783
1983-01-24,0.000000,2.324263,2.210884,2.210884,1.565849,64386
1983-01-25,0.000000,2.154195,2.040816,2.040816,1.445399,34398
1983-01-26,0.000000,2.154195,2.040816,2.040816,1.445399,4851
1983-01-27,0.000000,2.210884,2.097506,2.097506,1.485550,34839
1983-01-28,0.000000,2.210884,2.097506,2.097506,1.485550,11907
1983-01-31,0.000000,2.154195,2.040816,2.040816,1.445399,6174
1983-02-01,0.000000,2.154195,2.040816,2.040816,1.445399,12789
1983-02-02,0.000000,2.097506,1.984127,1.984127,1.405249,8820
1983-02-03,0.000000,2.040816,1.984127,1.984127,1.405249,36603
1983-02-04,0.000000,2.040816,1.927438,1.927438,1.365099,7938
1983-02-07,0.000000,2.040816,1.927438,1.927438,1.365099,43659
1983-02-08,0.000000,2.040816,1.927438,1.927438,1.365099,14994
1983-02-09,0.000000,1.984127,1.870748,1.870748,1.324949,30870
1983-02-10,0.000000,1.984127,1.927438,1.927438,1.365099,22050
1983-02-11,0.000000,2.040816,1.927438,1.927438,1.365099,9261
1983-02-14,0.000000,2.040816,1.984127,1.984127,1.405249,15435
1983-02-15,0.000000,2.154195,2.040816,2.040816,1.445399,53802
1983-02-16,0.000000,2.154195,2.040816,2.040816,1.445399,29547
1983-02-17,0.000000,2.097506,1.984127,1.984127,1.405249,17640
1983-02-18,0.000000,2.097506,1.984127,1.984127,1.405249,8820
1983-02-22,0.000000,1.814059,1.757370,1.757370,1.244650,74088
1983-02-23,0.000000,1.927438,1.814059,1.814059,1.284799,56889
1983-02-24,0.000000,1.984127,1.870748,1.870748,1.324949,16317
1983-02-25,0.000000,1.984127,1.870748,1.870748,1.324949,13230
1983-02-28,0.000000,1.870748,1.757370,1.757370,1.244650,58653
1983-03-01,0.000000,1.870748,1.814059,1.814059,1.284799,18522
1983-03-02,0.000000,1.927438,1.814059,1.814059,1.284799,50715
1983-03-03,0.000000,1.927438,1.814059,1.814059,1.284799,17640
1983-03-04,0.000000,1.927438,1.814059,1.814059,1.284799,10143
1983-03-07,0.000000,1.927438,1.814059,1.814059,1.284799,12789
1983-03-08,0.000000,1.927438,1.814059,1.814059,1.284799,8820
1983-03-09,0.000000,1.870748,1.814059,1.814059,1.284799,52479
1983-03-10,0.000000,1.870748,1.814059,1.814059,1.284799,23373
1983-03-11,0.000000,1.870748,1.814059,1.814059,1.284799,18963
1983-03-14,0.000000,1.870748,1.814059,1.814059,1.284799,48951
1983-03-15,0.000000,1.870748,1.814059,1.814059,1.284799,12348
1983-03-16,0.000000,1.870748,1.785714,1.785714,1.264724,17640
1983-03-17,0.000000,1.870748,1.814059,1.814059,1.284799,10584
1983-03-18,0.000000,1.870748,1.757370,1.757370,1.244650,15876
1983-03-21,0.000000,1.870748,1.757370,1.757370,1.244650,18522
1983-03-22,0.000000,1.870748,1.757370,1.757370,1.244650,29988
1983-03-23,0.000000,1.814059,1.757370,1.757370,1.244650,24696
1983-03-24,0.000000,1.814059,1.757370,1.757370,1.244650,22932
1983-03-25,0.000000,1.814059,1.700680,1.700680,1.204499,14112
1983-03-28,0.000000,1.757370,1.700680,1.700680,1.204499,30870
1983-03-29,0.000000,1.700680,1.643991,1.643991,1.164349,35280
1983-03-30,0.000000,1.700680,1.643991,1.643991,1.164349,69237
1983-03-31,0.000000,1.814059,1.757370,1.757370,1.244650,84231
1983-04-04,0.000000,1.870748,1.757370,1.757370,1.244650,39690
1983-04-05,0.000000,1.870748,1.814059,1.814059,1.284799,48951
1983-04-06,0.000000,1.927438,1.814059,1.814059,1.284799,23814
1983-04-07,0.000000,1.927438,1.814059,1.814059,1.284799,5733
1983-04-08,0.000000,2.040816,1.984127,1.984127,1.405249,16317
1983-04-11,0.000000,2.097506,2.040816,2.040816,1.445399,46305
1983-04-12,0.000000,2.097506,2.040816,2.040816,1.445399,24255
1983-04-13,0.000000,2.097506,2.040816,2.040816,1.445399,30429
1983-04-14,0.000000,2.097506,2.040816,2.040816,1.445399,13671
1983-04-15,0.000000,2.154195,2.040816,2.040816,1.445399,19845
1983-04-18,0.000000,2.154195,2.097506,2.097506,1.485550,21609
1983-04-19,0.000000,2.154195,2.040816,2.040816,1.445399,34839
1983-04-20,0.000000,2.154195,2.097506,2.097506,1.485550,40572
1983-04-21,0.000000,2.154195,2.040816,2.040816,1.445399,15435
1983-04-22,0.000000,2.097506,2.040816,2.040816,1.445399,10584
1983-04-25,0.000000,2.040816,1.984127,1.984127,1.405249,44982
1983-04-26,0.000000,2.040816,1.870748,1.870748,1.324949,26019
1983-04-27,0.000000,1.984127,1.927438,1.927438,1.365099,31311
1983-04-28,0.000000,2.040816,1.927438,1.927438,1.365099,27342
1983-04-29,0.000000,2.040816,1.984127,1.984127,1.405249,24255
1983-05-02,0.000000,2.040816,1.984127,1.984127,1.405249,25137
1983-05-03,0.000000,2.040816,1.984127,1.984127,1.405249,16317
1983-05-04,0.000000,2.040816,1.984127,1.984127,1.405249,78498
1983-05-05,0.000000,2.097506,1.984127,1.984127,1.405249,27342
1983-05-06,0.000000,2.097506,1.984127,1.984127,1.405249,4851
1983-05-09,0.000000,2.097506,1.984127,1.984127,1.405249,26460
1983-05-10,0.000000,2.154195,2.040816,2.040816,1.445399,16317
1983-05-11,0.000000,2.210884,2.097506,2.097506,1.485550,20286
1983-05-12,0.000000,2.210884,2.097506,2.097506,1.485550,11907
1983-05-13,0.000000,2.210884,2.097506,2.097506,1.485550,16758
1983-05-16,0.000000,2.154195,2.097506,2.097506,1.485550,9702
1983-05-17,0.000000,2.210884,2.097506,2.097506,1.485550,7056
1983-05-18,0.000000,2.210884,2.097506,2.097506,1.485550,12348
1983-05-19,0.000000,2.154195,2.097506,2.097506,1.485550,19404
1983-05-20,0.000000,2.154195,2.040816,2.040816,1.445399,8379
1983-05-23,0.000000,2.154195,2.040816,2.040816,1.445399,18963
1983-05-24,0.000000,2.154195,2.097506,2.097506,1.485550,15435
1983-05-25,0.000000,2.097506,2.040816,2.040816,1.445399,43218
1983-05-26,0.000000,2.097506,2.040816,2.040816,1.445399,9261
1983-05-27,0.000000,2.097506,2.040816,2.040816,1.445399,13230
1983-05-31,0.000000,2.154195,2.040816,2.040816,1.445399,15876
1983-06-01,0.000000,2.097506,2.040816,2.040816,1.445399,8379
1983-06-02,0.000000,2.154195,2.040816,2.040816,1.445399,24255
1983-06-03,0.000000,2.154195,2.097506,2.097506,1.485550,13230
1983-06-06,0.000000,2.097506,2.040816,2.040816,1.445399,67473
1983-06-07,0.000000,2.097506,2.040816,2.040816,1.445399,45864
1983-06-08,0.000000,2.040816,1.984127,1.984127,1.405249,37044
1983-06-09,0.000000,2.097506,2.040816,2.040816,1.445399,14553
1983-06-10,0.000000,2.097506,2.040816,2.040816,1.445399,4851
1983-06-13,0.000000,2.097506,2.040816,2.040816,1.445399,10584
1983-06-14,0.000000,2.097506,2.040816,2.040816,1.445399,43659
1983-06-15,0.000000,2.097506,2.040816,2.040816,1.445399,24255
1983-06-16,0.000000,2.154195,2.097506,2.097506,1.485550,39690
1983-06-17,0.000000,2.097506,2.040816,2.040816,1.445399,35721
1983-06-20,0.000000,2.097506,2.040816,2.040816,1.445399,18963
1983-06-21,0.000000,2.097506,1.984127,1.984127,1.405249,21609
1983-06-22,0.000000,2.097506,1.984127,1.984127,1.405249,14553
1983-06-23,0.000000,2.097506,2.040816,2.040816,1.445399,57330
1983-06-24,0.000000,2.154195,2.040816,2.040816,1.445399,30870
1983-06-27,0.000000,2.267574,2.154195,2.154195,1.525699,62622
1983-06-28,0.000000,2.324263,2.210884,2.210884,1.565849,44541
1983-06-29,0.000000,2.267574,2.210884,2.210884,1.565849,24696
1983-06-30,0.000000,2.324263,2.210884,2.210884,1.565849,16758
1983-07-01,0.000000,2.380952,2.324263,2.324263,1.646150,39249
1983-07-05,0.000000,2.380952,2.267574,2.267574,1.606000,30870
1983-07-06,0.000000,2.834467,2.777778,2.777778,1.967349,196245
1983-07-07,0.000000,2.777778,2.664399,2.664399,1.887048,75411
1983-07-08,0.000000,2.834467,2.721088,2.721088,1.927199,71442
1983-07-11,0.000000,2.834467,2.777778,2.777778,1.967349,59094
1983-07-12,0.000000,2.721088,2.664399,2.664399,1.887048,80703
1983-07-13,0.000000,2.777778,2.664399,2.664399,1.887048,31311
1983-07-14,0.000000,2.721088,2.664399,2.664399,1.887048,35280
1983-07-15,0.000000,2.664399,2.551020,2.551020,1.806748,40131
1983-07-18,0.000000,2.551020,2.494331,2.494331,1.766598,39249
1983-07-19,0.000000,2.494331,2.380952,2.380952,1.686299,34839
1983-07-20,0.000000,2.607710,2.551020,2.551020,1.806748,73647
1983-07-21,0.000000,2.777778,2.721088,2.721088,1.927199,114660
1983-07-22,0.000000,2.834467,2.777778,2.777778,1.967349,47628
1983-07-25,0.000000,2.834467,2.721088,2.721088,1.927199,33516
1983-07-26,0.000000,2.834467,2.777778,2.777778,1.967349,54684
1983-07-27,0.000000,2.777778,2.664399,2.664399,1.887048,63945
1983-07-28,2.664399,2.664399,2.664399,2.664399,1.887048,0
1983-07-29,0.000000,2.664399,2.607710,2.607710,1.846899,38808
1983-08-01,0.000000,2.721088,2.664399,2.664399,1.887048,41454
1983-08-02,0.000000,2.777778,2.721088,2.721088,1.927199,65268
1983-08-03,0.000000,2.834467,2.721088,2.721088,1.927199,29106
1983-08-04,0.000000,2.777778,2.721088,2.721088,1.927199,13671
1983-08-05,0.000000,2.834467,2.721088,2.721088,1.927199,3528
1983-08-08,0.000000,2.777778,2.721088,2.721088,1.927199,40572
1983-08-09,0.000000,2.721088,2.664399,2.664399,1.887048,34839
1983-08-10,0.000000,2.777778,2.664399,2.664399,1.887048,22491
1983-08-11,0.000000,2.777778,2.664399,2.664399,1.887048,7497
1983-08-12,0.000000,2.777778,2.664399,2.664399,1.887048,15435
1983-08-15,0.000000,2.777778,2.664399,2.664399,1.887048,17640
1983-08-16,0.000000,2.721088,2.607710,2.607710,1.846899,18522
1983-08-17,0.000000,2.721088,2.607710,2.607710,1.846899,8379
1983-08-18,0.000000,2.721088,2.607710,2.607710,1.846899,17199
1983-08-19,0.000000,2.777778,2.721088,2.721088,1.927199,95697
1983-08-22,0.000000,2.834467,2.777778,2.777778,1.967349,41454
1983-08-23,0.000000,2.891156,2.777778,2.777778,1.967349,26460
1983-08-24,0.000000,2.891156,2.834467,2.834467,2.007499,45423
1983-08-25,0.000000,2.834467,2.777778,2.777778,1.967349,57771
1983-08-26,0.000000,2.834467,2.777778,2.777778,1.967349,24696
1983-08-29,0.000000,2.834467,2.777778,2.777778,1.967349,18522
1983-08-30,0.000000,2.834467,2.777778,2.777778,1.967349,11466
1983-08-31,0.000000,2.834467,2.777778,2.777778,1.967349,14553
1983-09-01,0.000000,2.834467,2.777778,2.777778,1.967349,17640
1983-09-02,0.000000,2.834467,2.721088,2.721088,1.927199,13230
1983-09-06,0.000000,2.664399,2.607710,2.607710,1.846899,37044
1983-09-07,0.000000,2.607710,2.551020,2.551020,1.806748,57330
1983-09-08,0.000000,2.607710,2.551020,2.551020,1.806748,24255
1983-09-09,0.000000,2.551020,2.494331,2.494331,1.766598,27783
1983-09-12,0.000000,2.494331,2.380952,2.380952,1.686299,57330
1983-09-13,0.000000,2.437642,2.380952,2.380952,1.686299,44982
1983-09-14,0.000000,2.494331,2.437642,2.437642,1.726449,34398
1983-09-15,0.000000,2.551020,2.494331,2.494331,1.766598,46305
1983-09-16,0.000000,2.607710,2.551020,2.551020,1.806748,34839
1983-09-19,0.000000,2.834467,2.777778,2.777778,1.967349,139797
1983-09-20,0.000000,2.777778,2.721088,2.721088,1.927199,123480
1983-09-21,0.000000,2.777778,2.721088,2.721088,1.927199,111132
1983-09-22,0.000000,2.834467,2.721088,2.721088,1.927199,122598
1983-09-23,0.000000,2.777778,2.721088,2.721088,1.927199,59976
1983-09-26,0.000000,2.891156,2.777778,2.777778,1.967349,27342
1983-09-27,0.000000,2.834467,2.777778,2.777778,1.967349,29547
1983-09-28,0.000000,2.777778,2.721088,2.721088,1.927199,29547
1983-09-29,0.000000,2.834467,2.777778,2.777778,1.967349,22050
1983-09-30,0.000000,2.834467,2.721088,2.721088,1.927199,15435
1983-10-03,0.000000,2.777778,2.721088,2.721088,1.927199,14112
1983-10-04,0.000000,2.721088,2.664399,2.664399,1.887048,29988
1983-10-05,0.000000,2.721088,2.607710,2.607710,1.846899,26460
1983-10-06,0.000000,2.721088,2.607710,2.607710,1.846899,11466
1983-10-07,0.000000,2.721088,2.607710,2.607710,1.846899,4851
1983-10-10,0.000000,2.664399,2.607710,2.607710,1.846899,10584
1983-10-11,0.000000,2.664399,2.607710,2.607710,1.846899,11907
1983-10-12,0.000000,2.721088,2.607710,2.607710,1.846899,32193
1983-10-13,0.000000,2.664399,2.551020,2.551020,1.806748,16317
1983-10-14,0.000000,2.664399,2.551020,2.551020,1.806748,5292
1983-10-17,0.000000,2.551020,2.494331,2.494331,1.766598,35721
1983-10-18,0.000000,2.494331,2.380952,2.380952,1.686299,28224
1983-10-19,0.000000,2.494331,2.380952,2.380952,1.686299,31752
1983-10-20,0.000000,2.494331,2.437642,2.437642,1.726449,6174
1983-10-21,0.000000,2.437642,2.380952,2.380952,1.686299,13671
1983-10-24,0.000000,2.324263,2.267574,2.267574,1.606000,53361
1983-10-25,0.000000,2.324263,2.267574,2.267574,1.606000,9261
1983-10-26,0.000000,2.324263,2.210884,2.210884,1.565849,37926
1983-10-27,0.000000,2.324263,2.210884,2.210884,1.565849,17640
1983-10-28,0.000000,2.324263,2.210884,2.210884,1.565849,27783
1983-10-31,0.000000,2.324263,2.210884,2.210884,1.565849,11907
1983-11-01,0.000000,2.267574,2.210884,2.210884,1.565849,10584
1983-11-02,0.000000,2.324263,2.210884,2.210884,1.565849,30429
1983-11-03,0.000000,2.210884,2.154195,2.154195,1.525699,9702
1983-11-04,0.000000,2.210884,2.097506,2.097506,1.485550,25578
1983-11-07,0.000000,2.154195,2.040816,2.040816,1.445399,14994
1983-11-08,0.000000,1.984127,1.927438,1.927438,1.365099,36603
1983-11-09,0.000000,1.984127,1.927438,1.927438,1.365099,14112
1983-11-10,0.000000,1.984127,1.927438,1.927438,1.365099,12348
1983-11-11,0.000000,2.097506,1.984127,1.984127,1.405249,34398
1983-11-14,0.000000,2.069161,2.012472,2.012472,1.425324,39690
1983-11-15,0.000000,2.040816,1.984127,1.984127,1.405249,23814
1983-11-16,0.000000,1.984127,1.927438,1.927438,1.365099,37485
1983-11-17,0.000000,1.984127,1.927438,1.927438,1.365099,23814
1983-11-18,0.000000,2.040816,1.984127,1.984127,1.405249,21609
1983-11-21,0.000000,2.040816,1.984127,1.984127,1.405249,21609
1983-11-22,0.000000,2.040816,1.984127,1.984127,1.405249,31752
1983-11-23,0.000000,2.040816,1.984127,1.984127,1.405249,6615
1983-11-25,0.000000,2.040816,1.984127,1.984127,1.405249,2646
1983-11-28,0.000000,2.040816,1.984127,1.984127,1.405249,32193
1983-11-29,0.000000,2.040816,1.984127,1.984127,1.405249,19845
1983-11-30,0.000000,2.040816,1.927438,1.927438,1.365099,28224
1983-12-01,0.000000,1.984127,1.927438,1.927438,1.365099,7056
1983-12-02,0.000000,1.984127,1.927438,1.927438,1.365099,14553
1983-12-05,0.000000,1.984127,1.927438,1.927438,1.365099,14553
1983-12-06,0.000000,1.984127,1.870748,1.870748,1.324949,22491
1983-12-07,0.000000,1.984127,1.870748,1.870748,1.324949,14994
1983-12-08,0.000000,1.984127,1.927438,1.927438,1.365099,6615
1983-12-09,0.000000,1.984127,1.927438,1.927438,1.365099,7497
1983-12-12,0.000000,1.984127,1.927438,1.927438,1.365099,36603
1983-12-13,0.000000,1.984127,1.870748,1.870748,1.324949,15876
1983-12-14,0.000000,1.984127,1.870748,1.870748,1.324949,14994
1983-12-15,0.000000,1.984127,1.870748,1.870748,1.324949,14112
1983-12-16,0.000000,1.927438,1.870748,1.870748,1.324949,17199
1983-12-19,0.000000,1.927438,1.870748,1.870748,1.324949,14994
1983-12-20,0.000000,1.927438,1.870748,1.870748,1.324949,14553
1983-12-21,0.000000,1.984127,1.927438,1.927438,1.365099,35280
1983-12-22,0.000000,1.984127,1.927438,1.927438,1.365099,34839
1983-12-23,0.000000,1.984127,1.927438,1.927438,1.365099,13671
1983-12-27,0.000000,1.984127,1.927438,1.927438,1.365099,16317
1983-12-28,0.000000,1.927438,1.870748,1.870748,1.324949,33516
1983-12-29,0.000000,1.927438,1.870748,1.870748,1.324949,8820
1983-12-30,0.000000,1.927438,1.870748,1.870748,1.324949,144648
1984-01-03,0.000000,1.927438,1.814059,1.814059,1.284799,36162
1984-01-04,0.000000,1.984127,1.870748,1.870748,1.324949,14553
1984-01-05,0.000000,2.040816,1.984127,1.984127,1.405249,23814
1984-01-06,0.000000,2.097506,2.040816,2.040816,1.445399,43218
1984-01-09,0.000000,2.154195,2.097506,2.097506,1.485550,36603
1984-01-10,0.000000,2.154195,2.097506,2.097506,1.485550,25137
1984-01-11,0.000000,2.154195,2.097506,2.097506,1.485550,26901
1984-01-12,0.000000,2.210884,2.154195,2.154195,1.525699,58212
1984-01-13,0.000000,2.210884,2.154195,2.154195,1.525699,42336
1984-01-16,0.000000,2.210884,2.154195,2.154195,1.525699,44100
1984-01-17,0.000000,2.324263,2.210884,2.324263,1.646150,46305
1984-01-18,0.000000,2.324263,2.210884,2.210884,1.565849,27342
1984-01-19,0.000000,2.295918,2.210884,2.210884,1.565849,3528
1984-01-20,0.000000,2.267574,2.210884,2.267574,1.606000,43659
1984-01-23,0.000000,2.267574,2.210884,2.210884,1.565849,8820
1984-01-24,0.000000,2.324263,2.210884,2.210884,1.565849,12348
1984-01-25,0.000000,2.324263,2.210884,2.210884,1.565849,40572
1984-01-26,0.000000,2.267574,2.154195,2.154195,1.525699,6615
1984-01-27,0.000000,2.210884,2.154195,2.154195,1.525699,6615
1984-01-30,0.000000,2.210884,2.097506,2.154195,1.525699,24255
1984-01-31,0.000000,2.154195,2.097506,2.097506,1.485550,7938
1984-02-01,0.000000,2.210884,2.097506,2.210884,1.565849,12789
1984-02-02,0.000000,2.125850,2.097506,2.097506,1.485550,8379
1984-02-03,0.000000,2.210884,2.097506,2.097506,1.485550,28665
1984-02-06,0.000000,2.097506,2.040816,2.040816,1.445399,10143
1984-02-07,0.000000,2.040816,2.040816,2.040816,1.445399,6174
1984-02-08,0.000000,2.154195,2.154195,2.154195,1.525699,5733
1984-02-09,0.000000,2.154195,2.040816,2.040816,1.445399,4410
1984-02-10,0.000000,2.154195,2.097506,2.154195,1.525699,22050
1984-02-13,0.000000,2.097506,2.097506,2.097506,1.485550,20286
1984-02-14,0.000000,2.210884,2.097506,2.097506,1.485550,34398
1984-02-15,0.000000,2.154195,2.040816,2.097506,1.485550,23373
1984-02-16,0.000000,2.097506,2.040816,2.097506,1.485550,882
1984-02-17,2.097506,2.097506,2.097506,2.097506,1.485550,0
1984-02-21,0.000000,2.154195,2.097506,2.154195,1.525699,10143
1984-02-22,0.000000,2.154195,2.040816,2.154195,1.525699,17640
1984-02-23,0.000000,2.097506,2.012472,2.097506,1.485550,16317
1984-02-24,0.000000,2.154195,2.040816,2.154195,1.525699,3969
1984-02-27,0.000000,2.097506,2.040816,2.097506,1.485550,3528
1984-02-28,0.000000,2.040816,2.040816,2.040816,1.445399,1764
1984-02-29,0.000000,2.097506,2.040816,2.040816,1.445399,10584
1984-03-01,0.000000,2.040816,2.040816,2.040816,1.445399,11466
1984-03-02,0.000000,2.097506,2.097506,2.097506,1.485550,3528
1984-03-05,0.000000,2.040816,2.040816,2.040816,1.445399,23373
1984-03-06,0.000000,2.097506,2.012472,2.012472,1.425324,3528
1984-03-07,0.000000,2.097506,2.012472,2.012472,1.425324,7497
1984-03-08,0.000000,2.040816,2.012472,2.012472,1.425324,3969
1984-03-09,0.000000,2.097506,2.040816,2.097506,1.485550,17199
1984-03-12,0.000000,2.097506,2.040816,2.097506,1.485550,5292
1984-03-13,0.000000,2.040816,2.040816,2.040816,1.445399,2646
1984-03-14,0.000000,2.040816,2.012472,2.040816,1.445399,70560
1984-03-15,0.000000,2.012472,2.012472,2.012472,1.425324,3528
1984-03-16,0.000000,2.097506,2.012472,2.040816,1.445399,17640
1984-03-19,0.000000,2.040816,2.012472,2.040816,1.445399,31311
1984-03-20,0.000000,2.040816,1.984127,1.984127,1.405249,15435
1984-03-21,0.000000,2.040816,2.012472,2.040816,1.445399,3969
1984-03-22,0.000000,2.040816,1.984127,2.012472,1.425324,11025
1984-03-23,0.000000,2.097506,1.984127,2.097506,1.485550,45423
1984-03-26,0.000000,2.154195,2.097506,2.154195,1.525699,24696
1984-03-27,0.000000,2.154195,2.097506,2.154195,1.525699,16758
1984-03-28,0.000000,2.210884,2.154195,2.182540,1.545775,11466
1984-03-29,0.000000,2.210884,2.154195,2.210884,1.565849,14112
1984-03-30,0.000000,2.267574,2.210884,2.267574,1.606000,19845
1984-04-02,0.000000,2.210884,2.210884,2.210884,1.565849,6174
1984-04-03,0.000000,2.239229,2.210884,2.210884,1.565849,42336
1984-04-04,0.000000,2.267574,2.210884,2.210884,1.565849,15876
1984-04-05,0.000000,2.267574,2.097506,2.097506,1.485550,47628
1984-04-06,0.000000,2.154195,2.097506,2.154195,1.525699,4410
1984-04-09,0.000000,2.040816,2.040816,2.040816,1.445399,3087
1984-04-10,0.000000,2.040816,1.984127,2.040816,1.445399,5292
1984-04-11,0.000000,2.097506,1.984127,2.040816,1.445399,16758
1984-04-12,0.000000,1.984127,1.984127,1.984127,1.405249,7497
1984-04-13,0.000000,1.984127,1.984127,1.984127,1.405249,9702
1984-04-16,0.000000,2.040816,1.984127,2.040816,1.445399,14112
1984-04-17,0.000000,2.097506,1.984127,1.984127,1.405249,12348
1984-04-18,0.000000,2.097506,1.984127,1.984127,1.405249,5292
1984-04-19,0.000000,2.125850,1.984127,2.040816,1.445399,23814
1984-04-23,0.000000,2.125850,2.040816,2.040816,1.445399,31311
1984-04-24,0.000000,2.040816,1.984127,1.984127,1.405249,14112
1984-04-25,0.000000,1.984127,1.984127,1.984127,1.405249,13671
1984-04-26,0.000000,2.097506,1.984127,2.097506,1.485550,4851
1984-04-27,0.000000,2.097506,2.040816,2.097506,1.485550,11466
1984-04-30,0.000000,2.040816,1.984127,1.984127,1.405249,28665
1984-05-01,0.000000,2.069161,1.984127,2.069161,1.465475,6174
1984-05-02,0.000000,2.097506,1.984127,2.097506,1.485550,3528
1984-05-03,0.000000,2.069161,2.040816,2.040816,1.445399,13671
1984-05-04,0.000000,2.040816,2.040816,2.040816,1.445399,1764
1984-05-07,0.000000,2.097506,2.097506,2.097506,1.485550,1764
1984-05-08,0.000000,2.097506,2.040816,2.040816,1.445399,2205
1984-05-09,0.000000,2.097506,2.040816,2.097506,1.485550,48510
1984-05-10,0.000000,2.097506,2.040816,2.097506,1.485550,22050
1984-05-11,0.000000,2.097506,2.040816,2.040816,1.445399,26460
1984-05-14,0.000000,2.097506,1.984127,1.984127,1.405249,38808
1984-05-15,0.000000,1.927438,1.927438,1.927438,1.365099,1323
1984-05-16,0.000000,1.927438,1.927438,1.927438,1.365099,1764
1984-05-17,0.000000,2.040816,1.927438,1.927438,1.365099,5733
1984-05-18,0.000000,1.984127,1.927438,1.984127,1.405249,15435
1984-05-21,0.000000,1.984127,1.870748,1.927438,1.365099,64386
1984-05-22,0.000000,1.927438,1.870748,1.870748,1.324949,6615
1984-05-23,0.000000,1.927438,1.927438,1.927438,1.365099,4851
1984-05-24,0.000000,1.870748,1.757370,1.870748,1.324949,35280
1984-05-25,0.000000,1.870748,1.757370,1.757370,1.244650,6615
1984-05-29,0.000000,1.814059,1.757370,1.757370,1.244650,33516
1984-05-30,0.000000,1.870748,1.700680,1.870748,1.324949,70560
1984-05-31,1.870748,1.870748,1.870748,1.870748,1.324949,0
1984-06-01,0.000000,1.870748,1.814059,1.814059,1.284799,13671
1984-06-04,0.000000,1.927438,1.814059,1.814059,1.284799,20286
1984-06-05,0.000000,1.814059,1.814059,1.814059,1.284799,5733
1984-06-06,1.814059,1.814059,1.814059,1.814059,1.284799,0
1984-06-07,0.000000,1.927438,1.814059,1.870748,1.324949,12348
1984-06-08,0.000000,1.927438,1.870748,1.927438,1.365099,14553
1984-06-11,0.000000,2.040816,1.927438,2.040816,1.445399,24255
1984-06-12,0.000000,2.097506,1.927438,2.040816,1.445399,105399
1984-06-13,0.000000,2.154195,1.984127,1.984127,1.405249,89523
1984-06-14,0.000000,2.040816,1.984127,2.040816,1.445399,33075
1984-06-15,0.000000,2.040816,1.984127,1.984127,1.405249,4410
1984-06-18,0.000000,1.984127,1.984127,1.984127,1.405249,2646
1984-06-19,0.000000,1.984127,1.984127,1.984127,1.405249,882
1984-06-20,0.000000,1.984127,1.984127,1.984127,1.405249,9702
1984-06-21,0.000000,1.984127,1.927438,1.984127,1.405249,7497
1984-06-22,0.000000,2.040816,1.927438,1.927438,1.365099,38367
1984-06-25,1.927438,1.927438,1.927438,1.927438,1.365099,0
1984-06-26,0.000000,1.927438,1.927438,1.927438,1.365099,441
1984-06-27,0.000000,2.040816,1.927438,1.927438,1.365099,8379
1984-06-28,0.000000,2.040816,1.927438,1.927438,1.365099,3087
1984-06-29,0.000000,1.927438,1.927438,1.927438,1.365099,11907
1984-07-02,0.000000,1.927438,1.927438,1.927438,1.365099,3087
1984-07-03,0.000000,1.927438,1.814059,1.927438,1.365099,35280
1984-07-05,0.000000,1.814059,1.814059,1.814059,1.284799,8379
1984-07-06,0.000000,1.814059,1.757370,1.757370,1.244650,4851
1984-07-09,0.000000,1.870748,1.757370,1.814059,1.284799,8820
1984-07-10,0.000000,1.814059,1.757370,1.757370,1.244650,11466
1984-07-11,0.000000,1.814059,1.700680,1.700680,1.204499,8820
1984-07-12,0.000000,1.814059,1.643991,1.700680,1.204499,10143
1984-07-13,0.000000,1.757370,1.643991,1.757370,1.244650,9702
1984-07-16,0.000000,1.643991,1.643991,1.643991,1.164349,7056
1984-07-17,0.000000,1.757370,1.643991,1.643991,1.164349,8820
1984-07-18,0.000000,1.757370,1.643991,1.757370,1.244650,4851
1984-07-19,0.000000,1.757370,1.643991,1.700680,1.204499,11466
1984-07-20,0.000000,1.643991,1.643991,1.643991,1.164349,6174
1984-07-23,0.000000,1.643991,1.417234,1.530612,1.084049,59535
1984-07-24,0.000000,1.530612,1.417234,1.445578,1.023824,37926
1984-07-25,0.000000,1.558957,1.473923,1.530612,1.084049,39690
1984-07-26,0.000000,1.587302,1.502268,1.558957,1.104124,77175
1984-07-27,0.000000,1.587302,1.530612,1.530612,1.084049,24696
1984-07-30,0.000000,1.587302,1.417234,1.530612,1.084049,63945
1984-07-31,0.000000,1.530612,1.530612,1.530612,1.084049,882
1984-08-01,0.000000,1.530612,1.417234,1.473923,1.043899,11025
1984-08-02,0.000000,1.558957,1.473923,1.558957,1.104124,27783
1984-08-03,0.000000,1.587302,1.473923,1.473923,1.043899,57330
1984-08-06,0.000000,1.473923,1.473923,1.473923,1.043899,4851
1984-08-07,0.000000,1.502268,1.473923,1.502268,1.063975,35280
1984-08-08,0.000000,1.530612,1.473923,1.473923,1.043899,27783
1984-08-09,0.000000,1.530612,1.502268,1.502268,1.063975,1764
1984-08-10,0.000000,1.530612,1.502268,1.530612,1.084049,8820
1984-08-13,0.000000,1.558957,1.473923,1.530612,1.084049,82026
1984-08-14,0.000000,1.530612,1.502268,1.502268,1.063975,7056
1984-08-15,0.000000,1.530612,1.502268,1.530612,1.084049,3087
1984-08-16,0.000000,1.558957,1.530612,1.558957,1.104124,26460
1984-08-17,0.000000,1.587302,1.530612,1.587302,1.124200,43218
1984-08-20,0.000000,1.757370,1.587302,1.643991,1.164349,54243
1984-08-21,0.000000,1.984127,1.700680,1.927438,1.365099,87759
1984-08-22,0.000000,1.927438,1.870748,1.870748,1.324949,37926
1984-08-23,0.000000,1.814059,1.814059,1.814059,1.284799,6174
1984-08-24,0.000000,1.870748,1.785714,1.785714,1.264724,3969
1984-08-27,0.000000,1.785714,1.785714,1.785714,1.264724,882
1984-08-28,0.000000,1.785714,1.757370,1.757370,1.244650,15435
1984-08-29,0.000000,1.814059,1.757370,1.757370,1.244650,11025
1984-08-30,0.000000,1.814059,1.814059,1.814059,1.284799,22050
1984-08-31,0.000000,1.700680,1.700680,1.700680,1.204499,2205
1984-09-04,0.000000,1.700680,1.700680,1.700680,1.204499,4410
1984-09-05,0.000000,1.757370,1.700680,1.700680,1.204499,15876
1984-09-06,0.000000,1.757370,1.643991,1.757370,1.244650,3969
1984-09-07,0.000000,1.700680,1.587302,1.587302,1.124200,25137
1984-09-10,0.000000,1.700680,1.643991,1.643991,1.164349,7497
1984-09-11,0.000000,1.700680,1.643991,1.700680,1.204499,3528
1984-09-12,0.000000,1.643991,1.643991,1.643991,1.164349,2646
1984-09-13,0.000000,1.700680,1.643991,1.700680,1.204499,25137
1984-09-14,0.000000,1.700680,1.700680,1.700680,1.204499,3087
1984-09-17,0.000000,1.700680,1.700680,1.700680,1.204499,441
1984-09-18,0.000000,1.729025,1.700680,1.700680,1.204499,34398
1984-09-19,0.000000,1.700680,1.672336,1.672336,1.184425,76734
1984-09-20,0.000000,1.700680,1.672336,1.672336,1.184425,29547
1984-09-21,0.000000,1.729025,1.643991,1.729025,1.224575,21168
1984-09-24,0.000000,1.700680,1.615646,1.615646,1.144274,11025
1984-09-25,0.000000,1.672336,1.615646,1.672336,1.184425,2646
1984-09-26,0.000000,1.615646,1.615646,1.615646,1.144274,2646
1984-09-27,0.000000,1.672336,1.587302,1.587302,1.124200,14112
1984-09-28,0.000000,1.587302,1.587302,1.587302,1.124200,3969
1984-10-01,0.000000,1.587302,1.530612,1.530612,1.084049,30429
1984-10-02,0.000000,1.558957,1.473923,1.502268,1.063975,35721
1984-10-03,0.000000,1.502268,1.445578,1.445578,1.023824,17640
1984-10-04,0.000000,1.530612,1.445578,1.530612,1.084049,19845
1984-10-05,0.000000,1.530612,1.445578,1.473923,1.043899,17199
1984-10-08,0.000000,1.558957,1.473923,1.473923,1.043899,2646
1984-10-09,0.000000,1.473923,1.473923,1.473923,1.043899,3087
1984-10-10,0.000000,1.502268,1.473923,1.502268,1.063975,14553
1984-10-11,0.000000,1.473923,1.473923,1.473923,1.043899,441
1984-10-12,0.000000,1.502268,1.417234,1.473923,1.043899,35721
1984-10-15,0.000000,1.473923,1.417234,1.473923,1.043899,6615
1984-10-16,0.000000,1.417234,1.417234,1.417234,1.003749,3969
1984-10-17,0.000000,1.473923,1.445578,1.445578,1.023824,4851
1984-10-18,0.000000,1.473923,1.360544,1.417234,1.003749,22932
1984-10-19,0.000000,1.530612,1.417234,1.417234,1.003749,4410
1984-10-22,0.000000,1.417234,1.417234,1.417234,1.003749,8820
1984-10-23,0.000000,1.445578,1.417234,1.445578,1.023824,32193
1984-10-24,0.000000,1.473923,1.417234,1.417234,1.003749,52038
1984-10-25,0.000000,1.473923,1.417234,1.473923,1.043899,11466
1984-10-26,0.000000,1.417234,1.360544,1.360544,0.963599,33516
1984-10-29,0.000000,1.417234,1.360544,1.360544,0.963599,7497
1984-10-30,0.000000,1.417234,1.303855,1.360544,0.963599,28224
1984-10-31,0.000000,1.303855,1.133787,1.133787,0.803000,136269
1984-11-01,0.000000,1.247166,1.133787,1.133787,0.803000,5733
1984-11-02,0.000000,1.247166,1.190476,1.190476,0.843149,7056
1984-11-05,0.000000,1.247166,1.133787,1.133787,0.803000,135387
1984-11-06,0.000000,1.247166,1.133787,1.247166,0.883300,5733
1984-11-07,0.000000,1.247166,1.162132,1.162132,0.823075,47628
1984-11-08,0.000000,1.247166,1.162132,1.247166,0.883300,33075
1984-11-09,0.000000,1.247166,1.190476,1.190476,0.843149,22050
1984-11-12,0.000000,1.247166,1.190476,1.190476,0.843149,18081
1984-11-13,0.000000,1.218821,1.190476,1.190476,0.843149,7056
1984-11-14,0.000000,1.247166,1.190476,1.247166,0.883300,30429
1984-11-15,0.000000,1.190476,1.133787,1.133787,0.803000,29988
1984-11-16,0.000000,1.190476,1.133787,1.133787,0.803000,30870
1984-11-19,0.000000,1.190476,1.133787,1.190476,0.843149,17199
1984-11-20,0.000000,1.190476,1.105442,1.133787,0.803000,46746
1984-11-21,0.000000,1.162132,1.105442,1.133787,0.803000,22050
1984-11-23,0.000000,1.133787,1.133787,1.133787,0.803000,14112
1984-11-26,0.000000,1.133787,1.133787,1.133787,0.803000,441
1984-11-27,0.000000,1.133787,1.133787,1.133787,0.803000,20727
1984-11-28,0.000000,1.190476,1.133787,1.133787,0.803000,24255
1984-11-29,0.000000,1.190476,1.077098,1.077098,0.762850,95256
1984-11-30,0.000000,1.133787,1.077098,1.133787,0.803000,10584
1984-12-03,0.000000,1.133787,1.077098,1.077098,0.762850,78498
1984-12-04,0.000000,1.105442,1.077098,1.077098,0.762850,101430
1984-12-05,0.000000,1.133787,1.020408,1.077098,0.762850,24696
1984-12-06,0.000000,1.133787,1.048753,1.077098,0.762850,69237
1984-12-07,0.000000,1.133787,1.077098,1.077098,0.762850,31311
1984-12-10,0.000000,1.077098,1.020408,1.020408,0.722700,135828
1984-12-11,0.000000,1.133787,1.077098,1.077098,0.762850,19404
1984-12-12,0.000000,1.077098,1.077098,1.077098,0.762850,11466
1984-12-13,0.000000,1.133787,1.020408,1.020408,0.722700,63063
1984-12-14,0.000000,1.077098,1.020408,1.077098,0.762850,40131
1984-12-17,0.000000,1.077098,1.020408,1.020408,0.722700,16758
1984-12-18,0.000000,1.048753,0.992063,0.992063,0.702624,56007
1984-12-19,0.000000,1.020408,0.992063,0.992063,0.702624,12348
1984-12-20,0.000000,1.020408,0.963719,0.963719,0.682550,30429
1984-12-21,0.000000,1.020408,0.963719,0.963719,0.682550,68355
1984-12-24,0.000000,1.020408,0.963719,0.963719,0.682550,29547
1984-12-26,0.000000,0.963719,0.963719,0.963719,0.682550,31311
1984-12-27,0.000000,1.020408,0.963719,0.963719,0.682550,24696
1984-12-28,0.000000,1.020408,0.963719,0.963719,0.682550,41454
1984-12-31,0.000000,1.020408,0.963719,0.963719,0.682550,60417
1985-01-02,0.000000,1.020408,0.963719,1.020408,0.722700,6174
1985-01-03,0.000000,1.020408,0.963719,1.020408,0.722700,8820
1985-01-04,0.000000,0.992063,0.963719,0.992063,0.702624,7938
1985-01-07,0.000000,1.020408,0.963719,1.020408,0.722700,3087
1985-01-08,0.000000,1.020408,0.963719,1.020408,0.722700,32634
1985-01-09,0.000000,1.020408,1.020408,1.020408,0.722700,441
1985-01-10,0.000000,1.020408,0.963719,0.963719,0.682550,7056
1985-01-11,0.000000,1.020408,0.963719,0.963719,0.682550,63945
1985-01-14,0.000000,0.963719,0.963719,0.963719,0.682550,441
1985-01-15,0.000000,0.992063,0.963719,0.992063,0.702624,2646
1985-01-16,0.000000,1.020408,0.963719,1.020408,0.722700,3969
1985-01-17,0.000000,1.020408,0.963719,1.020408,0.722700,7497
1985-01-18,0.000000,1.020408,0.992063,1.020408,0.722700,3969
1985-01-21,0.000000,1.020408,0.963719,1.020408,0.722700,5733
1985-01-22,0.000000,1.020408,0.963719,0.992063,0.702624,31311
1985-01-23,0.000000,1.020408,0.963719,1.020408,0.722700,21168
1985-01-24,0.000000,1.020408,0.963719,0.992063,0.702624,22932
1985-01-25,0.000000,0.992063,0.963719,0.963719,0.682550,12348
1985-01-28,0.000000,1.020408,0.963719,0.992063,0.702624,17640
1985-01-29,0.000000,1.020408,0.963719,0.963719,0.682550,8379
1985-01-30,0.000000,1.020408,0.963719,1.020408,0.722700,26460
1985-01-31,0.000000,1.020408,0.963719,1.020408,0.722700,3969
1985-02-01,0.000000,1.020408,0.963719,0.963719,0.682550,30429
1985-02-04,0.000000,1.020408,0.963719,0.963719,0.682550,15435
1985-02-05,0.000000,1.020408,0.963719,0.963719,0.682550,3528
1985-02-06,0.000000,1.020408,0.963719,1.020408,0.722700,19404
1985-02-07,0.000000,1.133787,1.020408,1.020408,0.722700,114219
1985-02-08,0.000000,1.133787,1.133787,1.133787,0.803000,1764
1985-02-11,0.000000,1.133787,1.105442,1.105442,0.782925,9702
1985-02-12,0.000000,1.133787,1.105442,1.133787,0.803000,8379
1985-02-13,0.000000,1.133787,1.077098,1.133787,0.803000,13671
1985-02-14,0.000000,1.133787,1.105442,1.133787,0.803000,26901
1985-02-15,0.000000,1.105442,1.105442,1.105442,0.782925,2205
1985-02-19,0.000000,1.133787,1.133787,1.133787,0.803000,34398
1985-02-20,0.000000,1.105442,1.105442,1.105442,0.782925,1764
1985-02-21,0.000000,1.105442,1.105442,1.105442,0.782925,882
1985-02-22,0.000000,1.190476,1.133787,1.190476,0.843149,53802
1985-02-25,0.000000,1.190476,1.077098,1.077098,0.762850,11025
1985-02-26,0.000000,1.133787,1.105442,1.133787,0.803000,5292
1985-02-27,0.000000,1.133787,1.077098,1.077098,0.762850,6615
1985-02-28,0.000000,1.133787,1.077098,1.133787,0.803000,882
1985-03-01,0.000000,1.133787,1.077098,1.133787,0.803000,1764
1985-03-04,0.000000,1.077098,1.077098,1.077098,0.762850,4410
1985-03-05,0.000000,1.133787,1.133787,1.133787,0.803000,8820
1985-03-06,0.000000,1.133787,1.077098,1.077098,0.762850,28665
1985-03-07,0.000000,1.077098,1.077098,1.077098,0.762850,4851
1985-03-08,0.000000,1.133787,1.048753,1.133787,0.803000,29988
1985-03-11,0.000000,1.048753,1.048753,1.048753,0.742775,4410
1985-03-12,0.000000,1.133787,1.048753,1.133787,0.803000,3969
1985-03-13,0.000000,1.133787,1.048753,1.048753,0.742775,26901
1985-03-14,0.000000,1.077098,1.077098,1.077098,0.762850,8379
1985-03-15,0.000000,1.077098,1.048753,1.048753,0.742775,7056
1985-03-18,0.000000,1.048753,1.048753,1.048753,0.742775,4410
1985-03-19,0.000000,1.048753,1.048753,1.048753,0.742775,441
1985-03-20,0.000000,1.105442,1.048753,1.048753,0.742775,3087
1985-03-21,0.000000,1.048753,1.048753,1.048753,0.742775,7938
1985-03-22,0.000000,1.077098,0.992063,1.077098,0.762850,10143
1985-03-25,0.000000,1.077098,0.992063,0.992063,0.702624,4410
1985-03-26,0.000000,1.020408,0.907029,1.020408,0.722700,35280
1985-03-27,0.000000,1.020408,0.907029,1.020408,0.722700,16758
1985-03-28,0.000000,1.020408,0.935374,0.935374,0.662475,14994
1985-03-29,0.000000,1.020408,0.907029,0.963719,0.682550,105840
1985-04-01,0.000000,1.020408,0.963719,1.020408,0.722700,16317
1985-04-02,0.000000,1.048753,0.992063,1.020408,0.722700,27342
1985-04-03,0.000000,1.020408,0.963719,0.963719,0.682550,10143
1985-04-04,0.000000,1.020408,0.963719,0.963719,0.682550,9261
1985-04-08,0.000000,1.020408,0.963719,1.020408,0.722700,85554
1985-04-09,0.000000,1.020408,0.963719,1.020408,0.722700,12789
1985-04-10,0.000000,1.020408,0.963719,1.020408,0.722700,19845
1985-04-11,0.000000,1.020408,0.963719,0.963719,0.682550,9702
1985-04-12,0.963719,0.963719,0.963719,0.963719,0.682550,0
1985-04-15,0.000000,1.077098,0.992063,1.077098,0.762850,34839
1985-04-16,0.000000,1.020408,0.992063,0.992063,0.702624,18522
1985-04-17,0.000000,1.077098,0.992063,1.020408,0.722700,7938
1985-04-18,0.000000,1.077098,1.020408,1.077098,0.762850,1764
1985-04-19,0.000000,1.077098,1.020408,1.077098,0.762850,11466
1985-04-22,0.000000,1.077098,1.020408,1.020408,0.722700,33516
1985-04-23,0.000000,1.048753,1.020408,1.048753,0.742775,3969
1985-04-24,0.000000,1.077098,0.992063,1.077098,0.762850,26019
1985-04-25,0.000000,0.992063,0.992063,0.992063,0.702624,3969
1985-04-26,0.000000,1.077098,1.048753,1.077098,0.762850,14994
1985-04-29,1.077098,1.077098,1.077098,1.077098,0.762850,0
1985-04-30,0.000000,1.133787,1.077098,1.133787,0.803000,29988
1985-05-01,0.000000,1.133787,1.077098,1.077098,0.762850,26460
1985-05-02,0.000000,1.077098,1.077098,1.077098,0.762850,1323
1985-05-03,0.000000,1.133787,1.105442,1.105442,0.782925,1764
1985-05-06,1.105442,1.105442,1.105442,1.105442,0.782925,0
1985-05-07,0.000000,1.133787,1.077098,1.133787,0.803000,48069
1985-05-08,0.000000,1.133787,1.105442,1.133787,0.803000,7938
1985-05-09,0.000000,1.133787,1.105442,1.105442,0.782925,23373
1985-05-10,0.000000,1.133787,1.105442,1.105442,0.782925,14553
1985-05-13,0.000000,1.105442,1.105442,1.105442,0.782925,1323
1985-05-14,0.000000,1.105442,1.105442,1.105442,0.782925,11466
1985-05-15,0.000000,1.133787,1.105442,1.105442,0.782925,9261
1985-05-16,0.000000,1.162132,1.105442,1.133787,0.803000,43659
1985-05-17,0.000000,1.133787,1.133787,1.133787,0.803000,21168
1985-05-20,0.000000,1.162132,1.162132,1.162132,0.823075,8379
1985-05-21,0.000000,1.133787,1.133787,1.133787,0.803000,55566
1985-05-22,0.000000,1.162132,1.105442,1.105442,0.782925,21609
1985-05-23,0.000000,1.133787,1.105442,1.105442,0.782925,7056
1985-05-24,1.105442,1.105442,1.105442,1.105442,0.782925,0
1985-05-28,0.000000,1.162132,1.105442,1.162132,0.823075,1764
1985-05-29,0.000000,1.162132,1.162132,1.162132,0.823075,1323
1985-05-30,0.000000,1.133787,1.133787,1.133787,0.803000,4851
1985-05-31,1.133787,1.133787,1.133787,1.133787,0.803000,0
1985-06-03,0.000000,1.162132,1.105442,1.105442,0.782925,7056
1985-06-04,0.000000,1.105442,1.105442,1.105442,0.782925,1764
1985-06-05,0.000000,1.105442,1.105442,1.105442,0.782925,7497
1985-06-06,0.000000,1.077098,1.077098,1.077098,0.762850,441
1985-06-07,0.000000,1.133787,1.077098,1.077098,0.762850,6615
1985-06-10,0.000000,1.077098,1.077098,1.077098,0.762850,4410
1985-06-11,0.000000,1.133787,1.077098,1.133787,0.803000,14994
1985-06-12,0.000000,1.133787,1.077098,1.133787,0.803000,4410
1985-06-13,0.000000,1.105442,1.077098,1.077098,0.762850,39690
1985-06-14,0.000000,1.077098,1.077098,1.077098,0.762850,10584
1985-06-17,0.000000,1.077098,1.048753,1.048753,0.742775,11025
1985-06-18,0.000000,1.077098,1.048753,1.048753,0.742775,13671
1985-06-19,0.000000,1.020408,1.020408,1.020408,0.722700,7938
1985-06-20,0.000000,1.077098,1.020408,1.020408,0.722700,7056
1985-06-21,0.000000,1.048753,0.992063,0.992063,0.702624,5733
1985-06-24,0.000000,1.048753,0.992063,0.992063,0.702624,173754
1985-06-25,0.000000,1.077098,1.077098,1.077098,0.762850,882
1985-06-26,0.000000,1.048753,0.992063,0.992063,0.702624,15435
1985-06-27,0.000000,1.048753,0.992063,0.992063,0.702624,5733
1985-06-28,0.000000,1.020408,0.992063,0.992063,0.702624,14112
1985-07-01,0.000000,0.992063,0.992063,0.992063,0.702624,48510
1985-07-02,0.000000,1.020408,0.963719,0.992063,0.702624,31311
1985-07-03,0.000000,1.048753,0.992063,0.992063,0.702624,1764
1985-07-05,0.000000,1.048753,1.048753,1.048753,0.742775,441
1985-07-08,0.000000,1.048753,0.992063,1.048753,0.742775,10143
1985-07-09,0.000000,1.048753,1.020408,1.048753,0.742775,57330
1985-07-10,0.000000,1.048753,1.020408,1.048753,0.742775,12348
1985-07-11,0.000000,1.077098,1.020408,1.048753,0.742775,24696
1985-07-12,0.000000,1.105442,1.048753,1.077098,0.762850,8820
1985-07-15,0.000000,1.077098,1.048753,1.048753,0.742775,4851
1985-07-16,0.000000,1.077098,1.077098,1.077098,0.762850,2646
1985-07-17,0.000000,1.048753,1.048753,1.048753,0.742775,3087
1985-07-18,0.000000,1.077098,1.048753,1.077098,0.762850,4851
1985-07-19,0.000000,1.020408,0.992063,1.020408,0.722700,44100
1985-07-22,0.000000,1.020408,0.963719,1.020408,0.722700,27783
1985-07-23,0.000000,1.020408,0.963719,0.963719,0.682550,6615
1985-07-24,0.000000,1.020408,0.963719,0.992063,0.702624,110691
1985-07-25,0.000000,1.020408,0.992063,0.992063,0.702624,1323
1985-07-26,0.000000,1.020408,0.992063,1.020408,0.722700,38808
1985-07-29,0.000000,1.077098,1.048753,1.048753,0.742775,30429
1985-07-30,0.000000,1.105442,1.077098,1.105442,0.782925,42336
1985-07-31,0.000000,1.133787,1.105442,1.105442,0.782925,11907
1985-08-01,0.000000,1.105442,1.105442,1.105442,0.782925,8379
1985-08-02,0.000000,1.133787,1.105442,1.133787,0.803000,11466
1985-08-05,0.000000,1.105442,1.105442,1.105442,0.782925,3087
1985-08-06,0.000000,1.105442,1.105442,1.105442,0.782925,4851
1985-08-07,0.000000,1.133787,1.105442,1.133787,0.803000,7056
1985-08-08,0.000000,1.105442,1.105442,1.105442,0.782925,5733
1985-08-09,0.000000,1.133787,1.105442,1.105442,0.782925,6615
1985-08-12,0.000000,1.133787,1.077098,1.077098,0.762850,30429
1985-08-13,0.000000,1.105442,1.077098,1.077098,0.762850,15876
1985-08-14,0.000000,1.077098,1.077098,1.077098,0.762850,1764
1985-08-15,0.000000,1.077098,1.077098,1.077098,0.762850,6615
1985-08-16,0.000000,1.077098,1.077098,1.077098,0.762850,7056
1985-08-19,0.000000,1.077098,1.077098,1.077098,0.762850,1323
1985-08-20,0.000000,1.077098,1.077098,1.077098,0.762850,12348
1985-08-21,0.000000,1.105442,1.048753,1.105442,0.782925,37485
1985-08-22,0.000000,1.105442,1.048753,1.077098,0.762850,41895
1985-08-23,0.000000,1.048753,1.048753,1.048753,0.742775,8820
1985-08-26,0.000000,1.020408,1.020408,1.020408,0.722700,441
1985-08-27,0.000000,1.077098,1.048753,1.077098,0.762850,4410
1985-08-28,0.000000,1.048753,1.048753,1.048753,0.742775,441
1985-08-29,0.000000,1.048753,1.048753,1.048753,0.742775,7938
1985-08-30,0.000000,1.077098,1.077098,1.077098,0.762850,8820
1985-09-03,0.000000,1.048753,1.048753,1.048753,0.742775,441
1985-09-04,0.000000,1.077098,1.077098,1.077098,0.762850,441
1985-09-05,0.000000,1.048753,1.048753,1.048753,0.742775,15435
1985-09-06,0.000000,1.077098,1.048753,1.048753,0.742775,35721
1985-09-09,0.000000,1.077098,1.020408,1.020408,0.722700,44541
1985-09-10,0.000000,1.020408,1.020408,1.020408,0.722700,2205
1985-09-11,0.000000,1.048753,1.020408,1.020408,0.722700,71442
1985-09-12,0.000000,1.048753,1.020408,1.020408,0.722700,12789
1985-09-13,0.000000,1.048753,0.963719,1.020408,0.722700,8379
1985-09-16,0.000000,1.048753,0.963719,0.992063,0.702624,160083
1985-09-17,0.000000,0.992063,0.935374,0.963719,0.682550,38367
1985-09-18,0.000000,0.992063,0.935374,0.992063,0.702624,16317
1985-09-19,0.000000,0.963719,0.935374,0.935374,0.662475,23373
1985-09-20,0.000000,0.992063,0.935374,0.935374,0.662475,38808
1985-09-23,0.000000,0.935374,0.935374,0.935374,0.662475,2205
1985-09-24,0.935374,0.935374,0.935374,0.935374,0.662475,0
1985-09-25,0.000000,0.963719,0.935374,0.935374,0.662475,1764
1985-09-26,0.935374,0.935374,0.935374,0.935374,0.662475,0
1985-09-30,0.000000,0.963719,0.935374,0.963719,0.682550,19845
1985-10-01,0.000000,0.935374,0.935374,0.935374,0.662475,2205
1985-10-02,0.000000,0.992063,0.935374,0.963719,0.682550,62181
1985-10-03,0.000000,0.992063,0.935374,0.992063,0.702624,2646
1985-10-04,0.000000,0.963719,0.963719,0.963719,0.682550,882
1985-10-07,0.000000,0.963719,0.935374,0.935374,0.662475,5733
1985-10-08,0.000000,0.992063,0.935374,0.935374,0.662475,14553
1985-10-09,0.000000,0.963719,0.935374,0.963719,0.682550,4410
1985-10-10,0.000000,0.992063,0.935374,0.963719,0.682550,22050
1985-10-11,0.000000,0.935374,0.935374,0.935374,0.662475,2646
1985-10-14,0.000000,0.935374,0.935374,0.935374,0.662475,3087
1985-10-15,0.000000,0.963719,0.963719,0.963719,0.682550,1764
1985-10-16,0.000000,0.935374,0.935374,0.935374,0.662475,68796
1985-10-17,0.000000,0.963719,0.935374,0.935374,0.662475,2205
1985-10-18,0.000000,0.935374,0.935374,0.935374,0.662475,8379
1985-10-21,0.000000,0.992063,0.935374,0.935374,0.662475,17199
1985-10-22,0.935374,0.935374,0.935374,0.935374,0.662475,0
1985-10-23,0.000000,0.935374,0.935374,0.935374,0.662475,4410
1985-10-24,0.000000,0.935374,0.935374,0.935374,0.662475,882
1985-10-25,0.000000,0.935374,0.935374,0.935374,0.662475,53361
1985-10-28,0.000000,0.935374,0.935374,0.935374,0.662475,441
1985-10-29,0.000000,0.992063,0.935374,0.935374,0.662475,882
1985-10-30,0.000000,0.963719,0.935374,0.935374,0.662475,16317
1985-10-31,0.000000,0.935374,0.935374,0.935374,0.662475,48069
1985-11-01,0.000000,0.935374,0.935374,0.935374,0.662475,22932
1985-11-04,0.000000,0.935374,0.935374,0.935374,0.662475,2205
1985-11-05,0.000000,0.963719,0.907029,0.907029,0.642399,51156
1985-11-06,0.000000,0.935374,0.907029,0.935374,0.662475,103194
1985-11-07,0.000000,0.935374,0.878685,0.878685,0.622325,38808
1985-11-08,0.000000,0.935374,0.878685,0.878685,0.622325,7056
1985-11-11,0.000000,0.878685,0.878685,0.878685,0.622325,441
1985-11-12,0.000000,0.878685,0.878685,0.878685,0.622325,2205
1985-11-13,0.000000,0.935374,0.878685,0.907029,0.642399,27342
1985-11-14,0.000000,0.907029,0.878685,0.878685,0.622325,7938
1985-11-15,0.000000,0.907029,0.878685,0.878685,0.622325,26901
1985-11-18,0.000000,0.907029,0.878685,0.878685,0.622325,7497
1985-11-19,0.000000,0.878685,0.850340,0.850340,0.602250,71442
1985-11-20,0.000000,0.850340,0.850340,0.850340,0.602250,441
1985-11-21,0.000000,0.878685,0.821995,0.821995,0.582174,36603
1985-11-22,0.000000,0.878685,0.765306,0.821995,0.582174,69237
1985-11-25,0.000000,0.850340,0.736961,0.736961,0.521949,15435
1985-11-26,0.000000,0.850340,0.736961,0.850340,0.602250,21609
1985-11-27,0.000000,0.850340,0.765306,0.793651,0.562100,82026
1985-11-29,0.000000,0.850340,0.765306,0.765306,0.542025,9702
1985-12-02,0.000000,0.793651,0.765306,0.793651,0.562100,6174
1985-12-03,0.000000,0.878685,0.793651,0.878685,0.622325,8820
1985-12-04,0.000000,0.878685,0.793651,0.878685,0.622325,5733
1985-12-05,0.000000,0.850340,0.793651,0.850340,0.602250,65709
1985-12-06,0.000000,0.850340,0.821995,0.821995,0.582174,63504
1985-12-09,0.000000,0.878685,0.821995,0.850340,0.602250,34398
1985-12-10,0.000000,0.850340,0.850340,0.850340,0.602250,33516
1985-12-11,0.000000,0.850340,0.850340,0.850340,0.602250,88641
1985-12-12,0.000000,0.878685,0.821995,0.821995,0.582174,19845
1985-12-13,0.000000,0.878685,0.821995,0.821995,0.582174,18081
1985-12-16,0.000000,0.850340,0.821995,0.821995,0.582174,36603
1985-12-17,0.000000,0.850340,0.821995,0.821995,0.582174,26460
1985-12-18,0.000000,0.850340,0.821995,0.821995,0.582174,97020
1985-12-19,0.000000,0.850340,0.793651,0.793651,0.562100,85113
1985-12-20,0.000000,0.821995,0.793651,0.821995,0.582174,59094
1985-12-23,0.000000,0.850340,0.765306,0.765306,0.542025,100548
1985-12-24,0.000000,0.821995,0.765306,0.765306,0.542025,42777
1985-12-26,0.000000,0.821995,0.765306,0.793651,0.562100,7938
1985-12-27,0.000000,0.821995,0.765306,0.765306,0.542025,74088
1985-12-30,0.000000,0.850340,0.765306,0.821995,0.582174,64827
1985-12-31,0.000000,0.821995,0.793651,0.793651,0.562100,60417
1986-01-02,0.000000,0.850340,0.793651,0.821995,0.582174,21168
1986-01-03,0.000000,0.850340,0.821995,0.850340,0.602250,10143
1986-01-06,0.000000,0.821995,0.793651,0.821995,0.582174,11466
1986-01-07,0.000000,0.793651,0.793651,0.793651,0.562100,2646
1986-01-08,0.000000,0.793651,0.793651,0.793651,0.562100,48510
1986-01-09,0.000000,0.793651,0.765306,0.793651,0.562100,86877
1986-01-10,0.000000,0.793651,0.793651,0.793651,0.562100,51156
1986-01-13,0.000000,0.850340,0.793651,0.793651,0.562100,57771
1986-01-14,0.000000,0.793651,0.793651,0.793651,0.562100,9261
1986-01-15,0.000000,0.821995,0.793651,0.821995,0.582174,2205
1986-01-16,0.000000,0.821995,0.821995,0.821995,0.582174,11466
1986-01-17,0.000000,0.793651,0.793651,0.793651,0.562100,4851
1986-01-20,0.000000,0.821995,0.793651,0.793651,0.562100,7938
1986-01-21,0.000000,0.850340,0.793651,0.850340,0.602250,39249
1986-01-22,0.000000,0.793651,0.765306,0.793651,0.562100,44982
1986-01-23,0.000000,0.793651,0.765306,0.793651,0.562100,15435
1986-01-24,0.000000,0.793651,0.793651,0.793651,0.562100,882
1986-01-27,0.000000,0.793651,0.765306,0.765306,0.542025,71883
1986-01-28,0.000000,0.793651,0.765306,0.765306,0.542025,24255
1986-01-29,0.000000,0.793651,0.765306,0.765306,0.542025,33075
1986-01-30,0.000000,0.793651,0.736961,0.765306,0.542025,199332
1986-01-31,0.000000,0.793651,0.765306,0.765306,0.542025,72765
1986-02-03,0.000000,0.793651,0.765306,0.793651,0.562100,52920
1986-02-04,0.000000,0.821995,0.793651,0.821995,0.582174,13230
1986-02-05,0.000000,0.793651,0.793651,0.793651,0.562100,108927
1986-02-06,0.000000,0.793651,0.793651,0.793651,0.562100,13671
1986-02-07,0.000000,0.793651,0.765306,0.765306,0.542025,45864
1986-02-10,0.000000,0.793651,0.765306,0.765306,0.542025,4851
1986-02-11,0.000000,0.793651,0.765306,0.765306,0.542025,21168
1986-02-12,0.000000,0.765306,0.736961,0.765306,0.542025,124362
1986-02-13,0.000000,0.736961,0.736961,0.736961,0.521949,54684
1986-02-14,0.000000,0.736961,0.736961,0.736961,0.521949,10584
1986-02-18,0.000000,0.793651,0.736961,0.736961,0.521949,21609
1986-02-19,0.000000,0.765306,0.680272,0.736961,0.521949,332955
1986-02-20,0.000000,0.765306,0.708617,0.765306,0.542025,22491
1986-02-21,0.000000,0.736961,0.708617,0.736961,0.521949,277389
1986-02-24,0.000000,0.708617,0.651927,0.651927,0.461724,46305
1986-02-25,0.000000,0.708617,0.651927,0.680272,0.481800,64386
1986-02-26,0.000000,0.680272,0.651927,0.651927,0.461724,53802
1986-02-27,0.000000,0.651927,0.623583,0.651927,0.461724,72324
1986-02-28,0.000000,0.651927,0.623583,0.651927,0.461724,85995
1986-03-03,0.000000,0.651927,0.623583,0.623583,0.441650,58653
1986-03-04,0.000000,0.651927,0.623583,0.623583,0.441650,19404
1986-03-05,0.000000,0.651927,0.623583,0.651927,0.461724,170226
1986-03-06,0.000000,0.651927,0.623583,0.651927,0.461724,6174
1986-03-07,0.000000,0.651927,0.623583,0.623583,0.441650,35721
1986-03-10,0.000000,0.651927,0.651927,0.651927,0.461724,24696
1986-03-11,0.000000,0.651927,0.623583,0.623583,0.441650,279153
1986-03-12,0.000000,0.651927,0.651927,0.651927,0.461724,48069
1986-03-13,0.000000,0.651927,0.623583,0.651927,0.461724,55125
1986-03-14,0.000000,0.651927,0.623583,0.623583,0.441650,7938
1986-03-17,0.000000,0.736961,0.651927,0.736961,0.521949,332955
1986-03-18,0.000000,0.765306,0.708617,0.765306,0.542025,53802
1986-03-19,0.000000,0.821995,0.736961,0.793651,0.562100,98784
1986-03-20,0.000000,0.821995,0.765306,0.765306,0.542025,160965
1986-03-21,0.000000,0.793651,0.765306,0.793651,0.562100,15435
1986-03-24,0.000000,0.821995,0.736961,0.736961,0.521949,107604
1986-03-25,0.000000,0.765306,0.736961,0.765306,0.542025,10143
1986-03-26,0.000000,0.765306,0.708617,0.708617,0.501875,40572
1986-03-27,0.000000,0.736961,0.651927,0.736961,0.521949,252693
1986-03-31,0.000000,0.736961,0.651927,0.680272,0.481800,21609
1986-04-01,0.000000,0.736961,0.680272,0.680272,0.481800,3969
1986-04-02,0.000000,0.736961,0.680272,0.680272,0.481800,4410
1986-04-03,0.000000,0.736961,0.680272,0.680272,0.481800,14994
1986-04-04,0.000000,0.736961,0.680272,0.736961,0.521949,7497
1986-04-07,0.000000,0.708617,0.708617,0.708617,0.501875,3969
1986-04-08,0.000000,0.708617,0.708617,0.708617,0.501875,245637
1986-04-09,0.000000,0.708617,0.708617,0.708617,0.501875,1323
1986-04-10,0.000000,0.765306,0.708617,0.765306,0.542025,25578
1986-04-11,0.000000,0.793651,0.708617,0.708617,0.501875,24255
1986-04-14,0.000000,0.793651,0.736961,0.765306,0.542025,14994
1986-04-15,0.000000,0.736961,0.736961,0.736961,0.521949,441
1986-04-16,0.736961,0.736961,0.736961,0.736961,0.521949,0
1986-04-17,0.000000,0.793651,0.736961,0.765306,0.542025,22932
1986-04-18,0.000000,0.793651,0.765306,0.765306,0.542025,13671
1986-04-21,0.000000,0.765306,0.765306,0.765306,0.542025,73206
1986-04-22,0.000000,0.793651,0.765306,0.765306,0.542025,26019
1986-04-23,0.000000,0.765306,0.765306,0.765306,0.542025,2205
1986-04-24,0.000000,0.793651,0.765306,0.793651,0.562100,14112
1986-04-25,0.000000,0.793651,0.765306,0.765306,0.542025,5292
1986-04-28,0.000000,0.765306,0.765306,0.765306,0.542025,1764
1986-04-29,0.000000,0.793651,0.765306,0.793651,0.562100,9702
1986-04-30,0.000000,0.793651,0.765306,0.765306,0.542025,31752
1986-05-01,0.000000,0.793651,0.765306,0.765306,0.542025,9261
1986-05-02,0.000000,0.793651,0.765306,0.765306,0.542025,2646
1986-05-05,0.000000,0.793651,0.793651,0.793651,0.562100,25578
1986-05-06,0.000000,0.793651,0.793651,0.793651,0.562100,11907
1986-05-07,0.000000,0.793651,0.765306,0.765306,0.542025,88200
1986-05-08,0.765306,0.765306,0.765306,0.765306,0.542025,0
1986-05-09,0.000000,0.793651,0.793651,0.793651,0.562100,43218
1986-05-12,0.000000,0.850340,0.793651,0.850340,0.602250,11907
1986-05-13,0.000000,0.878685,0.793651,0.878685,0.622325,121275
1986-05-14,0.000000,0.992063,0.878685,0.963719,0.682550,163611
1986-05-15,0.000000,0.963719,0.935374,0.963719,0.682550,30870
1986-05-16,0.000000,0.963719,0.907029,0.935374,0.662475,16317
1986-05-19,0.000000,0.963719,0.963719,0.963719,0.682550,4410
1986-05-20,0.000000,0.935374,0.907029,0.935374,0.662475,8379
1986-05-21,0.000000,0.935374,0.878685,0.907029,0.642399,14553
1986-05-22,0.000000,0.907029,0.878685,0.907029,0.642399,10143
1986-05-23,0.000000,0.907029,0.850340,0.907029,0.642399,4851
1986-05-27,0.000000,0.907029,0.850340,0.907029,0.642399,3087
1986-05-28,0.000000,0.907029,0.907029,0.907029,0.642399,2205
1986-05-29,0.000000,0.935374,0.907029,0.907029,0.642399,93051
1986-05-30,0.000000,0.935374,0.907029,0.907029,0.642399,16317
1986-06-02,0.000000,0.935374,0.907029,0.907029,0.642399,27783
1986-06-03,0.000000,0.878685,0.850340,0.878685,0.622325,55566
1986-06-04,0.000000,0.850340,0.850340,0.850340,0.602250,26901
1986-06-05,0.850340,0.850340,0.850340,0.850340,0.602250,0
1986-06-06,0.000000,0.878685,0.850340,0.878685,0.622325,7938
1986-06-09,0.000000,0.878685,0.850340,0.850340,0.602250,7497
1986-06-10,0.000000,0.878685,0.850340,0.850340,0.602250,7056
1986-06-11,0.000000,0.907029,0.850340,0.907029,0.642399,26460
1986-06-12,0.000000,0.907029,0.878685,0.878685,0.622325,33516
1986-06-13,0.000000,0.907029,0.878685,0.878685,0.622325,1764
1986-06-16,0.000000,0.935374,0.878685,0.935374,0.662475,235053
1986-06-17,0.000000,0.963719,0.935374,0.935374,0.662475,15876
1986-06-18,0.000000,0.963719,0.907029,0.963719,0.682550,24696
1986-06-19,0.000000,0.963719,0.907029,0.963719,0.682550,36162
1986-06-20,0.000000,0.963719,0.907029,0.907029,0.642399,8379
1986-06-23,0.000000,0.907029,0.907029,0.907029,0.642399,8820
1986-06-24,0.000000,0.935374,0.935374,0.935374,0.662475,4410
1986-06-25,0.000000,0.963719,0.935374,0.963719,0.682550,8820
1986-06-26,0.000000,0.963719,0.935374,0.963719,0.682550,11466
1986-06-27,0.000000,0.935374,0.935374,0.935374,0.662475,8379
1986-06-30,0.000000,1.020408,0.963719,0.992063,0.702624,40131
1986-07-01,0.000000,1.020408,0.963719,1.020408,0.722700,39249
1986-07-02,0.000000,1.020408,0.992063,1.020408,0.722700,77616
1986-07-03,0.000000,1.020408,0.992063,1.020408,0.722700,8379
1986-07-07,0.000000,1.020408,0.992063,0.992063,0.702624,9261
1986-07-08,0.000000,0.992063,0.992063,0.992063,0.702624,11907
1986-07-09,0.000000,1.020408,0.992063,0.992063,0.702624,29547
1986-07-10,0.000000,1.020408,0.992063,0.992063,0.702624,1764
1986-07-11,0.000000,1.020408,0.992063,0.992063,0.702624,29106
1986-07-14,0.000000,1.048753,0.992063,0.992063,0.702624,4410
1986-07-15,0.000000,1.048753,0.992063,1.048753,0.742775,3969
1986-07-16,0.000000,1.020408,0.992063,1.020408,0.722700,71442
1986-07-17,0.000000,1.020408,0.992063,0.992063,0.702624,48510
1986-07-18,0.000000,1.048753,0.963719,1.020408,0.722700,379260
1986-07-21,0.000000,1.048753,0.992063,0.992063,0.702624,2205
1986-07-22,0.000000,1.020408,0.992063,0.992063,0.702624,77175
1986-07-23,0.000000,1.048753,0.992063,0.992063,0.702624,5733
1986-07-24,0.000000,1.020408,0.992063,0.992063,0.702624,5292
1986-07-25,0.000000,0.992063,0.992063,0.992063,0.702624,4851
1986-07-28,0.000000,0.992063,0.963719,0.963719,0.682550,34839
1986-07-29,0.000000,0.992063,0.935374,0.992063,0.702624,13671
1986-07-30,0.000000,0.963719,0.935374,0.963719,0.682550,27783
1986-07-31,0.000000,0.963719,0.935374,0.963719,0.682550,37926
1986-08-01,0.000000,0.992063,0.935374,0.963719,0.682550,6615
1986-08-04,0.000000,0.963719,0.907029,0.907029,0.642399,27783
1986-08-05,0.000000,0.963719,0.907029,0.963719,0.682550,22491
1986-08-06,0.000000,0.963719,0.963719,0.963719,0.682550,2205
1986-08-07,0.000000,0.963719,0.907029,0.907029,0.642399,7497
1986-08-08,0.000000,0.907029,0.878685,0.878685,0.622325,11025
1986-08-11,0.000000,0.907029,0.878685,0.878685,0.622325,4851
1986-08-12,0.000000,0.878685,0.878685,0.878685,0.622325,4410
1986-08-13,0.000000,0.935374,0.878685,0.935374,0.662475,2646
1986-08-14,0.000000,0.878685,0.878685,0.878685,0.622325,25578
1986-08-15,0.000000,0.935374,0.878685,0.878685,0.622325,3969
1986-08-18,0.000000,0.878685,0.878685,0.878685,0.622325,2205
1986-08-19,0.000000,0.907029,0.850340,0.850340,0.602250,22932
1986-08-20,0.000000,0.907029,0.878685,0.878685,0.622325,1764
1986-08-21,0.000000,0.850340,0.821995,0.850340,0.602250,23373
1986-08-22,0.000000,0.878685,0.878685,0.878685,0.622325,7938
1986-08-25,0.000000,0.878685,0.878685,0.878685,0.622325,7056
1986-08-26,0.000000,0.878685,0.821995,0.878685,0.622325,56007
1986-08-27,0.000000,0.878685,0.878685,0.878685,0.622325,2205
1986-08-28,0.000000,0.878685,0.793651,0.878685,0.622325,22491
1986-08-29,0.000000,0.878685,0.821995,0.821995,0.582174,7497
1986-09-02,0.000000,0.850340,0.850340,0.850340,0.602250,17640
1986-09-03,0.000000,0.821995,0.821995,0.821995,0.582174,441
1986-09-04,0.000000,0.821995,0.821995,0.821995,0.582174,5292
1986-09-05,0.000000,0.878685,0.821995,0.850340,0.602250,31752
1986-09-08,0.850340,0.850340,0.850340,0.850340,0.602250,0
1986-09-09,0.000000,0.850340,0.821995,0.821995,0.582174,1764
1986-09-10,0.000000,0.850340,0.821995,0.850340,0.602250,15435
1986-09-11,0.000000,0.850340,0.850340,0.850340,0.602250,1764
1986-09-12,0.000000,0.821995,0.821995,0.821995,0.582174,4410
1986-09-15,0.000000,0.850340,0.850340,0.850340,0.602250,3087
1986-09-16,0.000000,0.793651,0.793651,0.793651,0.562100,441
1986-09-17,0.000000,0.793651,0.793651,0.793651,0.562100,50715
1986-09-18,0.000000,0.850340,0.793651,0.821995,0.582174,12789
1986-09-19,0.000000,0.850340,0.850340,0.850340,0.602250,4410
1986-09-22,0.000000,0.793651,0.793651,0.793651,0.562100,882
1986-09-23,0.000000,0.793651,0.793651,0.793651,0.562100,3528
1986-09-24,0.000000,0.850340,0.793651,0.821995,0.582174,10584
1986-09-25,0.821995,0.821995,0.821995,0.821995,0.582174,0
1986-09-26,0.000000,0.821995,0.793651,0.793651,0.562100,6174
1986-09-29,0.000000,0.850340,0.793651,0.850340,0.602250,3087
1986-09-30,0.850340,0.850340,0.850340,0.850340,0.602250,0
1986-10-01,0.000000,0.850340,0.821995,0.821995,0.582174,3528
1986-10-02,0.000000,0.850340,0.793651,0.793651,0.562100,3969
1986-10-03,0.000000,0.850340,0.793651,0.821995,0.582174,7056
1986-10-06,0.000000,0.850340,0.821995,0.821995,0.582174,11025
1986-10-07,0.000000,0.821995,0.821995,0.821995,0.582174,13671
1986-10-08,0.000000,0.850340,0.850340,0.850340,0.602250,8820
1986-10-09,0.000000,0.821995,0.821995,0.821995,0.582174,10143
1986-10-10,0.000000,0.850340,0.821995,0.821995,0.582174,3528
1986-10-13,0.000000,0.821995,0.821995,0.821995,0.582174,3528
1986-10-14,0.000000,0.850340,0.821995,0.821995,0.582174,2205
1986-10-15,0.000000,0.850340,0.821995,0.850340,0.602250,4851
1986-10-16,0.000000,0.850340,0.821995,0.850340,0.602250,4410
1986-10-17,0.000000,0.850340,0.821995,0.821995,0.582174,44982
1986-10-20,0.000000,0.850340,0.821995,0.821995,0.582174,18963
1986-10-21,0.000000,0.850340,0.821995,0.850340,0.602250,19845
1986-10-22,0.000000,0.850340,0.821995,0.821995,0.582174,17640
1986-10-23,0.000000,0.850340,0.850340,0.850340,0.602250,29106
1986-10-24,0.000000,0.878685,0.821995,0.821995,0.582174,4851
1986-10-27,0.000000,0.821995,0.821995,0.821995,0.582174,882
1986-10-28,0.000000,0.821995,0.821995,0.821995,0.582174,2646
1986-10-29,0.000000,0.878685,0.821995,0.878685,0.622325,15435
1986-10-30,0.000000,0.878685,0.878685,0.878685,0.622325,8820
1986-10-31,0.000000,0.878685,0.850340,0.878685,0.622325,25578
1986-11-03,0.000000,0.878685,0.821995,0.878685,0.622325,7938
1986-11-04,0.000000,0.878685,0.878685,0.878685,0.622325,8820
1986-11-05,0.000000,0.878685,0.878685,0.878685,0.622325,11025
1986-11-06,0.000000,0.878685,0.821995,0.878685,0.622325,15876
1986-11-07,0.000000,0.878685,0.850340,0.850340,0.602250,68796
1986-11-10,0.000000,0.878685,0.850340,0.850340,0.602250,56007
1986-11-11,0.000000,0.907029,0.850340,0.907029,0.642399,56889
1986-11-12,0.000000,0.907029,0.907029,0.907029,0.642399,74088
1986-11-13,0.000000,0.907029,0.907029,0.907029,0.642399,29547
1986-11-14,0.000000,0.907029,0.907029,0.907029,0.642399,7056
1986-11-17,0.000000,0.935374,0.907029,0.907029,0.642399,50715
1986-11-18,0.000000,0.935374,0.907029,0.907029,0.642399,65709
1986-11-19,0.000000,0.907029,0.878685,0.907029,0.642399,21168
1986-11-20,0.000000,0.907029,0.878685,0.878685,0.622325,40572
1986-11-21,0.000000,0.907029,0.878685,0.907029,0.642399,11025
1986-11-24,0.000000,0.935374,0.907029,0.907029,0.642399,4410
1986-11-25,0.000000,0.935374,0.935374,0.935374,0.662475,2205
1986-11-26,0.000000,0.935374,0.907029,0.935374,0.662475,10584
1986-11-28,0.000000,0.935374,0.935374,0.935374,0.662475,441
1986-12-01,0.000000,0.963719,0.935374,0.935374,0.662475,11466
1986-12-02,0.000000,0.963719,0.935374,0.963719,0.682550,4851
1986-12-03,0.000000,0.935374,0.935374,0.935374,0.662475,4851
1986-12-04,0.000000,0.963719,0.935374,0.935374,0.662475,56448
1986-12-05,0.000000,0.963719,0.963719,0.963719,0.682550,2205
1986-12-08,0.000000,0.935374,0.935374,0.935374,0.662475,2205
1986-12-09,0.000000,0.963719,0.935374,0.935374,0.662475,18081
1986-12-10,0.000000,0.963719,0.935374,0.935374,0.662475,116424
1986-12-11,0.000000,0.935374,0.935374,0.935374,0.662475,78057
1986-12-12,0.000000,0.935374,0.850340,0.935374,0.662475,477162
1986-12-15,0.000000,0.907029,0.907029,0.907029,0.642399,14112
1986-12-16,0.000000,0.907029,0.878685,0.878685,0.622325,25137
1986-12-17,0.000000,0.935374,0.907029,0.907029,0.642399,5292
1986-12-18,0.000000,0.878685,0.878685,0.878685,0.622325,1764
1986-12-19,0.000000,0.878685,0.878685,0.878685,0.622325,441
1986-12-22,0.000000,0.878685,0.878685,0.878685,0.622325,4410
1986-12-23,0.000000,0.907029,0.850340,0.850340,0.602250,253134
1986-12-24,0.000000,0.907029,0.850340,0.907029,0.642399,51597
1986-12-26,0.000000,0.907029,0.850340,0.850340,0.602250,48069
1986-12-29,0.000000,0.907029,0.850340,0.907029,0.642399,18522
1986-12-30,0.000000,0.878685,0.850340,0.878685,0.622325,212121
1986-12-31,0.000000,0.878685,0.850340,0.878685,0.622325,138474
1987-01-02,0.000000,0.907029,0.907029,0.907029,0.642399,20286
1987-01-05,0.000000,0.878685,0.878685,0.878685,0.622325,882
1987-01-06,0.000000,0.935374,0.878685,0.935374,0.662475,51597
1987-01-07,0.000000,0.907029,0.878685,0.878685,0.622325,7056
1987-01-08,0.000000,0.878685,0.878685,0.878685,0.622325,441
1987-01-09,0.000000,0.935374,0.935374,0.935374,0.662475,6615
1987-01-12,0.000000,0.935374,0.878685,0.878685,0.622325,14112
1987-01-13,0.000000,0.935374,0.878685,0.907029,0.642399,16758
1987-01-14,0.000000,0.963719,0.907029,0.935374,0.662475,13230
1987-01-15,0.000000,0.963719,0.935374,0.963719,0.682550,99666
1987-01-16,0.000000,0.992063,0.963719,0.963719,0.682550,103635
1987-01-19,0.000000,0.992063,0.963719,0.963719,0.682550,96579
1987-01-20,0.000000,0.992063,0.963719,0.992063,0.702624,70560
1987-01-21,0.000000,0.992063,0.963719,0.992063,0.702624,40572
1987-01-22,0.000000,1.020408,0.963719,1.020408,0.722700,52920
1987-01-23,0.000000,1.020408,0.992063,1.020408,0.722700,13671
1987-01-26,0.000000,1.020408,0.992063,0.992063,0.702624,91728
1987-01-27,0.000000,1.020408,0.992063,0.992063,0.702624,11466
1987-01-28,0.000000,0.992063,0.992063,0.992063,0.702624,6174
1987-01-29,0.000000,0.992063,0.992063,0.992063,0.702624,16317
1987-01-30,0.000000,0.992063,0.992063,0.992063,0.702624,1323
1987-02-02,0.000000,0.992063,0.992063,0.992063,0.702624,16317
1987-02-03,0.000000,0.992063,0.992063,0.992063,0.702624,24696
1987-02-04,0.000000,1.020408,0.992063,0.992063,0.702624,26460
1987-02-05,0.000000,1.020408,0.992063,1.020408,0.722700,64827
1987-02-06,0.000000,1.077098,0.992063,1.077098,0.762850,255780
1987-02-09,0.000000,1.105442,1.048753,1.105442,0.782925,66150
1987-02-10,0.000000,1.133787,1.077098,1.077098,0.762850,23814
1987-02-11,0.000000,1.105442,1.048753,1.048753,0.742775,37044
1987-02-12,0.000000,1.077098,1.020408,1.020408,0.722700,8379
1987-02-13,0.000000,1.077098,1.020408,1.077098,0.762850,5733
1987-02-17,0.000000,1.077098,1.077098,1.077098,0.762850,6174
1987-02-18,0.000000,1.077098,1.020408,1.077098,0.762850,17640
1987-02-19,0.000000,1.077098,1.020408,1.077098,0.762850,2205
1987-02-20,0.000000,1.077098,1.077098,1.077098,0.762850,19404
1987-02-23,0.000000,1.077098,1.048753,1.077098,0.762850,9702
1987-02-24,0.000000,1.077098,1.048753,1.077098,0.762850,16317
1987-02-25,0.000000,1.105442,1.048753,1.105442,0.782925,51597
1987-02-26,0.000000,1.077098,1.048753,1.077098,0.762850,11025
1987-02-27,0.000000,1.105442,1.048753,1.048753,0.742775,3969
1987-03-02,0.000000,1.105442,1.077098,1.105442,0.782925,6615
1987-03-03,1.105442,1.105442,1.105442,1.105442,0.782925,0
1987-03-04,0.000000,1.105442,1.077098,1.105442,0.782925,3087
1987-03-05,0.000000,1.105442,1.077098,1.077098,0.762850,44541
1987-03-06,0.000000,1.133787,1.077098,1.077098,0.762850,17199
1987-03-09,0.000000,1.133787,1.077098,1.105442,0.782925,33957
1987-03-10,0.000000,1.105442,1.077098,1.105442,0.782925,29106
1987-03-11,0.000000,1.105442,1.077098,1.105442,0.782925,3087
1987-03-12,1.105442,1.105442,1.105442,1.105442,0.782925,0
1987-03-13,0.000000,1.105442,1.105442,1.105442,0.782925,10584
1987-03-16,0.000000,1.105442,1.077098,1.077098,0.762850,23814
1987-03-17,0.000000,1.105442,1.105442,1.105442,0.782925,5292
1987-03-18,0.000000,1.303855,1.105442,1.275510,0.903374,282240
1987-03-19,0.000000,1.332200,1.247166,1.332200,0.943525,83349
1987-03-20,0.000000,1.388889,1.275510,1.303855,0.923449,212562
1987-03-23,0.000000,1.360544,1.247166,1.303855,0.923449,71883
1987-03-24,0.000000,1.275510,1.190476,1.247166,0.883300,38367
1987-03-25,0.000000,1.247166,1.190476,1.190476,0.843149,18963
1987-03-26,0.000000,1.247166,1.190476,1.190476,0.843149,8820
1987-03-27,0.000000,1.247166,1.190476,1.190476,0.843149,18963
1987-03-30,0.000000,1.247166,1.162132,1.218821,0.863225,100107
1987-03-31,0.000000,1.218821,1.162132,1.162132,0.823075,37926
1987-04-01,0.000000,1.218821,1.162132,1.190476,0.843149,38808
1987-04-02,0.000000,1.218821,1.162132,1.162132,0.823075,26901
1987-04-03,0.000000,1.218821,1.190476,1.218821,0.863225,5733
1987-04-06,0.000000,1.218821,1.190476,1.218821,0.863225,33075
1987-04-07,0.000000,1.247166,1.190476,1.247166,0.883300,20286
1987-04-08,0.000000,1.247166,1.190476,1.190476,0.843149,8379
1987-04-09,0.000000,1.247166,1.190476,1.190476,0.843149,1764
1987-04-10,0.000000,1.247166,1.190476,1.190476,0.843149,1323
1987-04-13,0.000000,1.247166,1.247166,1.247166,0.883300,1764
1987-04-14,0.000000,1.218821,1.190476,1.218821,0.863225,8820
1987-04-15,1.218821,1.218821,1.218821,1.218821,0.863225,0
1987-04-16,0.000000,1.218821,1.218821,1.218821,0.863225,3087
1987-04-20,0.000000,1.218821,1.190476,1.218821,0.863225,17640
1987-04-21,0.000000,1.247166,1.190476,1.247166,0.883300,15876
1987-04-22,0.000000,1.247166,1.218821,1.218821,0.863225,4410
1987-04-23,0.000000,1.218821,1.162132,1.162132,0.823075,69678
1987-04-24,0.000000,1.162132,1.162132,1.162132,0.823075,2205
1987-04-27,0.000000,1.190476,1.162132,1.190476,0.843149,29988
1987-04-28,0.000000,1.162132,1.162132,1.162132,0.823075,1323
1987-04-29,0.000000,1.190476,1.162132,1.162132,0.823075,9702
1987-04-30,0.000000,1.190476,1.162132,1.190476,0.843149,156555
1987-05-01,0.000000,1.190476,1.133787,1.162132,0.823075,44982
1987-05-04,0.000000,1.133787,1.077098,1.105442,0.782925,39249
1987-05-05,0.000000,1.105442,1.048753,1.077098,0.762850,20286
1987-05-06,0.000000,1.133787,1.048753,1.133787,0.803000,25578
1987-05-07,0.000000,1.133787,1.077098,1.133787,0.803000,66150
1987-05-08,0.000000,1.218821,1.133787,1.190476,0.843149,72765
1987-05-11,0.000000,1.247166,1.190476,1.247166,0.883300,15435
1987-05-12,0.000000,1.247166,1.190476,1.247166,0.883300,9261
1987-05-13,0.000000,1.303855,1.218821,1.303855,0.923449,63504
1987-05-14,0.000000,1.303855,1.247166,1.303855,0.923449,3087
1987-05-15,0.000000,1.303855,1.247166,1.303855,0.923449,4410
1987-05-18,0.000000,1.303855,1.275510,1.303855,0.923449,65268
1987-05-19,0.000000,1.360544,1.303855,1.360544,0.963599,91287
1987-05-20,0.000000,1.360544,1.332200,1.360544,0.963599,15435
1987-05-21,0.000000,1.360544,1.332200,1.332200,0.943525,26460
1987-05-22,0.000000,1.360544,1.332200,1.360544,0.963599,131859
1987-05-26,0.000000,1.388889,1.332200,1.388889,0.983675,22932
1987-05-27,0.000000,1.388889,1.332200,1.332200,0.943525,24255
1987-05-28,0.000000,1.388889,1.332200,1.332200,0.943525,19845
1987-05-29,0.000000,1.388889,1.332200,1.332200,0.943525,6615
1987-06-01,0.000000,1.417234,1.360544,1.417234,1.003749,99666
1987-06-02,0.000000,1.417234,1.388889,1.388889,0.983675,23814
1987-06-03,0.000000,1.417234,1.388889,1.417234,1.003749,6174
1987-06-04,0.000000,1.417234,1.388889,1.388889,0.983675,13671
1987-06-05,0.000000,1.417234,1.388889,1.417234,1.003749,33957
1987-06-08,0.000000,1.445578,1.445578,1.445578,1.023824,7938
1987-06-09,0.000000,1.530612,1.445578,1.473923,1.043899,77616
1987-06-10,0.000000,1.558957,1.502268,1.558957,1.104124,49833
1987-06-11,0.000000,1.672336,1.530612,1.615646,1.144274,474957
1987-06-12,0.000000,1.700680,1.615646,1.700680,1.204499,152586
1987-06-15,0.000000,1.757370,1.672336,1.729025,1.224575,82908
1987-06-16,0.000000,1.729025,1.700680,1.700680,1.204499,36162
1987-06-17,0.000000,1.729025,1.700680,1.700680,1.204499,56007
1987-06-18,0.000000,1.729025,1.700680,1.700680,1.204499,17199
1987-06-19,0.000000,2.069161,1.729025,1.927438,1.365099,306936
1987-06-22,0.000000,2.210884,2.097506,2.097506,1.485550,384552
1987-06-23,0.000000,2.295918,2.097506,2.267574,1.606000,490392
1987-06-24,0.000000,2.494331,2.239229,2.437642,1.726449,385875
1987-06-25,0.000000,2.437642,2.182540,2.182540,1.545775,397782
1987-06-26,0.000000,2.182540,1.984127,2.125850,1.505624,257985
1987-06-29,0.000000,2.125850,1.984127,2.069161,1.465475,108927
1987-06-30,0.000000,2.097506,1.984127,2.040816,1.445399,110691
1987-07-01,0.000000,2.069161,1.984127,2.069161,1.465475,64386
1987-07-02,0.000000,2.097506,2.040816,2.097506,1.485550,189189
1987-07-06,0.000000,2.097506,2.069161,2.097506,1.485550,35280
1987-07-07,0.000000,2.239229,2.069161,2.182540,1.545775,326340
1987-07-08,0.000000,2.267574,2.154195,2.267574,1.606000,135828
1987-07-09,0.000000,2.324263,2.239229,2.239229,1.585925,120393
1987-07-10,0.000000,2.380952,2.267574,2.324263,1.646150,221382
1987-07-13,0.000000,2.409297,2.324263,2.409297,1.706374,82467
1987-07-14,0.000000,2.551020,2.409297,2.551020,1.806748,257544
1987-07-15,0.000000,2.721088,2.551020,2.579365,1.826824,294147
1987-07-16,0.000000,2.692744,2.607710,2.692744,1.907125,185661
1987-07-17,0.000000,2.692744,2.636054,2.636054,1.866974,221823
1987-07-20,0.000000,2.692744,2.636054,2.664399,1.887048,163170
1987-07-21,0.000000,2.664399,2.409297,2.465986,1.746524,201537
1987-07-22,0.000000,2.409297,2.352608,2.352608,1.666224,189630
1987-07-23,0.000000,2.380952,2.182540,2.239229,1.585925,240345
1987-07-24,0.000000,2.295918,2.239229,2.267574,1.606000,89523
1987-07-27,0.000000,2.295918,2.239229,2.295918,1.626074,74088
1987-07-28,0.000000,2.295918,2.182540,2.239229,1.585925,96579
1987-07-29,0.000000,2.239229,2.125850,2.154195,1.525699,64827
1987-07-30,0.000000,2.239229,2.125850,2.125850,1.505624,250929
1987-07-31,0.000000,2.182540,2.125850,2.154195,1.525699,132300
1987-08-03,0.000000,2.210884,2.097506,2.210884,1.565849,170667
1987-08-04,0.000000,2.267574,2.182540,2.267574,1.606000,123921
1987-08-05,0.000000,2.380952,2.267574,2.267574,1.606000,80262
1987-08-06,0.000000,2.295918,2.239229,2.239229,1.585925,283122
1987-08-07,0.000000,2.239229,2.182540,2.182540,1.545775,86436
1987-08-10,0.000000,2.239229,2.154195,2.154195,1.525699,24696
1987-08-11,0.000000,2.210884,2.125850,2.154195,1.525699,19404
1987-08-12,0.000000,2.154195,2.040816,2.040816,1.445399,127449
1987-08-13,0.000000,2.097506,2.012472,2.040816,1.445399,52479
1987-08-14,0.000000,2.040816,1.984127,1.984127,1.405249,50274
1987-08-17,0.000000,2.040816,1.927438,1.927438,1.365099,78498
1987-08-18,0.000000,1.984127,1.729025,1.814059,1.284799,115542
1987-08-19,0.000000,1.842404,1.729025,1.757370,1.244650,171108
1987-08-20,0.000000,1.927438,1.757370,1.870748,1.324949,193158
1987-08-21,0.000000,1.899093,1.785714,1.785714,1.264724,118188
1987-08-24,0.000000,1.814059,1.757370,1.785714,1.264724,51597
1987-08-25,0.000000,1.785714,1.757370,1.757370,1.244650,37485
1987-08-26,0.000000,1.842404,1.757370,1.785714,1.264724,62622
1987-08-27,0.000000,1.870748,1.814059,1.842404,1.304874,83349
1987-08-28,0.000000,1.899093,1.814059,1.899093,1.345024,160965
1987-08-31,0.000000,1.955782,1.870748,1.955782,1.385174,71442
1987-09-01,0.000000,2.012472,1.955782,1.984127,1.405249,28224
1987-09-02,0.000000,1.955782,1.870748,1.927438,1.365099,33075
1987-09-03,0.000000,1.927438,1.870748,1.870748,1.324949,43218
1987-09-04,0.000000,1.955782,1.899093,1.955782,1.385174,19845
1987-09-08,0.000000,1.955782,1.870748,1.870748,1.324949,60417
1987-09-09,0.000000,1.899093,1.870748,1.899093,1.345024,48951
1987-09-10,0.000000,1.984127,1.870748,1.984127,1.405249,52038
1987-09-11,0.000000,2.040816,1.984127,1.984127,1.405249,4410
1987-09-14,0.000000,2.040816,1.984127,1.984127,1.405249,19404
1987-09-15,0.000000,1.984127,1.870748,1.870748,1.324949,44982
1987-09-16,0.000000,2.012472,1.870748,1.984127,1.405249,79380
1987-09-17,0.000000,1.955782,1.899093,1.899093,1.345024,145089
1987-09-18,0.000000,1.927438,1.899093,1.899093,1.345024,7938
1987-09-21,0.000000,1.899093,1.870748,1.870748,1.324949,7056
1987-09-22,0.000000,1.984127,1.870748,1.984127,1.405249,57330
1987-09-23,0.000000,2.040816,1.955782,2.040816,1.445399,22491
1987-09-24,0.000000,1.984127,1.984127,1.984127,1.405249,1323
1987-09-25,0.000000,2.040816,1.984127,2.040816,1.445399,17640
1987-09-28,0.000000,2.040816,1.984127,2.012472,1.425324,7056
1987-09-29,0.000000,2.040816,2.012472,2.012472,1.425324,32193
1987-09-30,0.000000,2.040816,1.984127,1.984127,1.405249,54243
1987-10-01,0.000000,2.012472,1.955782,1.955782,1.385174,45864
1987-10-02,0.000000,1.984127,1.927438,1.955782,1.385174,4410
1987-10-05,0.000000,1.984127,1.955782,1.955782,1.385174,27342
1987-10-06,0.000000,1.984127,1.927438,1.927438,1.365099,50274
1987-10-07,0.000000,1.955782,1.870748,1.870748,1.324949,57771
1987-10-08,0.000000,1.927438,1.870748,1.927438,1.365099,80703
1987-10-09,0.000000,1.927438,1.870748,1.927438,1.365099,5733
1987-10-12,0.000000,1.870748,1.814059,1.842404,1.304874,37044
1987-10-13,0.000000,1.899093,1.842404,1.842404,1.304874,35721
1987-10-14,0.000000,1.842404,1.757370,1.785714,1.264724,50715
1987-10-15,0.000000,1.785714,1.700680,1.785714,1.264724,134505
1987-10-16,0.000000,1.814059,1.757370,1.757370,1.244650,62181
1987-10-19,0.000000,1.757370,1.445578,1.445578,1.023824,110691
1987-10-20,0.000000,1.388889,1.048753,1.162132,0.823075,165816
1987-10-21,0.000000,1.247166,1.133787,1.218821,0.863225,179046
1987-10-22,0.000000,1.218821,1.105442,1.105442,0.782925,137151
1987-10-23,0.000000,1.133787,1.020408,1.048753,0.742775,106722
1987-10-26,0.000000,1.048753,0.850340,0.907029,0.642399,204183
1987-10-27,0.000000,0.963719,0.821995,0.907029,0.642399,139356
1987-10-28,0.000000,0.963719,0.878685,0.963719,0.682550,69678
1987-10-29,0.000000,1.020408,0.907029,1.020408,0.722700,62622
1987-10-30,0.000000,1.105442,1.020408,1.077098,0.762850,207711
1987-11-02,0.000000,1.332200,1.133787,1.332200,0.943525,146853
1987-11-03,0.000000,1.332200,1.218821,1.218821,0.863225,52920
1987-11-04,0.000000,1.332200,1.190476,1.332200,0.943525,33957
1987-11-05,0.000000,1.502268,1.388889,1.502268,1.063975,33957
1987-11-06,0.000000,1.502268,1.417234,1.417234,1.003749,20727
1987-11-09,0.000000,1.417234,1.360544,1.417234,1.003749,18963
1987-11-10,0.000000,1.417234,1.360544,1.388889,0.983675,18963
1987-11-11,0.000000,1.445578,1.388889,1.417234,1.003749,10584
1987-11-12,0.000000,1.473923,1.417234,1.445578,1.023824,29106
1987-11-13,0.000000,1.445578,1.360544,1.360544,0.963599,22050
1987-11-16,0.000000,1.417234,1.303855,1.332200,0.943525,51156
1987-11-17,0.000000,1.332200,1.275510,1.275510,0.903374,11466
1987-11-18,0.000000,1.303855,1.247166,1.303855,0.923449,9702
1987-11-19,0.000000,1.275510,1.190476,1.247166,0.883300,21168
1987-11-20,0.000000,1.275510,1.190476,1.275510,0.903374,4410
1987-11-23,0.000000,1.247166,1.190476,1.190476,0.843149,1764
1987-11-24,0.000000,1.247166,1.190476,1.190476,0.843149,31752
1987-11-25,0.000000,1.247166,1.190476,1.247166,0.883300,7056
1987-11-27,0.000000,1.218821,1.218821,1.218821,0.863225,3087
1987-11-30,0.000000,1.190476,1.190476,1.190476,0.843149,2205
1987-12-01,0.000000,1.190476,1.133787,1.133787,0.803000,13671
1987-12-02,0.000000,1.190476,1.133787,1.190476,0.843149,7056
1987-12-03,0.000000,1.162132,1.077098,1.105442,0.782925,79380
1987-12-04,0.000000,1.105442,1.048753,1.105442,0.782925,41454
1987-12-07,0.000000,1.133787,1.048753,1.077098,0.762850,9702
1987-12-08,0.000000,1.133787,1.105442,1.105442,0.782925,3528
1987-12-09,0.000000,1.133787,1.077098,1.105442,0.782925,20286
1987-12-10,0.000000,1.133787,1.048753,1.133787,0.803000,59094
1987-12-11,0.000000,1.218821,1.105442,1.162132,0.823075,50715
1987-12-14,0.000000,1.275510,1.162132,1.247166,0.883300,44982
1987-12-15,0.000000,1.303855,1.162132,1.162132,0.823075,59094
1987-12-16,0.000000,1.275510,1.133787,1.275510,0.903374,27342
1987-12-17,0.000000,1.218821,1.218821,1.218821,0.863225,9702
1987-12-18,0.000000,1.218821,1.218821,1.218821,0.863225,2205
1987-12-21,0.000000,1.303855,1.218821,1.218821,0.863225,15876
1987-12-22,0.000000,1.275510,1.218821,1.218821,0.863225,33957
1987-12-23,0.000000,1.247166,1.218821,1.247166,0.883300,104517
1987-12-24,0.000000,1.247166,1.190476,1.190476,0.843149,10584
1987-12-28,0.000000,1.190476,1.105442,1.133787,0.803000,42336
1987-12-29,0.000000,1.190476,1.133787,1.133787,0.803000,51156
1987-12-30,0.000000,1.162132,1.105442,1.133787,0.803000,40131
1987-12-31,0.000000,1.133787,1.077098,1.077098,0.762850,47628
1988-01-04,0.000000,1.133787,1.077098,1.133787,0.803000,8820
1988-01-05,0.000000,1.218821,1.162132,1.162132,0.823075,23814
1988-01-06,0.000000,1.190476,1.190476,1.190476,0.843149,1764
1988-01-07,0.000000,1.247166,1.190476,1.247166,0.883300,46746
1988-01-08,0.000000,1.247166,1.218821,1.218821,0.863225,18963
1988-01-11,0.000000,1.218821,1.162132,1.162132,0.823075,16317
1988-01-12,0.000000,1.133787,1.077098,1.133787,0.803000,4851
1988-01-13,0.000000,1.162132,1.162132,1.162132,0.823075,882
1988-01-14,0.000000,1.162132,1.105442,1.162132,0.823075,6174
1988-01-15,0.000000,1.190476,1.133787,1.133787,0.803000,74970
1988-01-18,0.000000,1.190476,1.133787,1.190476,0.843149,8379
1988-01-19,0.000000,1.133787,1.133787,1.133787,0.803000,4410
1988-01-20,0.000000,1.133787,1.105442,1.133787,0.803000,6174
1988-01-21,0.000000,1.105442,1.077098,1.077098,0.762850,8820
1988-01-22,0.000000,1.133787,1.133787,1.133787,0.803000,441
1988-01-25,1.133787,1.133787,1.133787,1.133787,0.803000,0
1988-01-26,0.000000,1.133787,1.133787,1.133787,0.803000,5292
1988-01-27,0.000000,1.105442,1.077098,1.077098,0.762850,25137
1988-01-28,0.000000,1.133787,1.077098,1.133787,0.803000,5733
1988-01-29,1.133787,1.133787,1.133787,1.133787,0.803000,0
1988-02-01,0.000000,1.133787,1.077098,1.133787,0.803000,6174
1988-02-02,0.000000,1.133787,1.077098,1.077098,0.762850,2205
1988-02-03,0.000000,1.105442,1.077098,1.077098,0.762850,2646
1988-02-04,0.000000,1.133787,1.077098,1.105442,0.782925,19404
1988-02-05,0.000000,1.133787,1.105442,1.105442,0.782925,8820
1988-02-08,0.000000,1.133787,1.105442,1.105442,0.782925,21168
1988-02-09,0.000000,1.133787,1.133787,1.133787,0.803000,3969
1988-02-10,0.000000,1.218821,1.133787,1.190476,0.843149,44541
1988-02-11,0.000000,1.247166,1.190476,1.190476,0.843149,6174
1988-02-12,0.000000,1.190476,1.190476,1.190476,0.843149,1764
1988-02-16,0.000000,1.247166,1.162132,1.162132,0.823075,30429
1988-02-17,0.000000,1.218821,1.190476,1.218821,0.863225,18081
1988-02-18,0.000000,1.218821,1.190476,1.218821,0.863225,9261
1988-02-19,0.000000,1.218821,1.190476,1.190476,0.843149,9261
1988-02-22,0.000000,1.218821,1.190476,1.190476,0.843149,2646
1988-02-23,0.000000,1.218821,1.218821,1.218821,0.863225,2205
1988-02-24,0.000000,1.247166,1.190476,1.190476,0.843149,18522
1988-02-25,0.000000,1.303855,1.247166,1.247166,0.883300,37926
1988-02-26,0.000000,1.303855,1.247166,1.303855,0.923449,12348
1988-02-29,0.000000,1.303855,1.247166,1.303855,0.923449,12348
1988-03-01,0.000000,1.332200,1.247166,1.332200,0.943525,13671
1988-03-02,0.000000,1.360544,1.275510,1.303855,0.923449,8820
1988-03-03,0.000000,1.303855,1.303855,1.303855,0.923449,3087
1988-03-04,0.000000,1.360544,1.303855,1.303855,0.923449,26901
1988-03-07,1.303855,1.303855,1.303855,1.303855,0.923449,0
1988-03-08,0.000000,1.303855,1.303855,1.303855,0.923449,6615
1988-03-09,0.000000,1.360544,1.303855,1.360544,0.963599,4410
1988-03-10,1.360544,1.360544,1.360544,1.360544,0.963599,0
1988-03-11,0.000000,1.360544,1.360544,1.360544,0.963599,2646
1988-03-14,0.000000,1.558957,1.303855,1.502268,1.063975,123039
1988-03-15,0.000000,1.558957,1.473923,1.473923,1.043899,41013
1988-03-16,0.000000,1.473923,1.388889,1.388889,0.983675,47628
1988-03-17,0.000000,1.388889,1.388889,1.388889,0.983675,26019
1988-03-18,0.000000,1.445578,1.388889,1.388889,0.983675,20727
1988-03-21,0.000000,1.445578,1.388889,1.388889,0.983675,5733
1988-03-22,0.000000,1.388889,1.388889,1.388889,0.983675,10143
1988-03-23,0.000000,1.445578,1.388889,1.417234,1.003749,16758
1988-03-24,0.000000,1.445578,1.388889,1.388889,0.983675,3969
1988-03-25,0.000000,1.388889,1.388889,1.388889,0.983675,441
1988-03-28,0.000000,1.417234,1.388889,1.417234,1.003749,9702
1988-03-29,0.000000,1.445578,1.388889,1.445578,1.023824,11466
1988-03-30,0.000000,1.473923,1.388889,1.473923,1.043899,13230
1988-03-31,0.000000,1.473923,1.388889,1.445578,1.023824,12348
1988-04-04,0.000000,1.473923,1.445578,1.445578,1.023824,25137
1988-04-05,0.000000,1.445578,1.388889,1.445578,1.023824,1323
1988-04-06,0.000000,1.445578,1.388889,1.445578,1.023824,35280
1988-04-07,0.000000,1.388889,1.388889,1.388889,0.983675,26901
1988-04-08,0.000000,1.445578,1.445578,1.445578,1.023824,441
1988-04-11,0.000000,1.388889,1.388889,1.388889,0.983675,12348
1988-04-12,0.000000,1.445578,1.388889,1.445578,1.023824,49833
1988-04-13,0.000000,1.445578,1.388889,1.445578,1.023824,22491
1988-04-14,0.000000,1.417234,1.417234,1.417234,1.003749,42336
1988-04-15,0.000000,1.417234,1.388889,1.388889,0.983675,25137
1988-04-18,0.000000,1.388889,1.388889,1.388889,0.983675,4851
1988-04-19,0.000000,1.417234,1.388889,1.417234,1.003749,3969
1988-04-20,0.000000,1.388889,1.332200,1.332200,0.943525,20286
1988-04-21,0.000000,1.388889,1.332200,1.388889,0.983675,21609
1988-04-22,1.388889,1.388889,1.388889,1.388889,0.983675,0
1988-04-25,0.000000,1.388889,1.388889,1.388889,0.983675,1323
1988-04-26,0.000000,1.388889,1.332200,1.388889,0.983675,5733
1988-04-27,0.000000,1.388889,1.332200,1.388889,0.983675,4851
1988-04-28,0.000000,1.388889,1.332200,1.332200,0.943525,18963
1988-04-29,0.000000,1.332200,1.332200,1.332200,0.943525,3087
1988-05-02,0.000000,1.388889,1.332200,1.360544,0.963599,21168
1988-05-03,0.000000,1.388889,1.332200,1.360544,0.963599,51156
1988-05-04,0.000000,1.417234,1.360544,1.417234,1.003749,11466
1988-05-05,0.000000,1.417234,1.388889,1.417234,1.003749,14994
1988-05-06,0.000000,1.417234,1.388889,1.417234,1.003749,34398
1988-05-09,0.000000,1.388889,1.388889,1.388889,0.983675,4851
1988-05-10,0.000000,1.417234,1.388889,1.417234,1.003749,3528
1988-05-11,0.000000,1.417234,1.388889,1.388889,0.983675,32634
1988-05-12,0.000000,1.388889,1.388889,1.388889,0.983675,1764
1988-05-13,0.000000,1.417234,1.388889,1.388889,0.983675,4851
1988-05-16,0.000000,1.388889,1.388889,1.388889,0.983675,46746
1988-05-17,0.000000,1.360544,1.360544,1.360544,0.963599,2646
1988-05-18,1.360544,1.360544,1.360544,1.360544,0.963599,0
1988-05-19,0.000000,1.388889,1.360544,1.388889,0.983675,131859
1988-05-20,0.000000,1.417234,1.417234,1.417234,1.003749,6615
1988-05-23,0.000000,1.417234,1.417234,1.417234,1.003749,8820
1988-05-24,1.417234,1.417234,1.417234,1.417234,1.003749,0
1988-05-25,0.000000,1.388889,1.360544,1.388889,0.983675,5292
1988-05-26,0.000000,1.417234,1.360544,1.417234,1.003749,1764
1988-05-27,0.000000,1.417234,1.388889,1.417234,1.003749,45864
1988-05-31,0.000000,1.445578,1.417234,1.417234,1.003749,29988
1988-06-01,0.000000,1.473923,1.417234,1.417234,1.003749,6615
1988-06-02,0.000000,1.445578,1.417234,1.417234,1.003749,5733
1988-06-03,0.000000,1.473923,1.417234,1.417234,1.003749,68355
1988-06-06,0.000000,1.417234,1.417234,1.417234,1.003749,2205
1988-06-07,0.000000,1.473923,1.417234,1.417234,1.003749,23373
1988-06-08,0.000000,1.417234,1.417234,1.417234,1.003749,1764
1988-06-09,0.000000,1.417234,1.417234,1.417234,1.003749,2646
1988-06-10,0.000000,1.445578,1.417234,1.417234,1.003749,1323
1988-06-13,0.000000,1.445578,1.417234,1.417234,1.003749,21609
1988-06-14,0.000000,1.445578,1.417234,1.417234,1.003749,12348
1988-06-15,0.000000,1.445578,1.417234,1.445578,1.023824,37044
1988-06-16,0.000000,1.445578,1.445578,1.445578,1.023824,10143
1988-06-17,0.000000,1.502268,1.417234,1.473923,1.043899,73206
1988-06-20,0.000000,1.530612,1.473923,1.473923,1.043899,116424
1988-06-21,0.000000,1.502268,1.473923,1.502268,1.063975,55566
1988-06-22,0.000000,1.502268,1.473923,1.502268,1.063975,14112
1988-06-23,0.000000,1.502268,1.445578,1.445578,1.023824,15876
1988-06-24,0.000000,1.530612,1.445578,1.530612,1.084049,153027
1988-06-27,0.000000,1.530612,1.473923,1.502268,1.063975,87759
1988-06-28,0.000000,1.615646,1.530612,1.615646,1.144274,60417
1988-06-29,0.000000,1.672336,1.615646,1.643991,1.164349,44982
1988-06-30,0.000000,1.643991,1.587302,1.643991,1.164349,11025
1988-07-01,0.000000,1.643991,1.643991,1.643991,1.164349,8820
1988-07-05,0.000000,1.643991,1.587302,1.587302,1.124200,25578
1988-07-06,0.000000,1.587302,1.558957,1.587302,1.124200,18522
1988-07-07,0.000000,1.587302,1.530612,1.530612,1.084049,9702
1988-07-08,0.000000,1.587302,1.530612,1.587302,1.124200,6174
1988-07-11,0.000000,1.615646,1.530612,1.615646,1.144274,45864
1988-07-12,0.000000,1.615646,1.558957,1.615646,1.144274,5733
1988-07-13,1.615646,1.615646,1.615646,1.615646,1.144274,0
1988-07-14,0.000000,1.615646,1.558957,1.558957,1.104124,6174
1988-07-15,0.000000,1.587302,1.587302,1.587302,1.124200,4410
1988-07-18,0.000000,1.615646,1.558957,1.558957,1.104124,7938
1988-07-19,0.000000,1.615646,1.558957,1.587302,1.124200,18081
1988-07-20,0.000000,1.615646,1.587302,1.587302,1.124200,7056
1988-07-21,0.000000,1.615646,1.558957,1.558957,1.104124,19404
1988-07-22,0.000000,1.587302,1.558957,1.558957,1.104124,17640
1988-07-25,0.000000,1.587302,1.558957,1.558957,1.104124,5733
1988-07-26,0.000000,1.587302,1.558957,1.587302,1.124200,8379
1988-07-27,0.000000,1.587302,1.558957,1.587302,1.124200,11466
1988-07-28,0.000000,1.587302,1.587302,1.587302,1.124200,1764
1988-07-29,0.000000,1.615646,1.558957,1.615646,1.144274,30429
1988-08-01,0.000000,1.615646,1.587302,1.587302,1.124200,12348
1988-08-02,0.000000,1.587302,1.587302,1.587302,1.124200,7056
1988-08-03,0.000000,1.587302,1.587302,1.587302,1.124200,1764
1988-08-04,0.000000,1.587302,1.587302,1.587302,1.124200,11025
1988-08-05,0.000000,1.615646,1.558957,1.615646,1.144274,882
1988-08-08,0.000000,1.615646,1.558957,1.558957,1.104124,882
1988-08-09,0.000000,1.615646,1.558957,1.615646,1.144274,7056
1988-08-10,0.000000,1.615646,1.558957,1.615646,1.144274,5292
1988-08-11,0.000000,1.615646,1.558957,1.558957,1.104124,26901
1988-08-12,0.000000,1.587302,1.558957,1.558957,1.104124,11025
1988-08-15,0.000000,1.587302,1.558957,1.558957,1.104124,7938
1988-08-16,0.000000,1.587302,1.558957,1.587302,1.124200,25578
1988-08-17,0.000000,1.587302,1.558957,1.558957,1.104124,47187
1988-08-18,0.000000,1.558957,1.558957,1.558957,1.104124,8820
1988-08-19,0.000000,1.587302,1.558957,1.558957,1.104124,37926
1988-08-22,0.000000,1.587302,1.530612,1.530612,1.084049,30870
1988-08-23,0.000000,1.587302,1.530612,1.558957,1.104124,31752
1988-08-24,1.558957,1.558957,1.558957,1.558957,1.104124,0
1988-08-25,0.000000,1.530612,1.530612,1.530612,1.084049,5733
1988-08-26,0.000000,1.558957,1.530612,1.530612,1.084049,14553
1988-08-29,0.000000,1.530612,1.530612,1.530612,1.084049,441
1988-08-30,0.000000,1.558957,1.530612,1.558957,1.104124,22050
1988-08-31,0.000000,1.558957,1.530612,1.558957,1.104124,3087
1988-09-01,0.000000,1.530612,1.530612,1.530612,1.084049,4851
1988-09-02,1.530612,1.530612,1.530612,1.530612,1.084049,0
1988-09-06,1.530612,1.530612,1.530612,1.530612,1.084049,0
1988-09-07,0.000000,1.530612,1.530612,1.530612,1.084049,2205
1988-09-08,0.000000,1.530612,1.530612,1.530612,1.084049,46305
1988-09-09,0.000000,1.558957,1.502268,1.502268,1.063975,13230
1988-09-12,0.000000,1.530612,1.473923,1.473923,1.043899,16758
1988-09-13,0.000000,1.445578,1.417234,1.417234,1.003749,24255
1988-09-14,0.000000,1.445578,1.303855,1.332200,0.943525,85995
1988-09-15,0.000000,1.332200,1.275510,1.275510,0.903374,14553
1988-09-16,0.000000,1.303855,1.275510,1.303855,0.923449,11466
1988-09-19,0.000000,1.275510,1.218821,1.275510,0.903374,41013
1988-09-20,0.000000,1.218821,1.218821,1.218821,0.863225,882
1988-09-21,0.000000,1.303855,1.218821,1.303855,0.923449,9261
1988-09-22,0.000000,1.247166,1.218821,1.218821,0.863225,63504
1988-09-23,0.000000,1.247166,1.190476,1.190476,0.843149,24255
1988-09-26,0.000000,1.190476,1.190476,1.190476,0.843149,882
1988-09-27,0.000000,1.247166,1.247166,1.247166,0.883300,882
1988-09-28,0.000000,1.218821,1.190476,1.218821,0.863225,5292
1988-09-29,0.000000,1.218821,1.162132,1.218821,0.863225,14112
1988-09-30,0.000000,1.162132,1.162132,1.162132,0.823075,10143
1988-10-03,0.000000,1.190476,1.162132,1.162132,0.823075,25578
1988-10-04,0.000000,1.162132,1.077098,1.077098,0.762850,51597
1988-10-05,0.000000,1.133787,1.077098,1.077098,0.762850,11466
1988-10-06,0.000000,1.077098,1.077098,1.077098,0.762850,441
1988-10-07,0.000000,1.133787,1.077098,1.133787,0.803000,10584
1988-10-10,0.000000,1.133787,1.133787,1.133787,0.803000,10143
1988-10-11,0.000000,1.133787,1.133787,1.133787,0.803000,3087
1988-10-12,0.000000,1.133787,1.077098,1.105442,0.782925,27342
1988-10-13,0.000000,1.105442,1.077098,1.105442,0.782925,9261
1988-10-14,1.105442,1.105442,1.105442,1.105442,0.782925,0
1988-10-17,0.000000,1.077098,1.077098,1.077098,0.762850,1323
1988-10-18,0.000000,1.133787,1.105442,1.133787,0.803000,13230
1988-10-19,0.000000,1.133787,1.105442,1.133787,0.803000,4851
1988-10-20,0.000000,1.133787,1.133787,1.133787,0.803000,2205
1988-10-21,0.000000,1.162132,1.105442,1.105442,0.782925,4410
1988-10-24,0.000000,1.162132,1.105442,1.133787,0.803000,24696
1988-10-25,0.000000,1.105442,1.105442,1.105442,0.782925,8820
1988-10-26,0.000000,1.105442,1.077098,1.077098,0.762850,45864
1988-10-27,0.000000,1.105442,1.077098,1.105442,0.782925,9261
1988-10-28,0.000000,1.077098,1.048753,1.077098,0.762850,882
1988-10-31,0.000000,1.105442,1.048753,1.048753,0.742775,23373
1988-11-01,0.000000,1.077098,1.077098,1.077098,0.762850,32193
1988-11-02,0.000000,1.105442,1.048753,1.048753,0.742775,15435
1988-11-03,0.000000,1.105442,1.048753,1.105442,0.782925,5733
1988-11-04,0.000000,1.105442,1.048753,1.048753,0.742775,15435
1988-11-07,0.000000,1.105442,0.992063,1.020408,0.722700,243432
1988-11-08,0.000000,1.105442,1.105442,1.105442,0.782925,4851
1988-11-09,0.000000,1.077098,1.048753,1.077098,0.762850,30429
1988-11-10,1.077098,1.077098,1.077098,1.077098,0.762850,0
1988-11-11,0.000000,1.077098,1.020408,1.048753,0.742775,38808
1988-11-14,0.000000,1.048753,0.992063,1.048753,0.742775,10143
1988-11-15,0.000000,1.048753,1.048753,1.048753,0.742775,4410
1988-11-16,0.000000,1.048753,1.020408,1.048753,0.742775,11466
1988-11-17,0.000000,1.048753,1.020408,1.020408,0.722700,5292
1988-11-18,1.020408,1.020408,1.020408,1.020408,0.722700,0
1988-11-21,0.000000,1.048753,1.020408,1.048753,0.742775,15876
1988-11-22,0.000000,1.077098,1.020408,1.077098,0.762850,4851
1988-11-23,0.000000,1.077098,1.020408,1.020408,0.722700,50715
1988-11-25,0.000000,1.077098,1.077098,1.077098,0.762850,5292
1988-11-28,0.000000,1.105442,1.048753,1.048753,0.742775,14553
1988-11-29,0.000000,1.105442,1.048753,1.105442,0.782925,4851
1988-11-30,0.000000,1.105442,1.105442,1.105442,0.782925,8820
1988-12-01,0.000000,1.105442,1.048753,1.048753,0.742775,36603
1988-12-02,0.000000,1.048753,1.048753,1.048753,0.742775,2205
1988-12-05,0.000000,1.105442,1.105442,1.105442,0.782925,4410
1988-12-06,0.000000,1.077098,1.020408,1.077098,0.762850,17640
1988-12-07,0.000000,1.077098,1.048753,1.077098,0.762850,29547
1988-12-08,0.000000,1.105442,1.048753,1.077098,0.762850,28224
1988-12-09,0.000000,1.105442,1.048753,1.048753,0.742775,3969
1988-12-12,0.000000,1.077098,1.020408,1.020408,0.722700,14994
1988-12-13,0.000000,1.077098,1.020408,1.020408,0.722700,5733
1988-12-14,0.000000,1.077098,1.020408,1.020408,0.722700,6174
1988-12-15,0.000000,1.077098,0.992063,0.992063,0.702624,51156
1988-12-16,0.000000,1.048753,0.992063,1.020408,0.722700,43659
1988-12-19,0.000000,1.020408,0.935374,0.935374,0.662475,48951
1988-12-20,0.000000,1.020408,0.935374,0.992063,0.702624,15435
1988-12-21,0.000000,0.992063,0.935374,0.935374,0.662475,28665
1988-12-22,0.000000,0.992063,0.935374,0.963719,0.682550,88641
1988-12-23,0.000000,0.992063,0.963719,0.963719,0.682550,52038
1988-12-27,0.000000,1.020408,0.963719,0.963719,0.682550,5733
1988-12-28,0.000000,1.020408,0.963719,0.963719,0.682550,43659
1988-12-29,0.000000,1.020408,0.963719,1.020408,0.722700,17199
1988-12-30,0.000000,1.077098,0.963719,1.077098,0.762850,26460
1989-01-03,0.000000,1.048753,0.992063,1.048753,0.742775,17640
1989-01-04,0.000000,1.077098,1.077098,1.077098,0.762850,6615
1989-01-05,0.000000,1.020408,1.020408,1.020408,0.722700,3087
1989-01-06,0.000000,1.105442,1.048753,1.105442,0.782925,53361
1989-01-09,0.000000,1.105442,1.105442,1.105442,0.782925,4410
1989-01-10,0.000000,1.105442,1.105442,1.105442,0.782925,4410
1989-01-11,0.000000,1.105442,1.048753,1.077098,0.762850,34839
1989-01-12,0.000000,1.105442,1.048753,1.048753,0.742775,27783
1989-01-13,0.000000,1.133787,1.048753,1.133787,0.803000,5733
1989-01-16,0.000000,1.218821,1.105442,1.190476,0.843149,57771
1989-01-17,0.000000,1.218821,1.218821,1.218821,0.863225,1764
1989-01-18,0.000000,1.247166,1.190476,1.247166,0.883300,34398
1989-01-19,0.000000,1.275510,1.218821,1.247166,0.883300,12789
1989-01-20,0.000000,1.275510,1.190476,1.190476,0.843149,13671
1989-01-23,1.190476,1.190476,1.190476,1.190476,0.843149,0
1989-01-24,0.000000,1.247166,1.190476,1.190476,0.843149,14994
1989-01-25,0.000000,1.247166,1.162132,1.162132,0.823075,44100
1989-01-26,0.000000,1.162132,1.162132,1.162132,0.823075,4410
1989-01-27,0.000000,1.218821,1.162132,1.218821,0.863225,8820
1989-01-30,0.000000,1.162132,1.162132,1.162132,0.823075,1764
1989-01-31,0.000000,1.218821,1.162132,1.162132,0.823075,3087
1989-02-01,0.000000,1.162132,1.162132,1.162132,0.823075,33516
1989-02-02,0.000000,1.190476,1.133787,1.133787,0.803000,43659
1989-02-03,0.000000,1.190476,1.105442,1.162132,0.823075,6174
1989-02-06,0.000000,1.162132,1.105442,1.105442,0.782925,1323
1989-02-07,0.000000,1.162132,1.105442,1.162132,0.823075,25578
1989-02-08,0.000000,1.133787,1.077098,1.077098,0.762850,2205
1989-02-09,0.000000,1.133787,1.105442,1.105442,0.782925,14112
1989-02-10,0.000000,1.105442,1.077098,1.105442,0.782925,13230
1989-02-13,0.000000,1.133787,1.048753,1.048753,0.742775,10143
1989-02-14,0.000000,1.105442,1.048753,1.105442,0.782925,18081
1989-02-15,0.000000,1.105442,1.048753,1.048753,0.742775,8820
1989-02-16,0.000000,1.133787,1.077098,1.133787,0.803000,18963
1989-02-17,0.000000,1.133787,1.105442,1.133787,0.803000,14112
1989-02-21,0.000000,1.077098,1.077098,1.077098,0.762850,2205
1989-02-22,0.000000,1.077098,1.077098,1.077098,0.762850,11025
1989-02-23,0.000000,1.077098,1.048753,1.048753,0.742775,18963
1989-02-24,1.048753,1.048753,1.048753,1.048753,0.742775,0
1989-02-27,0.000000,1.077098,1.020408,1.048753,0.742775,20727
1989-02-28,0.000000,1.077098,1.077098,1.077098,0.762850,1323
1989-03-01,0.000000,1.105442,1.105442,1.105442,0.782925,7938
1989-03-02,0.000000,1.105442,1.077098,1.105442,0.782925,20727
1989-03-03,0.000000,1.133787,1.133787,1.133787,0.803000,22050
1989-03-06,0.000000,1.162132,1.105442,1.162132,0.823075,16758
1989-03-07,0.000000,1.190476,1.133787,1.190476,0.843149,20727
1989-03-08,0.000000,1.218821,1.133787,1.133787,0.803000,6174
1989-03-09,0.000000,1.190476,1.133787,1.133787,0.803000,22491
1989-03-10,0.000000,1.190476,1.133787,1.133787,0.803000,11466
1989-03-13,0.000000,1.190476,1.133787,1.162132,0.823075,52920
1989-03-14,0.000000,1.190476,1.133787,1.162132,0.823075,7938
1989-03-15,0.000000,1.133787,1.133787,1.133787,0.803000,7056
1989-03-16,0.000000,1.190476,1.133787,1.162132,0.823075,33075
1989-03-17,0.000000,1.190476,1.133787,1.133787,0.803000,3528
1989-03-20,0.000000,1.190476,1.133787,1.162132,0.823075,29988
1989-03-21,0.000000,1.190476,1.133787,1.190476,0.843149,21168
1989-03-22,0.000000,1.190476,1.133787,1.133787,0.803000,36603
1989-03-23,0.000000,1.133787,1.133787,1.133787,0.803000,13671
1989-03-27,0.000000,1.190476,1.133787,1.133787,0.803000,23814
1989-03-28,0.000000,1.162132,1.133787,1.133787,0.803000,14553
1989-03-29,0.000000,1.162132,1.133787,1.133787,0.803000,8379
1989-03-30,0.000000,1.162132,1.133787,1.133787,0.803000,15876
1989-03-31,0.000000,1.133787,1.105442,1.133787,0.803000,39249
1989-04-03,0.000000,1.162132,1.077098,1.105442,0.782925,118188
1989-04-04,0.000000,1.133787,1.077098,1.077098,0.762850,5292
1989-04-05,0.000000,1.133787,1.105442,1.133787,0.803000,18522
1989-04-06,0.000000,1.133787,1.077098,1.133787,0.803000,3528
1989-04-07,0.000000,1.077098,1.077098,1.077098,0.762850,2205
1989-04-10,0.000000,1.077098,1.077098,1.077098,0.762850,882
1989-04-11,0.000000,1.133787,1.077098,1.077098,0.762850,3087
1989-04-12,0.000000,1.133787,1.077098,1.133787,0.803000,8379
1989-04-13,0.000000,1.133787,1.077098,1.077098,0.762850,11907
1989-04-14,0.000000,1.133787,1.077098,1.105442,0.782925,52038
1989-04-17,0.000000,1.133787,1.105442,1.105442,0.782925,3528
1989-04-18,0.000000,1.162132,1.105442,1.162132,0.823075,47628
1989-04-19,0.000000,1.162132,1.105442,1.162132,0.823075,16317
1989-04-20,0.000000,1.190476,1.133787,1.190476,0.843149,33516
1989-04-21,0.000000,1.190476,1.133787,1.133787,0.803000,47187
1989-04-24,0.000000,1.162132,1.133787,1.133787,0.803000,63504
1989-04-25,0.000000,1.162132,1.077098,1.133787,0.803000,49392
1989-04-26,0.000000,1.133787,1.077098,1.077098,0.762850,29988
1989-04-27,0.000000,1.077098,1.077098,1.077098,0.762850,16758
1989-04-28,0.000000,1.133787,1.077098,1.133787,0.803000,3087
1989-05-01,0.000000,1.133787,1.105442,1.133787,0.803000,6615
1989-05-02,0.000000,1.133787,1.048753,1.048753,0.742775,126567
1989-05-03,0.000000,1.048753,1.020408,1.020408,0.722700,39690
1989-05-04,0.000000,1.048753,0.992063,1.048753,0.742775,18522
1989-05-05,0.000000,1.048753,1.048753,1.048753,0.742775,8820
1989-05-08,0.000000,1.048753,0.992063,0.992063,0.702624,9702
1989-05-09,0.000000,1.048753,0.992063,0.992063,0.702624,7938
1989-05-10,0.000000,1.048753,0.992063,1.020408,0.722700,9261
1989-05-11,0.000000,1.048753,0.935374,0.935374,0.662475,131859
1989-05-12,0.000000,1.020408,0.935374,1.020408,0.722700,58212
1989-05-15,0.000000,1.020408,0.963719,0.992063,0.702624,21168
1989-05-16,0.000000,1.020408,0.963719,0.963719,0.682550,882
1989-05-17,0.000000,1.020408,0.963719,0.963719,0.682550,27342
1989-05-18,0.000000,1.020408,0.963719,1.020408,0.722700,19845
1989-05-19,0.000000,1.020408,0.963719,0.963719,0.682550,45864
1989-05-22,0.000000,0.963719,0.963719,0.963719,0.682550,8820
1989-05-23,0.000000,0.963719,0.963719,0.963719,0.682550,441
1989-05-24,0.000000,1.020408,1.020408,1.020408,0.722700,4410
1989-05-25,0.000000,1.020408,0.963719,1.020408,0.722700,2205
1989-05-26,0.000000,1.020408,0.963719,0.963719,0.682550,11466
1989-05-30,0.963719,0.963719,0.963719,0.963719,0.682550,0
1989-05-31,0.963719,0.963719,0.963719,0.963719,0.682550,0
1989-06-01,0.000000,0.963719,0.963719,0.963719,0.682550,7938
1989-06-02,0.000000,1.020408,0.963719,1.020408,0.722700,33957
1989-06-05,0.000000,1.020408,0.963719,1.020408,0.722700,33957
1989-06-06,0.000000,1.077098,1.020408,1.020408,0.722700,59094
1989-06-07,0.000000,1.048753,1.020408,1.048753,0.742775,27783
1989-06-08,0.000000,1.048753,0.992063,1.020408,0.722700,22491
1989-06-09,0.000000,0.992063,0.992063,0.992063,0.702624,6615
1989-06-12,0.000000,0.992063,0.992063,0.992063,0.702624,10584
1989-06-13,0.000000,1.048753,0.963719,0.963719,0.682550,10143
1989-06-14,0.000000,1.020408,0.963719,1.020408,0.722700,9702
1989-06-15,0.000000,0.992063,0.963719,0.992063,0.702624,44100
1989-06-16,0.000000,0.992063,0.935374,0.992063,0.702624,55566
1989-06-19,0.000000,0.992063,0.992063,0.992063,0.702624,2205
1989-06-20,0.992063,0.992063,0.992063,0.992063,0.702624,0
1989-06-21,0.000000,0.963719,0.907029,0.935374,0.662475,53361
1989-06-22,0.000000,0.963719,0.935374,0.963719,0.682550,7056
1989-06-23,0.000000,0.963719,0.935374,0.935374,0.662475,17199
1989-06-26,0.935374,0.935374,0.935374,0.935374,0.662475,0
1989-06-27,0.000000,0.963719,0.935374,0.935374,0.662475,8820
1989-06-28,0.000000,0.963719,0.963719,0.963719,0.682550,22050
1989-06-29,0.000000,0.963719,0.907029,0.907029,0.642399,130095
1989-06-30,0.000000,0.907029,0.907029,0.907029,0.642399,22050
1989-07-03,0.000000,0.907029,0.907029,0.907029,0.642399,8820
1989-07-05,0.000000,0.935374,0.878685,0.935374,0.662475,5292
1989-07-06,0.000000,0.935374,0.935374,0.935374,0.662475,1764
1989-07-07,0.000000,0.935374,0.878685,0.907029,0.642399,94815
1989-07-10,0.000000,0.907029,0.850340,0.907029,0.642399,6174
1989-07-11,0.000000,0.935374,0.850340,0.935374,0.662475,31311
1989-07-12,0.000000,0.992063,0.907029,0.935374,0.662475,121275
1989-07-13,0.000000,1.048753,0.963719,1.020408,0.722700,57330
1989-07-14,0.000000,1.048753,0.992063,1.048753,0.742775,10143
1989-07-17,0.000000,0.992063,0.963719,0.963719,0.682550,18963
1989-07-18,0.000000,1.020408,0.963719,1.020408,0.722700,4851
1989-07-19,0.000000,1.020408,0.963719,0.992063,0.702624,9702
1989-07-20,0.000000,1.020408,0.992063,0.992063,0.702624,21609
1989-07-21,0.000000,1.020408,0.963719,0.963719,0.682550,16758
1989-07-24,0.000000,0.992063,0.963719,0.963719,0.682550,14553
1989-07-25,0.000000,1.020408,0.963719,0.963719,0.682550,5733
1989-07-26,0.963719,0.963719,0.963719,0.963719,0.682550,0
1989-07-27,0.000000,1.020408,0.963719,1.020408,0.722700,12348
1989-07-28,0.000000,1.020408,0.963719,0.963719,0.682550,4851
1989-07-31,0.963719,0.963719,0.963719,0.963719,0.682550,0
1989-08-01,0.000000,1.020408,0.992063,1.020408,0.722700,8820
1989-08-02,0.000000,1.020408,0.963719,1.020408,0.722700,2646
1989-08-03,0.000000,0.992063,0.992063,0.992063,0.702624,5292
1989-08-04,0.000000,0.992063,0.963719,0.963719,0.682550,3969
1989-08-07,0.000000,0.992063,0.963719,0.963719,0.682550,4851
1989-08-08,0.000000,0.963719,0.907029,0.963719,0.682550,71442
1989-08-09,0.000000,0.963719,0.878685,0.963719,0.682550,19404
1989-08-10,0.000000,0.935374,0.878685,0.907029,0.642399,7938
1989-08-11,0.000000,0.963719,0.907029,0.963719,0.682550,1323
1989-08-14,0.000000,0.963719,0.907029,0.907029,0.642399,6174
1989-08-15,0.000000,0.963719,0.907029,0.963719,0.682550,48951
1989-08-16,0.000000,0.963719,0.963719,0.963719,0.682550,2646
1989-08-17,0.000000,0.907029,0.907029,0.907029,0.642399,3087
1989-08-18,0.000000,0.963719,0.907029,0.907029,0.642399,4410
1989-08-21,0.000000,0.963719,0.963719,0.963719,0.682550,2646
1989-08-22,0.000000,0.907029,0.907029,0.907029,0.642399,4851
1989-08-23,0.000000,0.907029,0.907029,0.907029,0.642399,7056
1989-08-24,0.000000,1.048753,0.935374,1.020408,0.722700,111573
1989-08-25,0.000000,1.077098,0.992063,1.020408,0.722700,138033
1989-08-28,0.000000,1.048753,0.992063,1.048753,0.742775,48510
1989-08-29,0.000000,1.077098,1.020408,1.077098,0.762850,26019
1989-08-30,0.000000,1.077098,1.020408,1.020408,0.722700,14994
1989-08-31,0.000000,1.048753,1.048753,1.048753,0.742775,1323
1989-09-01,0.000000,1.048753,1.020408,1.020408,0.722700,17640
1989-09-05,0.000000,1.077098,0.992063,0.992063,0.702624,27783
1989-09-06,0.000000,1.020408,0.963719,1.020408,0.722700,41454
1989-09-07,0.000000,1.048753,0.992063,0.992063,0.702624,8379
1989-09-08,0.000000,1.048753,0.992063,1.048753,0.742775,7938
1989-09-11,0.000000,1.048753,0.992063,1.048753,0.742775,5733
1989-09-12,0.000000,0.992063,0.963719,0.963719,0.682550,8820
1989-09-13,0.000000,1.048753,0.992063,0.992063,0.702624,74970
1989-09-14,0.000000,1.048753,0.992063,0.992063,0.702624,56889
1989-09-15,0.000000,1.048753,0.992063,1.048753,0.742775,114660
1989-09-18,0.000000,1.048753,0.963719,0.963719,0.682550,124803
1989-09-19,0.000000,0.992063,0.935374,0.992063,0.702624,27342
1989-09-20,0.000000,0.963719,0.935374,0.935374,0.662475,12348
1989-09-21,0.000000,0.963719,0.907029,0.935374,0.662475,26019
1989-09-22,0.000000,0.963719,0.963719,0.963719,0.682550,1764
1989-09-25,0.000000,0.907029,0.907029,0.907029,0.642399,882
1989-09-26,0.000000,0.963719,0.907029,0.963719,0.682550,7497
1989-09-27,0.000000,0.963719,0.907029,0.907029,0.642399,31752
1989-09-28,0.000000,0.963719,0.907029,0.963719,0.682550,9702
1989-09-29,0.000000,0.963719,0.850340,0.850340,0.602250,347949
1989-10-02,0.000000,0.907029,0.850340,0.850340,0.602250,25137
1989-10-03,0.000000,0.907029,0.850340,0.907029,0.642399,16317
1989-10-04,0.000000,0.907029,0.878685,0.907029,0.642399,48069
1989-10-05,0.000000,0.907029,0.907029,0.907029,0.642399,33957
1989-10-06,0.000000,0.907029,0.907029,0.907029,0.642399,36162
1989-10-09,0.000000,0.935374,0.878685,0.935374,0.662475,4851
1989-10-10,0.000000,0.935374,0.878685,0.935374,0.662475,65268
1989-10-11,0.000000,0.963719,0.907029,0.935374,0.662475,78498
1989-10-12,0.000000,0.992063,0.935374,0.935374,0.662475,33957
1989-10-13,0.000000,0.963719,0.907029,0.907029,0.642399,33075
1989-10-16,0.000000,0.907029,0.821995,0.850340,0.602250,30429
1989-10-17,0.000000,0.850340,0.850340,0.850340,0.602250,1764
1989-10-18,0.000000,0.878685,0.821995,0.850340,0.602250,48510
1989-10-19,0.000000,0.992063,0.850340,0.963719,0.682550,498330
1989-10-20,0.000000,1.020408,0.935374,0.935374,0.662475,5733
1989-10-23,0.000000,0.963719,0.907029,0.907029,0.642399,53361
1989-10-24,0.000000,0.907029,0.907029,0.907029,0.642399,14994
1989-10-25,0.000000,0.963719,0.963719,0.963719,0.682550,4410
1989-10-26,0.000000,0.907029,0.907029,0.907029,0.642399,2646
1989-10-27,0.000000,0.935374,0.907029,0.935374,0.662475,8379
1989-10-30,0.000000,0.935374,0.907029,0.907029,0.642399,19404
1989-10-31,0.000000,0.935374,0.878685,0.878685,0.622325,19845
1989-11-01,0.000000,0.878685,0.878685,0.878685,0.622325,882
1989-11-02,0.878685,0.878685,0.878685,0.878685,0.622325,0
1989-11-03,0.878685,0.878685,0.878685,0.878685,0.622325,0
1989-11-06,0.000000,0.935374,0.878685,0.878685,0.622325,3087
1989-11-07,0.878685,0.878685,0.878685,0.878685,0.622325,0
1989-11-08,0.000000,0.935374,0.935374,0.935374,0.662475,882
1989-11-09,0.000000,0.935374,0.878685,0.878685,0.622325,24696
1989-11-10,0.000000,0.878685,0.878685,0.878685,0.622325,882
1989-11-13,0.000000,0.935374,0.878685,0.878685,0.622325,7938
1989-11-14,0.000000,0.935374,0.878685,0.935374,0.662475,83790
1989-11-15,0.000000,1.133787,0.935374,1.133787,0.803000,125685
1989-11-16,0.000000,1.247166,1.133787,1.218821,0.863225,166698
1989-11-17,0.000000,1.218821,1.162132,1.218821,0.863225,53361
1989-11-20,0.000000,1.218821,1.190476,1.190476,0.843149,42777
1989-11-21,0.000000,1.162132,1.162132,1.162132,0.823075,441
1989-11-22,0.000000,1.218821,1.133787,1.162132,0.823075,51156
1989-11-24,0.000000,1.133787,1.133787,1.133787,0.803000,2205
1989-11-27,1.133787,1.133787,1.133787,1.133787,0.803000,0
1989-11-28,0.000000,1.218821,1.133787,1.218821,0.863225,56448
1989-11-29,0.000000,1.247166,1.190476,1.190476,0.843149,43659
1989-11-30,0.000000,1.162132,1.162132,1.162132,0.823075,7056
1989-12-01,0.000000,1.190476,1.162132,1.162132,0.823075,15435
1989-12-04,0.000000,1.162132,1.133787,1.162132,0.823075,41895
1989-12-05,0.000000,1.303855,1.162132,1.247166,0.883300,175959
1989-12-06,0.000000,1.360544,1.275510,1.332200,0.943525,81585
1989-12-07,0.000000,1.445578,1.360544,1.360544,0.963599,137151
1989-12-08,0.000000,1.417234,1.360544,1.388889,0.983675,70119
1989-12-11,0.000000,1.445578,1.360544,1.417234,1.003749,55566
1989-12-12,0.000000,1.473923,1.388889,1.417234,1.003749,42336
1989-12-13,0.000000,1.502268,1.445578,1.473923,1.043899,150822
1989-12-14,0.000000,1.473923,1.360544,1.417234,1.003749,183015
1989-12-15,0.000000,1.473923,1.360544,1.360544,0.963599,62181
1989-12-18,0.000000,1.360544,1.303855,1.303855,0.923449,43218
1989-12-19,0.000000,1.303855,1.247166,1.303855,0.923449,59094
1989-12-20,0.000000,1.247166,1.247166,1.247166,0.883300,3969
1989-12-21,0.000000,1.303855,1.247166,1.247166,0.883300,3969
1989-12-22,0.000000,1.275510,1.275510,1.275510,0.903374,4410
1989-12-26,0.000000,1.303855,1.247166,1.303855,0.923449,103635
1989-12-27,0.000000,1.388889,1.332200,1.360544,0.963599,183897
1989-12-28,0.000000,1.445578,1.360544,1.388889,0.983675,99666
1989-12-29,0.000000,1.417234,1.388889,1.388889,0.983675,35280
1990-01-02,0.000000,1.445578,1.332200,1.360544,0.963599,42777
1990-01-03,0.000000,1.332200,1.218821,1.303855,0.923449,308259
1990-01-04,0.000000,1.303855,1.162132,1.190476,0.843149,85554
1990-01-05,0.000000,1.218821,1.190476,1.190476,0.843149,13671
1990-01-08,0.000000,1.218821,1.218821,1.218821,0.863225,3528
1990-01-09,0.000000,1.247166,1.190476,1.190476,0.843149,143325
1990-01-10,0.000000,1.190476,1.133787,1.190476,0.843149,35721
1990-01-11,0.000000,1.190476,1.162132,1.162132,0.823075,3969
1990-01-12,0.000000,1.162132,1.133787,1.133787,0.803000,8820
1990-01-15,0.000000,1.133787,1.105442,1.133787,0.803000,23814
1990-01-16,0.000000,1.133787,1.105442,1.133787,0.803000,22932
1990-01-17,1.133787,1.133787,1.133787,1.133787,0.803000,0
1990-01-18,0.000000,1.162132,1.105442,1.162132,0.823075,16758
1990-01-19,0.000000,1.190476,1.133787,1.133787,0.803000,18522
1990-01-22,0.000000,1.162132,1.133787,1.133787,0.803000,8820
1990-01-23,0.000000,1.162132,0.992063,1.020408,0.722700,190953
1990-01-24,0.000000,1.020408,0.907029,0.992063,0.702624,175518
1990-01-25,0.000000,0.963719,0.878685,0.907029,0.642399,64386
1990-01-26,0.000000,0.963719,0.907029,0.963719,0.682550,123480
1990-01-29,0.000000,0.963719,0.907029,0.907029,0.642399,29106
1990-01-30,0.000000,0.935374,0.878685,0.907029,0.642399,21168
1990-01-31,0.000000,0.935374,0.907029,0.907029,0.642399,13671
1990-02-01,0.000000,0.935374,0.935374,0.935374,0.662475,7497
1990-02-02,0.000000,1.048753,0.935374,1.020408,0.722700,122157
1990-02-05,0.000000,0.992063,0.963719,0.992063,0.702624,67914
1990-02-06,0.000000,0.963719,0.907029,0.963719,0.682550,154791
1990-02-07,0.000000,0.963719,0.907029,0.963719,0.682550,74088
1990-02-08,0.000000,1.048753,0.935374,1.020408,0.722700,77616
1990-02-09,0.000000,1.048753,0.963719,0.963719,0.682550,55566
1990-02-12,0.000000,1.048753,0.963719,0.992063,0.702624,72324
1990-02-13,0.000000,1.020408,0.963719,0.963719,0.682550,9702
1990-02-14,0.000000,1.048753,1.020408,1.048753,0.742775,4410
1990-02-15,0.000000,1.077098,1.020408,1.077098,0.762850,14112
1990-02-16,0.000000,1.077098,1.020408,1.077098,0.762850,86436
1990-02-20,0.000000,1.190476,1.105442,1.162132,0.823075,112896
1990-02-21,0.000000,1.190476,1.133787,1.133787,0.803000,46305
1990-02-22,0.000000,1.360544,1.218821,1.303855,0.923449,145971
1990-02-23,0.000000,1.332200,1.190476,1.247166,0.883300,108486
1990-02-26,0.000000,1.247166,1.190476,1.247166,0.883300,5292
1990-02-27,0.000000,1.303855,1.247166,1.275510,0.903374,19845
1990-02-28,0.000000,1.275510,1.218821,1.218821,0.863225,2205
1990-03-01,0.000000,1.275510,1.218821,1.247166,0.883300,26019
1990-03-02,0.000000,1.275510,1.247166,1.247166,0.883300,3969
1990-03-05,0.000000,1.275510,1.218821,1.218821,0.863225,24255
1990-03-06,0.000000,1.190476,1.162132,1.190476,0.843149,49833
1990-03-07,0.000000,1.190476,1.105442,1.105442,0.782925,70119
1990-03-08,0.000000,1.133787,1.133787,1.133787,0.803000,4410
1990-03-09,0.000000,1.133787,1.133787,1.133787,0.803000,2205
1990-03-12,0.000000,1.133787,1.133787,1.133787,0.803000,11025
1990-03-13,0.000000,1.162132,1.133787,1.162132,0.823075,4851
1990-03-14,0.000000,1.133787,1.133787,1.133787,0.803000,20286
1990-03-15,0.000000,1.162132,1.133787,1.162132,0.823075,7497
1990-03-16,0.000000,1.162132,1.133787,1.162132,0.823075,18963
1990-03-19,0.000000,1.190476,1.133787,1.190476,0.843149,36603
1990-03-20,0.000000,1.190476,1.162132,1.190476,0.843149,30870
1990-03-21,0.000000,1.247166,1.190476,1.247166,0.883300,29547
1990-03-22,0.000000,1.275510,1.190476,1.218821,0.863225,33516
1990-03-23,0.000000,1.247166,1.218821,1.218821,0.863225,4410
1990-03-26,1.247166,1.247166,1.190476,1.190476,0.843149,24255
1990-03-27,1.247166,1.275510,1.190476,1.247166,0.883300,126126
1990-03-28,1.218821,1.218821,1.218821,1.218821,0.863225,9261
1990-03-29,1.218821,1.218821,1.218821,1.218821,0.863225,23373
1990-03-30,1.218821,1.218821,1.218821,1.218821,0.863225,882
1990-04-02,1.247166,1.247166,1.218821,1.218821,0.867258,10584
1990-04-03,1.218821,1.247166,1.218821,1.247166,0.887427,11466
1990-04-04,1.247166,1.247166,1.247166,1.247166,0.887427,0
1990-04-05,1.190476,1.247166,1.190476,1.247166,0.887427,92610
1990-04-06,1.218821,1.218821,1.218821,1.218821,0.867258,7938
1990-04-09,1.218821,1.218821,1.218821,1.218821,0.867258,13230
1990-04-10,1.190476,1.247166,1.190476,1.190476,0.847089,36603
1990-04-11,1.190476,1.218821,1.190476,1.218821,0.867258,12789
1990-04-12,1.190476,1.190476,1.162132,1.162132,0.826921,13230
1990-04-16,1.162132,1.162132,1.162132,1.162132,0.826921,5292
1990-04-17,1.162132,1.162132,1.162132,1.162132,0.826921,10143
1990-04-18,1.162132,1.162132,1.105442,1.105442,0.786583,42777
1990-04-19,1.077098,1.133787,1.077098,1.077098,0.766414,7056
1990-04-20,1.077098,1.077098,1.077098,1.077098,0.766414,0
1990-04-23,1.077098,1.077098,1.020408,1.020408,0.726077,102753
1990-04-24,1.077098,1.077098,0.992063,0.992063,0.705908,11907
1990-04-25,1.020408,1.020408,0.992063,0.992063,0.705908,4851
1990-04-26,0.992063,1.048753,0.992063,1.048753,0.746246,10584
1990-04-27,1.048753,1.048753,0.992063,0.992063,0.705908,2646
1990-04-30,1.048753,1.048753,1.048753,1.048753,0.746246,4410
1990-05-01,1.048753,1.048753,0.992063,0.992063,0.705908,47187
1990-05-02,0.992063,1.048753,0.992063,1.020408,0.726077,28224
1990-05-03,1.020408,1.077098,1.020408,1.048753,0.746246,16317
1990-05-04,0.992063,1.077098,0.992063,0.992063,0.705908,11907
1990-05-07,0.992063,0.992063,0.992063,0.992063,0.705908,4410
1990-05-08,1.077098,1.105442,1.048753,1.048753,0.746246,52920
1990-05-09,1.048753,1.105442,1.048753,1.077098,0.766414,21168
1990-05-10,1.105442,1.105442,1.105442,1.105442,0.786583,3528
1990-05-11,1.048753,1.133787,1.048753,1.133787,0.806752,33957
1990-05-14,1.162132,1.218821,1.133787,1.218821,0.867258,94815
1990-05-15,1.218821,1.247166,1.162132,1.190476,0.847089,93492
1990-05-16,1.162132,1.190476,1.162132,1.190476,0.847089,42336
1990-05-17,1.162132,1.247166,1.162132,1.247166,0.887427,59976
1990-05-18,1.190476,1.190476,1.162132,1.190476,0.847089,30870
1990-05-21,1.162132,1.190476,1.162132,1.190476,0.847089,41895
1990-05-22,1.133787,1.190476,1.133787,1.162132,0.826921,33516
1990-05-23,1.190476,1.190476,1.133787,1.162132,0.826921,50274
1990-05-24,1.162132,1.162132,1.105442,1.162132,0.826921,11466
1990-05-25,1.133787,1.133787,1.105442,1.105442,0.786583,11025
1990-05-29,1.162132,1.162132,1.162132,1.162132,0.826921,882
1990-05-30,1.162132,1.162132,1.105442,1.105442,0.786583,7056
1990-05-31,1.162132,1.162132,1.105442,1.105442,0.786583,8379
1990-06-01,1.105442,1.105442,1.105442,1.105442,0.786583,0
1990-06-04,1.162132,1.162132,1.133787,1.162132,0.826921,48510
1990-06-05,1.105442,1.190476,1.105442,1.133787,0.806752,254016
1990-06-06,1.133787,1.162132,1.077098,1.162132,0.826921,91728
1990-06-07,1.105442,1.162132,1.105442,1.105442,0.786583,66150
1990-06-08,1.162132,1.162132,1.162132,1.162132,0.826921,8379
1990-06-11,1.105442,1.133787,1.077098,1.133787,0.806752,70560
1990-06-12,1.077098,1.133787,1.077098,1.133787,0.806752,89082
1990-06-13,1.162132,1.190476,1.133787,1.162132,0.826921,149058
1990-06-14,1.190476,1.190476,1.162132,1.162132,0.826921,32193
1990-06-15,1.162132,1.388889,1.162132,1.388889,0.988271,371763
1990-06-18,1.360544,1.558957,1.360544,1.360544,0.968102,529200
1990-06-19,1.332200,1.388889,1.332200,1.360544,0.968102,56007
1990-06-20,1.332200,1.332200,1.275510,1.303855,0.927765,125244
1990-06-21,1.275510,1.303855,1.275510,1.275510,0.907596,59535
1990-06-22,1.275510,1.303855,1.275510,1.275510,0.907596,12789
1990-06-25,1.332200,1.332200,1.218821,1.218821,0.867258,42336
1990-06-26,1.275510,1.275510,1.218821,1.218821,0.867258,92169
1990-06-27,1.218821,1.218821,1.133787,1.218821,0.867258,204183
1990-06-28,1.218821,1.218821,1.190476,1.218821,0.867258,9702
1990-06-29,1.218821,1.218821,1.162132,1.218821,0.871311,45423
1990-07-02,1.162132,1.190476,1.162132,1.190476,0.851048,40572
1990-07-03,1.190476,1.190476,1.190476,1.190476,0.851048,20727
1990-07-05,1.162132,1.190476,1.133787,1.162132,0.830786,74529
1990-07-06,1.162132,1.162132,1.105442,1.105442,0.790259,54243
1990-07-09,1.162132,1.162132,1.105442,1.133787,0.810522,26019
1990-07-10,1.105442,1.190476,1.105442,1.162132,0.830786,78498
1990-07-11,1.162132,1.218821,1.162132,1.218821,0.871311,77616
1990-07-12,1.218821,1.247166,1.190476,1.218821,0.871311,212562
1990-07-13,1.275510,1.332200,1.275510,1.332200,0.952363,47187
1990-07-16,1.303855,1.303855,1.247166,1.247166,0.891574,33957
1990-07-17,1.218821,1.218821,1.218821,1.218821,0.871311,41454
1990-07-18,1.218821,1.218821,1.162132,1.218821,0.871311,5292
1990-07-19,1.190476,1.190476,1.162132,1.190476,0.851048,14553
1990-07-20,1.218821,1.218821,1.190476,1.218821,0.871311,23814
1990-07-23,1.162132,1.162132,1.105442,1.105442,0.790259,20727
1990-07-24,1.133787,1.190476,1.133787,1.190476,0.851048,65709
1990-07-25,1.247166,1.247166,1.218821,1.218821,0.871311,22932
1990-07-26,1.247166,1.275510,1.218821,1.247166,0.891574,46305
1990-07-27,1.303855,1.303855,1.247166,1.247166,0.891574,9261
1990-07-30,1.247166,1.247166,1.247166,1.247166,0.891574,15435
1990-07-31,1.218821,1.275510,1.218821,1.275510,0.911837,9261
1990-08-01,1.247166,1.247166,1.247166,1.247166,0.891574,3528
1990-08-02,1.275510,1.332200,1.218821,1.275510,0.911837,503622
1990-08-03,1.275510,1.275510,1.232993,1.247166,0.891574,217413
1990-08-06,1.247166,1.247166,1.190476,1.218821,0.871311,69237
1990-08-07,1.247166,1.247166,1.190476,1.218821,0.871311,86877
1990-08-08,1.218821,1.360544,1.218821,1.360544,0.972626,186984
1990-08-09,1.360544,1.388889,1.332200,1.388889,0.992889,168903
1990-08-10,1.332200,1.388889,1.303855,1.303855,0.932100,72324
1990-08-13,1.303855,1.360544,1.303855,1.360544,0.972626,3528
1990-08-14,1.360544,1.360544,1.247166,1.247166,0.891574,78939
1990-08-15,1.247166,1.303855,1.247166,1.275510,0.911837,22050
1990-08-16,1.247166,1.247166,1.190476,1.190476,0.851048,72324
1990-08-17,1.133787,1.218821,1.133787,1.218821,0.871311,30429
1990-08-20,1.218821,1.218821,1.190476,1.190476,0.851048,44100
1990-08-21,1.247166,1.247166,1.162132,1.218821,0.871311,80703
1990-08-22,1.218821,1.247166,1.190476,1.247166,0.891574,66150
1990-08-23,1.190476,1.190476,1.105442,1.133787,0.810522,73647
1990-08-24,1.133787,1.190476,1.133787,1.133787,0.810522,8820
1990-08-27,1.162132,1.190476,1.162132,1.162132,0.830786,55566
1990-08-28,1.162132,1.162132,1.162132,1.162132,0.830786,4410
1990-08-29,1.133787,1.190476,1.133787,1.190476,0.851048,9261
1990-08-30,1.162132,1.162132,1.133787,1.133787,0.810522,18081
1990-08-31,1.190476,1.190476,1.190476,1.190476,0.851048,6300
1990-09-04,1.130952,1.190476,1.130952,1.190476,0.851048,18900
1990-09-05,1.220238,1.220238,1.160714,1.220238,0.872324,5460
1990-09-06,1.220238,1.220238,1.160714,1.220238,0.872324,55020
1990-09-07,1.220238,1.279762,1.220238,1.279762,0.914876,12600
1990-09-10,1.279762,1.279762,1.250000,1.279762,0.914876,17640
1990-09-11,1.279762,1.279762,1.279762,1.279762,0.914876,0
1990-09-12,1.279762,1.279762,1.279762,1.279762,0.914876,420
1990-09-13,1.309524,1.339286,1.279762,1.339286,0.957429,60060
1990-09-14,1.250000,1.339286,1.250000,1.279762,0.914876,79800
1990-09-17,1.250000,1.250000,1.250000,1.250000,0.893600,1680
1990-09-18,1.250000,1.250000,1.250000,1.250000,0.893600,5040
1990-09-19,1.309524,1.309524,1.309524,1.309524,0.936153,4200
1990-09-20,1.279762,1.309524,1.250000,1.250000,0.893600,46620
1990-09-21,1.250000,1.250000,1.250000,1.250000,0.893600,0
1990-09-24,1.220238,1.250000,1.220238,1.250000,0.893600,7140
1990-09-25,1.250000,1.250000,1.190476,1.220238,0.872324,10080
1990-09-26,1.220238,1.220238,1.130952,1.130952,0.808495,76440
1990-09-27,1.190476,1.190476,1.011905,1.011905,0.723391,217140
1990-09-28,1.071429,1.071429,0.982143,0.982143,0.702115,137760
1990-10-01,1.071429,1.071429,0.952381,0.952381,0.684990,115080
1990-10-02,1.041667,1.071429,1.011905,1.071429,0.770614,78540
1990-10-03,1.071429,1.071429,1.071429,1.071429,0.770614,840
1990-10-04,1.071429,1.071429,1.071429,1.071429,0.770614,420
1990-10-05,1.011905,1.041667,1.011905,1.041667,0.749207,10920
1990-10-08,1.011905,1.011905,1.011905,1.011905,0.727802,5460
1990-10-09,1.011905,1.041667,0.982143,1.011905,0.727802,27300
1990-10-10,1.011905,1.011905,0.982143,1.011905,0.727802,18060
1990-10-11,0.952381,1.011905,0.952381,1.011905,0.727802,13860
1990-10-12,1.011905,1.011905,1.011905,1.011905,0.727802,0
1990-10-15,0.952381,1.011905,0.952381,0.982143,0.706395,77700
1990-10-16,1.011905,1.011905,0.982143,0.982143,0.706395,8400
1990-10-17,0.982143,1.011905,0.952381,0.952381,0.684990,28140
1990-10-18,0.952381,0.982143,0.922619,0.922619,0.663584,70560
1990-10-19,0.952381,1.011905,0.952381,1.011905,0.727802,101220
1990-10-22,0.982143,1.011905,0.982143,1.011905,0.727802,52920
1990-10-23,0.952381,1.026786,0.952381,1.026786,0.738505,15120
1990-10-24,0.982143,1.071429,0.982143,1.071429,0.770614,38640
1990-10-25,1.071429,1.071429,1.071429,1.071429,0.770614,16800
1990-10-26,1.071429,1.071429,1.011905,1.011905,0.727802,9240
1990-10-29,1.011905,1.041667,1.011905,1.041667,0.749207,50400
1990-10-30,1.011905,1.011905,1.011905,1.011905,0.727802,2100
1990-10-31,1.011905,1.071429,1.011905,1.071429,0.770614,2520
1990-11-01,1.071429,1.071429,1.071429,1.071429,0.770614,4200
1990-11-02,1.071429,1.130952,1.071429,1.130952,0.813425,16800
1990-11-05,1.041667,1.101190,1.041667,1.101190,0.792019,6300
1990-11-06,1.041667,1.071429,1.041667,1.071429,0.770614,3360
1990-11-07,1.101190,1.101190,1.101190,1.101190,0.792019,1680
1990-11-08,1.101190,1.101190,1.071429,1.071429,0.770614,13020
1990-11-09,1.071429,1.130952,1.071429,1.130952,0.813425,13860
1990-11-12,1.071429,1.071429,1.071429,1.071429,0.770614,11760
1990-11-13,1.041667,1.041667,1.041667,1.041667,0.749207,4620
1990-11-14,1.041667,1.041667,1.041667,1.041667,0.749207,1680
1990-11-15,1.041667,1.041667,1.041667,1.041667,0.749207,2100
1990-11-16,1.130952,1.130952,1.041667,1.071429,0.770614,18480
1990-11-19,1.041667,1.101190,1.041667,1.101190,0.792019,5040
1990-11-20,1.041667,1.071429,1.041667,1.071429,0.770614,10920
1990-11-21,1.041667,1.041667,1.041667,1.041667,0.749207,7140
1990-11-23,1.041667,1.041667,1.041667,1.041667,0.749207,4200
1990-11-26,1.101190,1.101190,1.041667,1.041667,0.749207,10080
1990-11-27,1.101190,1.101190,1.041667,1.041667,0.749207,9240
1990-11-28,1.101190,1.101190,1.071429,1.071429,0.770614,4620
1990-11-29,1.071429,1.071429,1.071429,1.071429,0.770614,5460
1990-11-30,1.041667,1.101190,1.041667,1.041667,0.749207,4200
1990-12-03,1.101190,1.101190,1.041667,1.041667,0.749207,2520
1990-12-04,1.041667,1.101190,1.041667,1.101190,0.792019,26460
1990-12-05,1.041667,1.041667,1.041667,1.041667,0.749207,7560
1990-12-06,1.041667,1.071429,1.011905,1.071429,0.770614,165900
1990-12-07,1.011905,1.071429,1.011905,1.071429,0.770614,36960
1990-12-10,1.041667,1.071429,1.041667,1.071429,0.770614,10080
1990-12-11,1.041667,1.041667,1.041667,1.041667,0.749207,3360
1990-12-12,1.041667,1.101190,1.041667,1.041667,0.749207,270900
1990-12-13,1.041667,1.041667,1.041667,1.041667,0.749207,8400
1990-12-14,1.041667,1.041667,1.011905,1.011905,0.727802,15540
1990-12-17,0.982143,1.041667,0.982143,1.041667,0.749207,6300
1990-12-18,0.982143,1.041667,0.982143,0.982143,0.706395,17220
1990-12-19,1.011905,1.071429,1.011905,1.041667,0.749207,67620
1990-12-20,1.011905,1.071429,1.011905,1.071429,0.770614,22680
1990-12-21,1.071429,1.101190,1.041667,1.101190,0.792019,72240
1990-12-24,1.071429,1.130952,1.071429,1.130952,0.813425,2940
1990-12-26,1.071429,1.101190,1.041667,1.101190,0.792019,52080
1990-12-27,1.041667,1.041667,1.041667,1.041667,0.749207,840
1990-12-28,1.041667,1.041667,1.041667,1.041667,0.753513,2520
1990-12-31,1.101190,1.101190,1.041667,1.086310,0.785807,18480
1991-01-02,1.086310,1.086310,1.086310,1.086310,0.785807,0
1991-01-03,1.071429,1.101190,1.071429,1.101190,0.796570,47460
1991-01-04,1.056548,1.056548,1.056548,1.056548,0.764277,4200
1991-01-07,1.041667,1.071429,1.041667,1.071429,0.775042,3360
1991-01-08,1.041667,1.071429,1.041667,1.041667,0.753513,39480
1991-01-09,1.041667,1.041667,1.041667,1.041667,0.753513,8400
1991-01-10,1.071429,1.071429,1.071429,1.071429,0.775042,5040
1991-01-11,1.041667,1.041667,1.041667,1.041667,0.753513,2100
1991-01-14,1.011905,1.011905,1.011905,1.011905,0.731984,5040
1991-01-15,1.071429,1.071429,1.011905,1.011905,0.731984,46200
1991-01-16,1.011905,1.011905,1.011905,1.011905,0.731984,5040
1991-01-17,1.071429,1.071429,1.041667,1.041667,0.753513,33180
1991-01-18,1.041667,1.071429,1.041667,1.041667,0.753513,32760
1991-01-21,1.041667,1.041667,1.041667,1.041667,0.753513,0
1991-01-22,1.041667,1.041667,1.041667,1.041667,0.753513,4200
1991-01-23,1.041667,1.041667,1.041667,1.041667,0.753513,0
1991-01-24,1.041667,1.071429,1.041667,1.056548,0.764277,75600
1991-01-25,1.071429,1.071429,1.011905,1.011905,0.731984,26040
1991-01-28,1.041667,1.041667,0.982143,0.982143,0.710455,13860
1991-01-29,0.982143,0.982143,0.982143,0.982143,0.710455,0
1991-01-30,1.041667,1.041667,0.982143,0.982143,0.710455,8400
1991-01-31,1.041667,1.041667,0.982143,1.011905,0.731984,33600
1991-02-01,1.041667,1.041667,0.952381,1.011905,0.731984,78960
1991-02-04,0.952381,1.011905,0.952381,0.952381,0.688926,32340
1991-02-05,0.952381,1.011905,0.952381,1.011905,0.731984,29400
1991-02-06,1.011905,1.011905,0.952381,1.011905,0.731984,99540
1991-02-07,1.011905,1.130952,0.982143,1.041667,0.753513,246960
1991-02-08,1.071429,1.101190,1.071429,1.101190,0.796570,16380
1991-02-11,1.101190,1.101190,1.101190,1.101190,0.796570,420
1991-02-12,1.101190,1.101190,1.071429,1.101190,0.796570,29400
1991-02-13,1.041667,1.101190,1.041667,1.101190,0.796570,7980
1991-02-14,1.071429,1.130952,1.071429,1.101190,0.796570,36960
1991-02-15,1.071429,1.101190,1.071429,1.101190,0.796570,11340
1991-02-19,1.101190,1.130952,1.071429,1.071429,0.775042,22260
1991-02-20,1.130952,1.130952,1.071429,1.071429,0.775042,5040
1991-02-21,1.071429,1.071429,1.071429,1.071429,0.775042,0
1991-02-22,1.071429,1.160714,1.071429,1.160714,0.839628,34440
1991-02-25,1.101190,1.160714,1.101190,1.160714,0.839628,45780
1991-02-26,1.130952,1.160714,1.101190,1.160714,0.839628,29400
1991-02-27,1.190476,1.398810,1.190476,1.309524,0.947273,358680
1991-02-28,1.369048,1.398810,1.309524,1.339286,0.968802,501900
1991-03-01,1.339286,1.488095,1.339286,1.428571,1.033389,196140
1991-03-04,1.458333,1.458333,1.309524,1.369048,0.990332,79380
1991-03-05,1.369048,1.398810,1.339286,1.369048,0.990332,68880
1991-03-06,1.428571,1.458333,1.339286,1.369048,0.990332,204960
1991-03-07,1.398810,1.398810,1.339286,1.383929,1.001096,57540
1991-03-08,1.398810,1.398810,1.339286,1.339286,0.968802,18480
1991-03-11,1.398810,1.398810,1.279762,1.309524,0.947273,74340
1991-03-12,1.279762,1.279762,1.220238,1.220238,0.882686,54180
1991-03-13,1.250000,1.250000,1.250000,1.250000,0.904216,8820
1991-03-14,1.279762,1.279762,1.250000,1.250000,0.904216,15540
1991-03-15,1.190476,1.279762,1.190476,1.279762,0.925745,42840
1991-03-18,1.190476,1.279762,1.190476,1.279762,0.925745,7980
1991-03-19,1.250000,1.250000,1.190476,1.250000,0.904216,30240
1991-03-20,1.190476,1.250000,1.190476,1.190476,0.861157,42000
1991-03-21,1.279762,1.279762,1.190476,1.279762,0.925745,14280
1991-03-22,1.190476,1.250000,1.190476,1.250000,0.904216,23940
1991-03-25,1.250000,1.250000,1.220238,1.220238,0.882686,8820
1991-03-26,1.190476,1.250000,1.190476,1.250000,0.904216,11760
1991-03-27,1.190476,1.250000,1.190476,1.250000,0.904216,2940
1991-03-28,1.190476,1.220238,1.190476,1.220238,0.882686,61740
1991-04-01,1.250000,1.250000,1.190476,1.190476,0.865378,8400
1991-04-02,1.190476,1.190476,1.190476,1.190476,0.865378,2520
1991-04-03,1.220238,1.250000,1.101190,1.130952,0.822109,132300
1991-04-04,1.101190,1.101190,0.982143,1.011905,0.735572,119280
1991-04-05,1.041667,1.071429,1.011905,1.071429,0.778841,216720
1991-04-08,1.041667,1.101190,1.041667,1.071429,0.778841,32340
1991-04-09,1.071429,1.130952,1.041667,1.041667,0.757206,22680
1991-04-10,1.041667,1.041667,1.041667,1.041667,0.757206,2100
1991-04-11,1.041667,1.101190,1.041667,1.101190,0.800475,33600
1991-04-12,1.041667,1.071429,1.041667,1.071429,0.778841,37380
1991-04-15,1.041667,1.071429,1.011905,1.041667,0.757206,27300
1991-04-16,1.071429,1.101190,1.011905,1.101190,0.800475,33180
1991-04-17,1.101190,1.130952,1.041667,1.071429,0.778841,77280
1991-04-18,1.071429,1.071429,1.011905,1.011905,0.735572,41580
1991-04-19,0.982143,1.041667,0.952381,0.982143,0.713937,31920
1991-04-22,1.011905,1.041667,1.011905,1.041667,0.757206,29820
1991-04-23,1.041667,1.071429,1.041667,1.071429,0.778841,34860
1991-04-24,1.011905,1.101190,1.011905,1.101190,0.800475,14280
1991-04-25,1.041667,1.071429,1.011905,1.041667,0.757206,13860
1991-04-26,1.011905,1.041667,0.982143,0.982143,0.713937,24360
1991-04-29,1.041667,1.041667,0.982143,1.011905,0.735572,31080
1991-04-30,0.982143,0.982143,0.982143,0.982143,0.713937,18900
1991-05-01,0.952381,0.982143,0.922619,0.952381,0.692303,60480
1991-05-02,0.982143,0.982143,0.952381,0.982143,0.713937,117180
1991-05-03,0.982143,1.011905,0.967262,1.011905,0.735572,18900
1991-05-06,0.982143,0.982143,0.982143,0.982143,0.713937,33600
1991-05-07,0.982143,1.011905,0.952381,0.952381,0.692303,18480
1991-05-08,0.952381,0.982143,0.922619,0.922619,0.670668,73920
1991-05-09,0.922619,1.011905,0.922619,1.011905,0.735572,12600
1991-05-10,0.952381,0.982143,0.952381,0.952381,0.692303,8400
1991-05-13,0.952381,0.982143,0.922619,0.922619,0.670668,30660
1991-05-14,0.982143,0.982143,0.952381,0.952381,0.692303,13020
1991-05-15,0.967262,0.982143,0.922619,0.922619,0.670668,60480
1991-05-16,0.922619,0.952381,0.863095,0.863095,0.627399,149940
1991-05-17,0.922619,0.952381,0.892857,0.952381,0.692303,41160
1991-05-20,0.952381,0.952381,0.952381,0.952381,0.692303,0
1991-05-21,1.011905,1.011905,1.011905,1.011905,0.735572,840
1991-05-22,1.011905,1.011905,0.952381,1.011905,0.735572,29400
1991-05-23,1.011905,1.011905,1.011905,1.011905,0.735572,420
1991-05-24,0.952381,0.952381,0.952381,0.952381,0.692303,420
1991-05-28,1.041667,1.101190,1.011905,1.041667,0.757206,43680
1991-05-29,1.101190,1.101190,1.101190,1.101190,0.800475,840
1991-05-30,1.041667,1.041667,1.041667,1.041667,0.757206,6300
1991-05-31,1.041667,1.101190,1.011905,1.011905,0.735572,55440
1991-06-03,1.071429,1.101190,0.982143,1.101190,0.800475,94080
1991-06-04,1.130952,1.160714,1.130952,1.160714,0.843744,32340
1991-06-05,1.130952,1.190476,1.130952,1.130952,0.822109,38220
1991-06-06,1.190476,1.190476,1.101190,1.190476,0.865378,50400
1991-06-07,1.190476,1.190476,1.101190,1.160714,0.843744,57960
1991-06-10,1.220238,1.220238,1.190476,1.190476,0.865378,7140
1991-06-11,1.160714,1.220238,1.160714,1.190476,0.865378,21840
1991-06-12,1.190476,1.220238,1.160714,1.190476,0.865378,8400
1991-06-13,1.220238,1.220238,1.160714,1.190476,0.865378,5460
1991-06-14,1.160714,1.190476,1.160714,1.160714,0.843744,53340
1991-06-17,1.190476,1.190476,1.101190,1.101190,0.800475,21420
1991-06-18,1.101190,1.160714,1.041667,1.041667,0.757206,99540
1991-06-19,1.101190,1.101190,0.892857,0.922619,0.670668,163380
1991-06-20,0.922619,0.952381,0.863095,0.952381,0.692303,144060
1991-06-21,0.922619,0.952381,0.892857,0.952381,0.692303,57960
1991-06-24,0.952381,0.952381,0.952381,0.952381,0.692303,840
1991-06-25,0.952381,0.952381,0.892857,0.922619,0.670668,5880
1991-06-26,0.952381,0.952381,0.892857,0.952381,0.692303,18480
1991-06-27,0.952381,0.952381,0.892857,0.952381,0.692303,22680
1991-06-28,0.952381,0.952381,0.922619,0.952381,0.696657,14700
1991-07-01,0.952381,0.952381,0.952381,0.952381,0.696657,0
1991-07-02,0.952381,0.982143,0.892857,0.982143,0.718427,2100
1991-07-03,0.922619,0.922619,0.922619,0.922619,0.674886,840
1991-07-05,0.922619,0.922619,0.922619,0.922619,0.674886,0
1991-07-08,0.982143,0.982143,0.892857,0.922619,0.674886,20580
1991-07-09,0.922619,0.922619,0.922619,0.922619,0.674886,0
1991-07-10,1.011905,1.011905,0.952381,0.982143,0.718427,33180
1991-07-11,1.041667,1.041667,1.041667,1.041667,0.761968,840
1991-07-12,0.982143,1.041667,0.982143,1.011905,0.740198,2520
1991-07-15,1.041667,1.041667,1.011905,1.011905,0.740198,2520
1991-07-16,1.041667,1.041667,1.011905,1.011905,0.740198,27300
1991-07-17,1.071429,1.071429,1.011905,1.011905,0.740198,6720
1991-07-18,1.071429,1.071429,1.011905,1.071429,0.783739,13860
1991-07-19,1.041667,1.071429,1.011905,1.011905,0.740198,21420
1991-07-22,1.011905,1.011905,1.011905,1.011905,0.740198,9660
1991-07-23,1.071429,1.071429,1.011905,1.011905,0.740198,31080
1991-07-24,1.011905,1.011905,0.952381,0.952381,0.696657,1680
1991-07-25,0.952381,0.982143,0.922619,0.982143,0.718427,17220
1991-07-26,0.922619,1.011905,0.922619,1.011905,0.740198,1680
1991-07-29,0.922619,1.011905,0.922619,0.982143,0.718427,10920
1991-07-30,1.011905,1.011905,0.982143,1.011905,0.740198,9660
1991-07-31,0.952381,1.011905,0.952381,1.011905,0.740198,9660
1991-08-01,1.011905,1.011905,0.952381,0.952381,0.696657,17640
1991-08-02,0.982143,1.011905,0.952381,1.011905,0.740198,7560
1991-08-05,0.952381,0.952381,0.952381,0.952381,0.696657,2100
1991-08-06,1.011905,1.011905,0.952381,0.952381,0.696657,2520
1991-08-07,0.952381,1.011905,0.952381,0.952381,0.696657,7140
1991-08-08,0.952381,1.011905,0.952381,1.011905,0.740198,5040
1991-08-09,0.982143,0.982143,0.952381,0.952381,0.696657,5880
1991-08-12,0.982143,0.982143,0.922619,0.922619,0.674886,17640
1991-08-13,0.922619,1.011905,0.922619,1.011905,0.740198,10500
1991-08-14,0.952381,1.011905,0.952381,1.011905,0.740198,3360
1991-08-15,0.922619,1.011905,0.922619,0.967262,0.707542,10920
1991-08-16,0.922619,0.982143,0.922619,0.982143,0.718427,26880
1991-08-19,0.922619,0.922619,0.863095,0.922619,0.674886,40320
1991-08-20,0.952381,0.952381,0.952381,0.952381,0.696657,7980
1991-08-21,0.892857,0.982143,0.892857,0.982143,0.718427,9660
1991-08-22,1.011905,1.011905,0.922619,0.952381,0.696657,9660
1991-08-23,0.922619,0.952381,0.892857,0.892857,0.653116,23520
1991-08-26,0.892857,0.892857,0.892857,0.892857,0.653116,840
1991-08-27,0.982143,0.982143,0.982143,0.982143,0.718427,2100
1991-08-28,0.982143,0.982143,0.982143,0.982143,0.718427,4200
1991-08-29,0.892857,0.982143,0.892857,0.952381,0.696657,19320
1991-08-30,0.906250,1.000000,0.906250,1.000000,0.731490,20400
1991-09-03,0.937500,1.000000,0.937500,0.968750,0.708631,14800
1991-09-04,0.937500,1.000000,0.937500,1.000000,0.731490,19200
1991-09-05,1.000000,1.000000,1.000000,1.000000,0.731490,0
1991-09-06,1.000000,1.000000,1.000000,1.000000,0.731490,0
1991-09-09,0.906250,1.000000,0.906250,1.000000,0.731490,2400
1991-09-10,0.906250,1.000000,0.906250,1.000000,0.731490,4800
1991-09-11,0.906250,1.000000,0.906250,0.906250,0.662913,8400
1991-09-12,0.906250,0.968750,0.906250,0.968750,0.708631,19200
1991-09-13,0.906250,0.968750,0.906250,0.906250,0.662913,14400
1991-09-16,0.968750,1.000000,0.937500,1.000000,0.731490,17200
1991-09-17,1.000000,1.000000,0.937500,0.968750,0.708631,13200
1991-09-18,0.937500,0.937500,0.937500,0.937500,0.685771,400
1991-09-19,0.937500,1.000000,0.937500,1.000000,0.731490,23200
1991-09-20,0.968750,0.968750,0.937500,0.937500,0.685771,4800
1991-09-23,1.000000,1.000000,0.937500,0.968750,0.708631,13600
1991-09-24,0.937500,0.937500,0.937500,0.937500,0.685771,2400
1991-09-25,1.000000,1.000000,0.968750,0.968750,0.708631,4000
1991-09-26,0.937500,1.000000,0.937500,1.000000,0.731490,6000
1991-09-27,0.937500,0.968750,0.937500,0.968750,0.708631,8800
1991-09-30,0.937500,0.968750,0.937500,0.937500,0.685771,5200
1991-10-01,0.937500,1.000000,0.937500,0.968750,0.708631,10000
1991-10-02,0.968750,0.968750,0.968750,0.968750,0.708631,0
1991-10-03,0.906250,0.937500,0.906250,0.937500,0.685771,10000
1991-10-04,0.968750,0.968750,0.906250,0.937500,0.685771,39200
1991-10-07,0.937500,0.937500,0.937500,0.937500,0.690374,0
1991-10-08,0.937500,0.937500,0.937500,0.937500,0.690374,0
1991-10-09,0.937500,0.937500,0.937500,0.937500,0.690374,400
1991-10-10,0.843750,0.937500,0.812500,0.875000,0.644349,14000
1991-10-11,0.906250,0.906250,0.906250,0.906250,0.667362,1600
1991-10-14,0.812500,0.906250,0.812500,0.906250,0.667362,2800
1991-10-15,0.812500,0.875000,0.812500,0.875000,0.644349,9200
1991-10-16,0.812500,0.937500,0.812500,0.875000,0.644349,28000
1991-10-17,0.875000,0.875000,0.812500,0.875000,0.644349,9200
1991-10-18,0.812500,0.906250,0.812500,0.812500,0.598324,18000
1991-10-21,0.812500,0.906250,0.812500,0.875000,0.644349,6000
1991-10-22,0.812500,0.906250,0.812500,0.906250,0.667362,4400
1991-10-23,0.906250,0.906250,0.906250,0.906250,0.667362,0
1991-10-24,0.890625,0.906250,0.890625,0.906250,0.667362,12000
1991-10-25,0.906250,0.906250,0.906250,0.906250,0.667362,400
1991-10-28,0.812500,0.812500,0.812500,0.812500,0.598324,1200
1991-10-29,0.812500,0.906250,0.812500,0.906250,0.667362,21200
1991-10-30,0.906250,0.906250,0.812500,0.843750,0.621337,7200
1991-10-31,0.906250,0.906250,0.906250,0.906250,0.667362,2000
1991-11-01,0.906250,0.906250,0.906250,0.906250,0.667362,0
1991-11-04,0.906250,0.906250,0.906250,0.906250,0.667362,0
1991-11-05,0.906250,0.906250,0.906250,0.906250,0.667362,0
1991-11-06,0.906250,0.906250,0.906250,0.906250,0.667362,3200
1991-11-07,0.812500,0.875000,0.750000,0.812500,0.598324,105600
1991-11-08,0.812500,0.812500,0.750000,0.812500,0.598324,4000
1991-11-11,0.812500,0.812500,0.750000,0.750000,0.552299,20400
1991-11-12,0.781250,0.781250,0.718750,0.750000,0.552299,26000
1991-11-13,0.781250,0.781250,0.718750,0.750000,0.552299,36400
1991-11-14,0.718750,0.781250,0.718750,0.781250,0.575312,3600
1991-11-15,0.718750,0.781250,0.718750,0.718750,0.529287,27200
1991-11-18,0.750000,0.781250,0.718750,0.781250,0.575312,12000
1991-11-19,0.718750,0.781250,0.718750,0.750000,0.552299,27600
1991-11-20,0.781250,0.875000,0.781250,0.843750,0.621337,62800
1991-11-21,0.796875,0.875000,0.796875,0.875000,0.644349,39600
1991-11-22,0.875000,0.875000,0.812500,0.843750,0.621337,31600
1991-11-25,0.812500,0.843750,0.812500,0.843750,0.621337,34400
1991-11-26,0.843750,0.843750,0.781250,0.812500,0.598324,77200
1991-11-27,0.812500,0.843750,0.812500,0.812500,0.598324,36400
1991-11-29,0.812500,0.843750,0.812500,0.843750,0.621337,29200
1991-12-02,0.812500,0.875000,0.812500,0.875000,0.644349,24400
1991-12-03,0.843750,0.875000,0.812500,0.875000,0.644349,18000
1991-12-04,0.812500,0.843750,0.812500,0.812500,0.598324,22000
1991-12-05,0.875000,0.875000,0.812500,0.812500,0.598324,6000
1991-12-06,0.812500,0.843750,0.812500,0.812500,0.598324,18000
1991-12-09,0.812500,0.812500,0.812500,0.812500,0.598324,2000
1991-12-10,0.812500,0.828125,0.812500,0.828125,0.609830,37600
1991-12-11,0.812500,0.843750,0.812500,0.843750,0.621337,24800
1991-12-12,0.843750,0.843750,0.812500,0.843750,0.621337,29200
1991-12-13,0.812500,0.843750,0.812500,0.843750,0.621337,9200
1991-12-16,0.812500,0.843750,0.812500,0.812500,0.598324,13200
1991-12-17,0.812500,0.843750,0.812500,0.812500,0.598324,51200
1991-12-18,0.812500,0.843750,0.812500,0.812500,0.598324,36400
1991-12-19,0.812500,0.875000,0.812500,0.875000,0.644349,26400
1991-12-20,0.875000,0.875000,0.812500,0.812500,0.598324,4800
1991-12-23,0.812500,0.812500,0.812500,0.812500,0.598324,19600
1991-12-24,0.812500,0.812500,0.812500,0.812500,0.598324,4400
1991-12-26,0.812500,0.812500,0.812500,0.812500,0.598324,12800
1991-12-27,0.812500,0.812500,0.812500,0.812500,0.602962,12000
1991-12-30,0.875000,0.875000,0.812500,0.812500,0.602962,227600
1991-12-31,0.812500,0.843750,0.718750,0.750000,0.556581,154400
1992-01-02,0.812500,0.812500,0.750000,0.812500,0.602962,3200
1992-01-03,0.750000,0.781250,0.750000,0.765625,0.568176,47200
1992-01-06,0.781250,0.781250,0.750000,0.750000,0.556581,11200
1992-01-07,0.781250,0.812500,0.781250,0.796875,0.591367,28400
1992-01-08,0.843750,0.843750,0.781250,0.812500,0.602962,7200
1992-01-09,0.843750,0.843750,0.781250,0.781250,0.579771,10400
1992-01-10,0.781250,0.781250,0.781250,0.781250,0.579771,4000
1992-01-13,0.750000,0.750000,0.750000,0.750000,0.556581,6400
1992-01-14,0.812500,0.843750,0.750000,0.750000,0.556581,12400
1992-01-15,0.750000,0.843750,0.750000,0.843750,0.626153,3200
1992-01-16,0.750000,0.828125,0.750000,0.828125,0.614558,13600
1992-01-17,0.828125,0.828125,0.828125,0.828125,0.614558,0
1992-01-20,0.750000,0.812500,0.750000,0.750000,0.556581,6000
1992-01-21,0.750000,0.812500,0.750000,0.812500,0.602962,12800
1992-01-22,0.843750,0.875000,0.765625,0.875000,0.649344,15200
1992-01-23,0.875000,0.875000,0.812500,0.843750,0.626153,14800
1992-01-24,0.812500,0.812500,0.812500,0.812500,0.602962,1200
1992-01-27,0.812500,0.812500,0.812500,0.812500,0.602962,0
1992-01-28,0.828125,0.828125,0.781250,0.796875,0.591367,48400
1992-01-29,0.812500,0.812500,0.812500,0.812500,0.602962,14800
1992-01-30,0.812500,0.843750,0.781250,0.843750,0.626153,110400
1992-01-31,0.875000,0.875000,0.781250,0.781250,0.579771,5600
1992-02-03,0.781250,0.875000,0.781250,0.812500,0.602962,22400
1992-02-04,0.812500,0.843750,0.812500,0.812500,0.602962,16800
1992-02-05,0.843750,0.843750,0.843750,0.843750,0.626153,4000
1992-02-06,0.843750,0.906250,0.843750,0.843750,0.626153,34400
1992-02-07,0.843750,0.843750,0.843750,0.843750,0.626153,11600
1992-02-10,0.906250,0.906250,0.843750,0.906250,0.672535,3200
1992-02-11,0.906250,0.906250,0.843750,0.875000,0.649344,19200
1992-02-12,0.875000,0.875000,0.875000,0.875000,0.649344,0
1992-02-13,0.843750,0.906250,0.843750,0.843750,0.626153,12000
1992-02-14,0.812500,0.843750,0.812500,0.812500,0.602962,24800
1992-02-18,0.812500,0.812500,0.812500,0.812500,0.602962,4000
1992-02-19,0.843750,0.843750,0.843750,0.843750,0.626153,400
1992-02-20,0.812500,0.875000,0.781250,0.843750,0.626153,40000
1992-02-21,0.875000,0.968750,0.875000,0.968750,0.718917,184400
1992-02-24,0.937500,0.937500,0.937500,0.937500,0.695726,12800
1992-02-25,0.937500,1.000000,0.937500,0.937500,0.695726,10800
1992-02-26,1.000000,1.000000,0.968750,0.968750,0.718917,13600
1992-02-27,1.031250,1.031250,1.000000,1.000000,0.742107,8000
1992-02-28,1.031250,1.031250,0.968750,0.968750,0.718917,45600
1992-03-02,0.953125,0.953125,0.937500,0.937500,0.695726,4400
1992-03-03,0.937500,0.937500,0.937500,0.937500,0.695726,6800
1992-03-04,0.906250,0.906250,0.875000,0.875000,0.649344,10400
1992-03-05,0.875000,0.937500,0.875000,0.875000,0.649344,14800
1992-03-06,0.906250,0.906250,0.906250,0.906250,0.672535,6800
1992-03-09,0.875000,0.875000,0.875000,0.875000,0.649344,4000
1992-03-10,0.843750,0.843750,0.843750,0.843750,0.626153,4400
1992-03-11,0.812500,0.875000,0.812500,0.875000,0.649344,68000
1992-03-12,0.812500,0.875000,0.781250,0.875000,0.649344,5200
1992-03-13,0.843750,0.843750,0.843750,0.843750,0.626153,2000
1992-03-16,0.812500,0.875000,0.812500,0.812500,0.602962,2800
1992-03-17,0.812500,0.828125,0.812500,0.828125,0.614558,12000
1992-03-18,0.812500,0.875000,0.812500,0.875000,0.649344,18800
1992-03-19,0.812500,0.812500,0.812500,0.812500,0.602962,800
1992-03-20,0.812500,0.875000,0.812500,0.875000,0.649344,2000
1992-03-23,0.812500,0.875000,0.812500,0.843750,0.626153,22000
1992-03-24,0.812500,0.875000,0.812500,0.875000,0.649344,2800
1992-03-25,0.812500,0.875000,0.812500,0.875000,0.649344,2000
1992-03-26,0.875000,0.875000,0.843750,0.843750,0.626153,11600
1992-03-27,0.812500,0.875000,0.812500,0.875000,0.649344,7600
1992-03-30,0.875000,0.875000,0.812500,0.812500,0.602962,7600
1992-03-31,0.812500,0.875000,0.812500,0.875000,0.649344,12800
1992-04-01,0.781250,0.812500,0.781250,0.781250,0.579771,10000
1992-04-02,0.843750,0.843750,0.781250,0.812500,0.602962,6800
1992-04-03,0.843750,0.843750,0.843750,0.843750,0.626153,5200
1992-04-06,0.781250,0.812500,0.750000,0.781250,0.584098,60400
1992-04-07,0.812500,0.843750,0.812500,0.843750,0.630826,30800
1992-04-08,0.843750,0.843750,0.843750,0.843750,0.630826,0
1992-04-09,0.843750,0.843750,0.843750,0.843750,0.630826,0
1992-04-10,0.843750,0.843750,0.843750,0.843750,0.630826,2400
1992-04-13,0.781250,0.843750,0.781250,0.843750,0.630826,9200
1992-04-14,0.781250,0.875000,0.781250,0.812500,0.607462,78400
1992-04-15,0.812500,0.812500,0.812500,0.812500,0.607462,4400
1992-04-16,0.828125,0.843750,0.812500,0.812500,0.607462,16000
1992-04-20,0.843750,0.843750,0.843750,0.843750,0.630826,8000
1992-04-21,0.843750,0.843750,0.781250,0.781250,0.584098,4400
1992-04-22,0.781250,0.781250,0.781250,0.781250,0.584098,30000
1992-04-23,0.765625,0.812500,0.765625,0.812500,0.607462,31200
1992-04-24,0.812500,0.812500,0.812500,0.812500,0.607462,0
1992-04-27,0.750000,0.781250,0.750000,0.765625,0.572416,14000
1992-04-28,0.750000,0.812500,0.750000,0.812500,0.607462,34400
1992-04-29,0.781250,0.781250,0.781250,0.781250,0.584098,400
1992-04-30,0.781250,0.781250,0.781250,0.781250,0.584098,0
1992-05-01,0.781250,0.812500,0.781250,0.812500,0.607462,12800
1992-05-04,0.843750,0.843750,0.828125,0.843750,0.630826,17600
1992-05-05,0.781250,0.781250,0.781250,0.781250,0.584098,400
1992-05-06,0.843750,0.843750,0.781250,0.781250,0.584098,3200
1992-05-07,0.781250,0.843750,0.781250,0.843750,0.630826,4800
1992-05-08,0.843750,0.843750,0.843750,0.843750,0.630826,0
1992-05-11,0.812500,0.875000,0.781250,0.875000,0.654190,6400
1992-05-12,0.812500,0.812500,0.812500,0.812500,0.607462,8800
1992-05-13,0.781250,0.875000,0.781250,0.875000,0.654190,3600
1992-05-14,0.781250,0.875000,0.781250,0.875000,0.654190,3600
1992-05-15,0.781250,0.843750,0.781250,0.843750,0.630826,7200
1992-05-18,0.843750,0.843750,0.781250,0.843750,0.630826,34000
1992-05-19,0.781250,0.812500,0.781250,0.812500,0.607462,3600
1992-05-20,0.781250,0.843750,0.781250,0.843750,0.630826,4800
1992-05-21,0.843750,0.843750,0.828125,0.828125,0.619144,6800
1992-05-22,0.828125,0.828125,0.828125,0.828125,0.619144,0
1992-05-26,0.875000,0.875000,0.781250,0.796875,0.595780,44400
1992-05-27,0.781250,0.812500,0.781250,0.812500,0.607462,38800
1992-05-28,0.812500,0.812500,0.812500,0.812500,0.607462,0
1992-05-29,0.843750,0.875000,0.812500,0.875000,0.654190,10400
1992-06-01,0.875000,0.875000,0.843750,0.843750,0.630826,4000
1992-06-02,0.843750,0.843750,0.843750,0.843750,0.630826,0
1992-06-03,0.781250,0.843750,0.781250,0.812500,0.607462,53600
1992-06-04,0.781250,0.812500,0.781250,0.781250,0.584098,15200
1992-06-05,0.781250,0.812500,0.781250,0.781250,0.584098,11600
1992-06-08,0.781250,0.781250,0.781250,0.781250,0.584098,5200
1992-06-09,0.843750,0.843750,0.843750,0.843750,0.630826,4000
1992-06-10,0.781250,0.781250,0.781250,0.781250,0.584098,2800
1992-06-11,0.781250,0.812500,0.781250,0.812500,0.607462,8800
1992-06-12,0.781250,0.843750,0.781250,0.843750,0.630826,3200
1992-06-15,0.843750,0.843750,0.781250,0.796875,0.595780,67200
1992-06-16,0.843750,0.843750,0.781250,0.812500,0.607462,18800
1992-06-17,0.812500,0.812500,0.812500,0.812500,0.607462,1600
1992-06-18,0.750000,0.781250,0.750000,0.781250,0.584098,4400
1992-06-19,0.843750,0.843750,0.750000,0.750000,0.560734,4400
1992-06-22,0.843750,0.843750,0.750000,0.750000,0.560734,56400
1992-06-23,0.750000,0.843750,0.750000,0.781250,0.584098,134800
1992-06-24,0.796875,0.812500,0.750000,0.750000,0.560734,28400
1992-06-25,0.843750,0.843750,0.843750,0.843750,0.630826,1200
1992-06-26,0.781250,0.812500,0.750000,0.812500,0.611995,27600
1992-06-29,0.843750,0.843750,0.750000,0.750000,0.564919,13600
1992-06-30,0.843750,0.843750,0.718750,0.812500,0.611995,141600
1992-07-01,0.812500,0.812500,0.812500,0.812500,0.611995,400
1992-07-02,0.781250,0.781250,0.718750,0.781250,0.588457,4400
1992-07-06,0.718750,0.812500,0.718750,0.812500,0.611995,13200
1992-07-07,0.718750,0.812500,0.718750,0.812500,0.611995,2000
1992-07-08,0.718750,0.781250,0.718750,0.718750,0.541380,40800
1992-07-09,0.750000,0.781250,0.750000,0.781250,0.588457,27200
1992-07-10,0.750000,0.750000,0.750000,0.750000,0.564919,6000
1992-07-13,0.750000,0.750000,0.750000,0.750000,0.564919,800
1992-07-14,0.750000,0.781250,0.750000,0.781250,0.588457,14400
1992-07-15,0.781250,0.812500,0.750000,0.750000,0.564919,41200
1992-07-16,0.750000,0.750000,0.750000,0.750000,0.564919,0
1992-07-17,0.750000,0.750000,0.750000,0.750000,0.564919,4400
1992-07-20,0.750000,0.781250,0.718750,0.781250,0.588457,5600
1992-07-21,0.781250,0.781250,0.765625,0.765625,0.576688,4400
1992-07-22,0.781250,0.781250,0.781250,0.781250,0.588457,400
1992-07-23,0.750000,0.750000,0.750000,0.750000,0.564919,1200
1992-07-24,0.781250,0.781250,0.781250,0.781250,0.588457,3600
1992-07-27,0.718750,0.781250,0.718750,0.781250,0.588457,3600
1992-07-28,0.750000,0.750000,0.718750,0.750000,0.564919,101200
1992-07-29,0.718750,0.750000,0.718750,0.750000,0.564919,46400
1992-07-30,0.718750,0.718750,0.656250,0.718750,0.541380,256000
1992-07-31,0.703125,0.718750,0.656250,0.718750,0.541380,82800
1992-08-03,0.718750,0.718750,0.656250,0.656250,0.494304,14400
1992-08-04,0.671875,0.687500,0.656250,0.656250,0.494304,37200
1992-08-05,0.656250,0.656250,0.656250,0.656250,0.494304,2000
1992-08-06,0.656250,0.718750,0.656250,0.718750,0.541380,75200
1992-08-07,0.718750,0.718750,0.687500,0.687500,0.517842,30800
1992-08-10,0.656250,0.718750,0.656250,0.718750,0.541380,34800
1992-08-11,0.656250,0.718750,0.625000,0.718750,0.541380,27600
1992-08-12,0.687500,0.687500,0.640625,0.640625,0.482535,11200
1992-08-13,0.625000,0.656250,0.593750,0.593750,0.447227,87200
1992-08-14,0.656250,0.656250,0.593750,0.656250,0.494304,28000
1992-08-17,0.656250,0.656250,0.593750,0.625000,0.470766,78400
1992-08-18,0.625000,0.625000,0.562500,0.562500,0.423689,114400
1992-08-19,0.625000,0.625000,0.562500,0.562500,0.423689,32000
1992-08-20,0.562500,0.562500,0.562500,0.562500,0.423689,1200
1992-08-21,0.625000,0.625000,0.593750,0.625000,0.470766,25600
1992-08-24,0.625000,0.625000,0.593750,0.593750,0.447227,14000
1992-08-25,0.625000,0.625000,0.593750,0.593750,0.447227,4800
1992-08-26,0.593750,0.593750,0.562500,0.578125,0.435458,11600
1992-08-27,0.625000,0.656250,0.593750,0.625000,0.470766,33600
1992-08-28,0.687500,0.687500,0.593750,0.593750,0.447227,800
1992-08-31,0.593750,0.750000,0.593750,0.656250,0.494304,117600
1992-09-01,0.750000,0.750000,0.750000,0.750000,0.564919,2000
1992-09-02,0.750000,0.750000,0.656250,0.687500,0.517842,29200
1992-09-03,0.750000,0.750000,0.718750,0.718750,0.541380,3600
1992-09-04,0.750000,0.750000,0.750000,0.750000,0.564919,8000
1992-09-08,0.750000,0.750000,0.718750,0.718750,0.541380,4400
1992-09-09,0.718750,0.750000,0.687500,0.687500,0.517842,29200
1992-09-10,0.687500,0.687500,0.687500,0.687500,0.517842,0
1992-09-11,0.750000,0.750000,0.750000,0.750000,0.564919,400
1992-09-14,0.687500,0.687500,0.687500,0.687500,0.517842,26000
1992-09-15,0.687500,0.687500,0.687500,0.687500,0.517842,0
1992-09-16,0.687500,0.718750,0.687500,0.718750,0.541380,14800
1992-09-17,0.687500,0.687500,0.687500,0.687500,0.517842,21600
1992-09-18,0.750000,0.750000,0.625000,0.625000,0.470766,33600
1992-09-21,0.625000,0.656250,0.625000,0.625000,0.470766,18000
1992-09-22,0.625000,0.625000,0.625000,0.625000,0.470766,0
1992-09-23,0.625000,0.687500,0.593750,0.593750,0.447227,20400
1992-09-24,0.687500,0.687500,0.687500,0.687500,0.517842,1200
1992-09-25,0.593750,0.656250,0.593750,0.656250,0.494304,7200
1992-09-28,0.625000,0.625000,0.562500,0.562500,0.423689,34800
1992-09-29,0.656250,0.656250,0.625000,0.625000,0.470766,5200
1992-09-30,0.562500,0.625000,0.562500,0.625000,0.470766,2800
1992-10-01,0.625000,0.625000,0.625000,0.625000,0.470766,0
1992-10-02,0.656250,0.656250,0.656250,0.656250,0.494304,400
1992-10-05,0.593750,0.593750,0.562500,0.593750,0.451528,17200
1992-10-06,0.562500,0.625000,0.562500,0.593750,0.451528,9600
1992-10-07,0.625000,0.625000,0.625000,0.625000,0.475292,15600
1992-10-08,0.562500,0.562500,0.562500,0.562500,0.427763,800
1992-10-09,0.593750,0.656250,0.593750,0.625000,0.475292,28000
1992-10-12,0.656250,0.656250,0.625000,0.656250,0.499057,14400
1992-10-13,0.593750,0.593750,0.593750,0.593750,0.451528,22000
1992-10-14,0.593750,0.593750,0.593750,0.593750,0.451528,10000
1992-10-15,0.593750,0.593750,0.593750,0.593750,0.451528,0
1992-10-16,0.593750,0.593750,0.593750,0.593750,0.451528,1200
1992-10-19,0.593750,0.656250,0.593750,0.656250,0.499057,2400
1992-10-20,0.625000,0.625000,0.625000,0.625000,0.475292,16400
1992-10-21,0.625000,0.656250,0.625000,0.656250,0.499057,5600
1992-10-22,0.625000,0.625000,0.625000,0.625000,0.475292,12000
1992-10-23,0.593750,0.593750,0.593750,0.593750,0.451528,10400
1992-10-26,0.593750,0.625000,0.593750,0.609375,0.463410,9600
1992-10-27,0.625000,0.625000,0.593750,0.609375,0.463410,16800
1992-10-28,0.593750,0.625000,0.593750,0.609375,0.463410,55200
1992-10-29,0.593750,0.593750,0.593750,0.593750,0.451528,6400
1992-10-30,0.562500,0.625000,0.562500,0.562500,0.427763,80400
1992-11-02,0.625000,0.625000,0.593750,0.593750,0.451528,14800
1992-11-03,0.625000,0.625000,0.562500,0.562500,0.427763,60400
1992-11-04,0.625000,0.625000,0.562500,0.562500,0.427763,6400
1992-11-05,0.562500,0.562500,0.562500,0.562500,0.427763,13200
1992-11-06,0.531250,0.625000,0.531250,0.531250,0.403998,69600
1992-11-09,0.625000,0.625000,0.531250,0.531250,0.403998,46800
1992-11-10,0.531250,0.531250,0.531250,0.531250,0.403998,0
1992-11-11,0.562500,0.625000,0.562500,0.593750,0.451528,61200
1992-11-12,0.625000,0.625000,0.562500,0.562500,0.427763,51200
1992-11-13,0.625000,0.625000,0.531250,0.625000,0.475292,65200
1992-11-16,0.531250,0.625000,0.531250,0.593750,0.451528,27600
1992-11-17,0.625000,0.625000,0.515625,0.593750,0.451528,71200
1992-11-18,0.531250,0.562500,0.531250,0.531250,0.403998,18400
1992-11-19,0.531250,0.625000,0.531250,0.593750,0.451528,100000
1992-11-20,0.562500,0.656250,0.562500,0.656250,0.499057,5200
1992-11-23,0.625000,0.656250,0.625000,0.625000,0.475292,33200
1992-11-24,0.593750,0.625000,0.593750,0.625000,0.475292,8800
1992-11-25,0.656250,0.656250,0.625000,0.640625,0.487175,23600
1992-11-27,0.640625,0.640625,0.640625,0.640625,0.487175,0
1992-11-30,0.625000,0.625000,0.625000,0.625000,0.475292,18800
1992-12-01,0.640625,0.640625,0.625000,0.625000,0.475292,13600
1992-12-02,0.593750,0.593750,0.593750,0.593750,0.451528,6000
1992-12-03,0.593750,0.687500,0.593750,0.593750,0.451528,48400
1992-12-04,0.593750,0.625000,0.593750,0.609375,0.463410,52000
1992-12-07,0.593750,0.656250,0.593750,0.656250,0.499057,68800
1992-12-08,0.625000,0.656250,0.625000,0.656250,0.499057,8400
1992-12-09,0.593750,0.656250,0.593750,0.593750,0.451528,30400
1992-12-10,0.593750,0.593750,0.593750,0.593750,0.451528,6000
1992-12-11,0.593750,0.593750,0.593750,0.593750,0.451528,6000
1992-12-14,0.593750,0.609375,0.593750,0.609375,0.463410,13600
1992-12-15,0.593750,0.593750,0.593750,0.593750,0.451528,2800
1992-12-16,0.593750,0.625000,0.593750,0.625000,0.475292,84000
1992-12-17,0.562500,0.625000,0.562500,0.625000,0.475292,23600
1992-12-18,0.562500,0.625000,0.562500,0.625000,0.475292,57600
1992-12-21,0.625000,0.625000,0.562500,0.562500,0.427763,4400
1992-12-22,0.562500,0.562500,0.562500,0.562500,0.427763,1600
1992-12-23,0.562500,0.625000,0.562500,0.593750,0.451528,63200
1992-12-24,0.562500,0.562500,0.562500,0.562500,0.432314,2400
1992-12-28,0.562500,0.562500,0.562500,0.562500,0.432314,400
1992-12-29,0.562500,0.593750,0.562500,0.562500,0.432314,113600
1992-12-30,0.562500,0.578125,0.562500,0.578125,0.444322,24000
1992-12-31,0.562500,0.593750,0.562500,0.593750,0.456331,197200
1993-01-04,0.625000,0.812500,0.562500,0.781250,0.600436,238800
1993-01-05,0.718750,0.875000,0.718750,0.750000,0.576418,142800
1993-01-06,0.750000,0.812500,0.750000,0.812500,0.624453,38000
1993-01-07,0.812500,0.812500,0.718750,0.718750,0.552401,54800
1993-01-08,0.718750,0.718750,0.718750,0.718750,0.552401,6800
1993-01-11,0.781250,0.781250,0.718750,0.750000,0.576418,15200
1993-01-12,0.718750,0.718750,0.718750,0.718750,0.552401,6400
1993-01-13,0.781250,0.781250,0.718750,0.718750,0.552401,8400
1993-01-14,0.781250,0.781250,0.750000,0.750000,0.576418,10000
1993-01-15,0.718750,0.781250,0.718750,0.781250,0.600436,12400
1993-01-18,0.718750,0.718750,0.718750,0.718750,0.552401,6000
1993-01-19,0.718750,0.781250,0.718750,0.781250,0.600436,16000
1993-01-20,0.781250,0.781250,0.718750,0.781250,0.600436,18800
1993-01-21,0.718750,0.718750,0.718750,0.718750,0.552401,1200
1993-01-22,0.750000,0.781250,0.750000,0.750000,0.576418,48800
1993-01-25,0.781250,0.812500,0.750000,0.812500,0.624453,41600
1993-01-26,0.812500,0.812500,0.765625,0.812500,0.624453,28400
1993-01-27,0.750000,0.750000,0.750000,0.750000,0.576418,43600
1993-01-28,0.718750,0.718750,0.718750,0.718750,0.552401,1600
1993-01-29,0.718750,0.750000,0.718750,0.734375,0.564409,14400
1993-02-01,0.718750,0.812500,0.718750,0.812500,0.624453,25200
1993-02-02,0.812500,0.812500,0.812500,0.812500,0.624453,0
1993-02-03,0.718750,0.718750,0.718750,0.718750,0.552401,400
1993-02-04,0.718750,0.781250,0.718750,0.781250,0.600436,17200
1993-02-05,0.718750,0.781250,0.718750,0.781250,0.600436,198800
1993-02-08,0.812500,0.812500,0.718750,0.781250,0.600436,86000
1993-02-09,0.781250,0.781250,0.781250,0.781250,0.600436,0
1993-02-10,0.750000,0.750000,0.750000,0.750000,0.576418,78400
1993-02-11,0.750000,0.750000,0.750000,0.750000,0.576418,0
1993-02-12,0.750000,0.750000,0.750000,0.750000,0.576418,0
1993-02-16,0.718750,0.781250,0.718750,0.718750,0.552401,29600
1993-02-17,0.687500,0.750000,0.687500,0.750000,0.576418,15600
1993-02-18,0.718750,0.750000,0.687500,0.687500,0.528383,22000
1993-02-19,0.625000,0.750000,0.625000,0.750000,0.576418,4000
1993-02-22,0.625000,0.750000,0.625000,0.625000,0.480349,10000
1993-02-23,0.625000,0.750000,0.625000,0.718750,0.552401,4400
1993-02-24,0.718750,0.718750,0.656250,0.687500,0.528383,15200
1993-02-25,0.625000,0.718750,0.625000,0.718750,0.552401,4000
1993-02-26,0.718750,0.718750,0.718750,0.718750,0.552401,0
1993-03-01,0.718750,0.718750,0.718750,0.718750,0.552401,4000
1993-03-02,0.687500,0.687500,0.656250,0.656250,0.504366,5600
1993-03-03,0.718750,0.718750,0.625000,0.625000,0.480349,63200
1993-03-04,0.687500,0.687500,0.640625,0.640625,0.492357,28000
1993-03-05,0.625000,0.640625,0.625000,0.640625,0.492357,29200
1993-03-08,0.625000,0.625000,0.625000,0.625000,0.480349,8400
1993-03-09,0.687500,0.687500,0.687500,0.687500,0.528383,400
1993-03-10,0.687500,0.687500,0.687500,0.687500,0.528383,13200
1993-03-11,0.687500,0.687500,0.687500,0.687500,0.528383,0
1993-03-12,0.625000,0.625000,0.625000,0.625000,0.480349,5200
1993-03-15,0.640625,0.656250,0.640625,0.656250,0.504366,11200
1993-03-16,0.687500,0.687500,0.687500,0.687500,0.528383,2000
1993-03-17,0.593750,0.593750,0.593750,0.593750,0.456331,1200
1993-03-18,0.687500,0.687500,0.593750,0.593750,0.456331,8000
1993-03-19,0.593750,0.593750,0.593750,0.593750,0.456331,800
1993-03-22,0.593750,0.687500,0.593750,0.593750,0.456331,8800
1993-03-23,0.593750,0.656250,0.593750,0.656250,0.504366,37600
1993-03-24,0.625000,0.687500,0.562500,0.593750,0.456331,104400
1993-03-25,0.593750,0.625000,0.562500,0.593750,0.456331,48800
1993-03-26,0.656250,0.656250,0.625000,0.625000,0.480349,8000
1993-03-29,0.687500,0.687500,0.593750,0.593750,0.456331,7600
1993-03-30,0.687500,0.687500,0.593750,0.593750,0.456331,1600
1993-03-31,0.687500,0.687500,0.625000,0.625000,0.480349,9200
1993-04-01,0.625000,0.781250,0.625000,0.718750,0.552401,176000
1993-04-02,0.687500,0.718750,0.687500,0.718750,0.557246,47200
1993-04-05,0.687500,0.750000,0.687500,0.687500,0.533018,114400
1993-04-06,0.750000,0.750000,0.734375,0.734375,0.569360,21200
1993-04-07,0.718750,0.781250,0.718750,0.718750,0.557246,35200
1993-04-08,0.781250,0.875000,0.750000,0.859375,0.666273,276000
1993-04-12,0.812500,0.843750,0.781250,0.843750,0.654159,171200
1993-04-13,0.812500,0.843750,0.812500,0.843750,0.654159,102400
1993-04-14,0.812500,0.812500,0.812500,0.812500,0.629931,12000
1993-04-15,0.812500,0.843750,0.812500,0.812500,0.629931,40000
1993-04-16,0.812500,0.843750,0.812500,0.843750,0.654159,12800
1993-04-19,0.812500,0.812500,0.812500,0.812500,0.629931,19200
1993-04-20,0.812500,0.875000,0.812500,0.875000,0.678387,11600
1993-04-21,0.812500,0.828125,0.812500,0.828125,0.642045,35200
1993-04-22,0.812500,0.812500,0.781250,0.781250,0.605703,12400
1993-04-23,0.781250,0.875000,0.781250,0.875000,0.678387,5600
1993-04-26,0.875000,0.875000,0.750000,0.750000,0.581475,39600
1993-04-27,0.750000,0.812500,0.750000,0.750000,0.581475,40000
1993-04-28,0.750000,0.750000,0.750000,0.750000,0.581475,6800
1993-04-29,0.812500,0.812500,0.750000,0.750000,0.581475,3200
1993-04-30,0.765625,0.765625,0.750000,0.750000,0.581475,6800
1993-05-03,0.781250,0.781250,0.750000,0.750000,0.581475,2400
1993-05-04,0.750000,0.843750,0.750000,0.843750,0.654159,72000
1993-05-05,0.812500,0.828125,0.781250,0.812500,0.629931,27600
1993-05-06,0.875000,0.875000,0.781250,0.843750,0.654159,5600
1993-05-07,0.843750,0.843750,0.843750,0.843750,0.654159,0
1993-05-10,0.781250,0.781250,0.781250,0.781250,0.605703,8400
1993-05-11,0.781250,0.843750,0.781250,0.812500,0.629931,22800
1993-05-12,0.812500,0.812500,0.812500,0.812500,0.629931,0
1993-05-13,0.812500,0.812500,0.750000,0.781250,0.605703,86000
1993-05-14,0.750000,0.812500,0.750000,0.796875,0.617817,83200
1993-05-17,0.812500,0.843750,0.812500,0.812500,0.629931,35600
1993-05-18,0.875000,0.968750,0.812500,0.906250,0.702615,397600
1993-05-19,1.000000,1.000000,0.906250,0.921875,0.714729,132000
1993-05-20,0.937500,0.968750,0.906250,0.968750,0.751071,67200
1993-05-21,0.906250,0.968750,0.906250,0.968750,0.751071,61200
1993-05-24,0.906250,0.968750,0.906250,0.968750,0.751071,1200
1993-05-25,0.906250,0.968750,0.906250,0.937500,0.726843,98800
1993-05-26,1.000000,1.062500,0.937500,1.000000,0.775299,237200
1993-05-27,1.125000,1.125000,1.000000,1.000000,0.775299,7200
1993-05-28,1.093750,1.093750,0.937500,0.937500,0.726843,63600
1993-06-01,1.031250,1.031250,0.937500,1.000000,0.775299,22000
1993-06-02,0.937500,1.000000,0.937500,1.000000,0.775299,3200
1993-06-03,0.968750,1.000000,0.968750,1.000000,0.775299,17600
1993-06-04,0.937500,0.968750,0.906250,0.968750,0.751071,10400
1993-06-07,0.968750,0.968750,0.906250,0.968750,0.751071,36800
1993-06-08,0.937500,1.031250,0.937500,0.937500,0.726843,23600
1993-06-09,1.000000,1.000000,0.906250,0.906250,0.702615,18000
1993-06-10,0.906250,0.968750,0.875000,0.875000,0.678387,28400
1993-06-11,0.968750,0.968750,0.906250,0.906250,0.702615,8000
1993-06-14,0.968750,0.968750,0.937500,0.937500,0.726843,4800
1993-06-15,0.906250,0.937500,0.906250,0.906250,0.702615,5200
1993-06-16,0.906250,0.906250,0.906250,0.906250,0.702615,2400
1993-06-17,0.843750,0.937500,0.843750,0.937500,0.726843,6400
1993-06-18,0.937500,0.937500,0.937500,0.937500,0.726843,0
1993-06-21,0.937500,1.000000,0.875000,1.000000,0.775299,149200
1993-06-22,1.031250,1.031250,0.968750,1.031250,0.799527,139200
1993-06-23,1.031250,1.031250,0.937500,0.937500,0.726843,22000
1993-06-24,0.937500,1.000000,0.937500,1.000000,0.775299,81600
1993-06-25,1.000000,1.031250,0.984375,1.000000,0.775299,85600
1993-06-28,1.031250,1.031250,1.000000,1.031250,0.799527,46400
1993-06-29,1.031250,1.093750,1.000000,1.031250,0.799527,176400
1993-06-30,1.000000,1.062500,1.000000,1.062500,0.823756,81200
1993-07-01,1.093750,1.093750,1.031250,1.031250,0.799527,83600
1993-07-02,1.031250,1.031250,1.031250,1.031250,0.799527,6400
1993-07-06,1.093750,1.093750,0.968750,1.031250,0.799527,130400
1993-07-07,0.968750,1.000000,0.906250,0.968750,0.751071,49200
1993-07-08,0.968750,0.968750,0.875000,0.875000,0.678387,7200
1993-07-09,0.968750,0.968750,0.937500,0.937500,0.726843,14800
1993-07-12,0.875000,0.875000,0.875000,0.875000,0.678387,8400
1993-07-13,0.875000,0.875000,0.875000,0.875000,0.678387,4000
1993-07-14,0.875000,0.875000,0.875000,0.875000,0.678387,1200
1993-07-15,0.875000,0.968750,0.875000,0.875000,0.678387,32400
1993-07-16,0.875000,0.875000,0.875000,0.875000,0.678387,400
1993-07-19,0.875000,0.968750,0.875000,0.968750,0.751071,12400
1993-07-20,0.968750,1.000000,0.937500,0.968750,0.751071,92000
1993-07-21,1.031250,1.062500,1.000000,1.062500,0.823756,105200
1993-07-22,1.000000,1.015625,0.968750,0.968750,0.751071,133600
1993-07-23,1.031250,1.031250,1.000000,1.031250,0.799527,36800
1993-07-26,1.000000,1.000000,1.000000,1.000000,0.775299,16000
1993-07-27,0.968750,0.968750,0.968750,0.968750,0.751071,8800
1993-07-28,1.062500,1.062500,0.968750,1.062500,0.823756,29600
1993-07-29,1.062500,1.062500,1.062500,1.062500,0.823756,400
1993-07-30,1.000000,1.062500,1.000000,1.062500,0.823756,8800
1993-08-02,1.000000,1.062500,1.000000,1.062500,0.823756,1200
1993-08-03,1.000000,1.000000,1.000000,1.000000,0.775299,3200
1993-08-04,1.000000,1.000000,1.000000,1.000000,0.775299,1600
1993-08-05,1.000000,1.031250,1.000000,1.031250,0.799527,10800
1993-08-06,1.031250,1.031250,1.031250,1.031250,0.799527,0
1993-08-09,1.000000,1.062500,0.968750,1.000000,0.775299,28400
1993-08-10,1.031250,1.031250,1.000000,1.031250,0.799527,2000
1993-08-11,1.000000,1.031250,1.000000,1.031250,0.799527,9600
1993-08-12,1.000000,1.000000,1.000000,1.000000,0.775299,8400
1993-08-13,1.062500,1.062500,1.062500,1.062500,0.823756,5200
1993-08-16,1.000000,1.000000,1.000000,1.000000,0.775299,2000
1993-08-17,1.000000,1.000000,1.000000,1.000000,0.775299,5200
1993-08-18,1.000000,1.031250,0.968750,0.968750,0.751071,13200
1993-08-19,0.968750,1.062500,0.968750,1.062500,0.823756,1200
1993-08-20,1.062500,1.093750,1.000000,1.000000,0.775299,87600
1993-08-23,1.000000,1.000000,0.968750,0.968750,0.751071,16800
1993-08-24,1.000000,1.000000,1.000000,1.000000,0.775299,4400
1993-08-25,1.031250,1.031250,0.968750,0.968750,0.751071,6800
1993-08-26,0.968750,0.968750,0.968750,0.968750,0.751071,0
1993-08-27,0.968750,1.000000,0.968750,1.000000,0.775299,19600
1993-08-30,1.031250,1.031250,0.968750,0.968750,0.751071,8800
1993-08-31,0.968750,1.000000,0.968750,1.000000,0.775299,23200
1993-09-01,1.000000,1.000000,1.000000,1.000000,0.775299,0
1993-09-02,0.937500,1.000000,0.937500,0.968750,0.751071,23600
1993-09-03,0.937500,1.000000,0.937500,1.000000,0.775299,6800
1993-09-07,1.000000,1.000000,1.000000,1.000000,0.775299,0
1993-09-08,0.937500,0.968750,0.937500,0.968750,0.751071,28000
1993-09-09,0.906250,0.968750,0.906250,0.968750,0.751071,1600
1993-09-10,0.968750,0.968750,0.968750,0.968750,0.751071,0
1993-09-13,0.968750,0.968750,0.968750,0.968750,0.751071,3600
1993-09-14,0.906250,0.906250,0.906250,0.906250,0.702615,2000
1993-09-15,0.968750,0.968750,0.890625,0.921875,0.714729,426400
1993-09-16,0.921875,0.921875,0.921875,0.921875,0.714729,42000
1993-09-17,1.000000,1.000000,0.875000,0.968750,0.751071,8000
1993-09-20,0.968750,0.968750,0.875000,0.875000,0.678387,27200
1993-09-21,0.875000,0.875000,0.875000,0.875000,0.678387,22000
1993-09-22,0.906250,0.968750,0.875000,0.968750,0.751071,70400
1993-09-23,1.000000,1.062500,0.937500,1.062500,0.823756,280800
1993-09-24,1.062500,1.093750,1.000000,1.046875,0.811642,249600
1993-09-27,1.093750,1.093750,1.031250,1.093750,0.847984,120800
1993-09-28,1.093750,1.093750,1.031250,1.093750,0.847984,142400
1993-09-29,1.031250,1.093750,1.031250,1.062500,0.823756,112400
1993-09-30,1.093750,1.093750,1.031250,1.093750,0.847984,181200
1993-10-01,1.031250,1.156250,1.031250,1.109375,0.860098,306000
1993-10-04,1.156250,1.187500,1.093750,1.093750,0.847984,136800
1993-10-05,1.187500,1.187500,1.093750,1.093750,0.847984,25600
1993-10-06,1.187500,1.187500,1.093750,1.093750,0.847984,47600
1993-10-07,1.187500,1.187500,1.062500,1.078125,0.835870,78800
1993-10-08,1.062500,1.125000,1.062500,1.125000,0.872212,6800
1993-10-11,1.062500,1.125000,1.062500,1.125000,0.872212,11200
1993-10-12,1.062500,1.062500,1.062500,1.062500,0.823756,19200
1993-10-13,1.125000,1.125000,1.093750,1.093750,0.847984,7600
1993-10-14,1.062500,1.125000,1.062500,1.062500,0.823756,35200
1993-10-15,1.062500,1.125000,1.000000,1.000000,0.775299,64000
1993-10-18,1.000000,1.093750,1.000000,1.000000,0.775299,46400
1993-10-19,1.062500,1.062500,0.984375,1.062500,0.823756,32800
1993-10-20,1.000000,1.062500,0.968750,0.968750,0.751071,53200
1993-10-21,1.031250,1.031250,0.937500,0.937500,0.726843,42000
1993-10-22,0.937500,0.937500,0.906250,0.906250,0.702615,24400
1993-10-25,0.906250,0.937500,0.906250,0.937500,0.726843,6800
1993-10-26,0.921875,0.921875,0.921875,0.921875,0.714729,10400
1993-10-27,0.906250,0.968750,0.906250,0.906250,0.702615,18000
1993-10-28,0.937500,0.968750,0.875000,0.968750,0.751071,30000
1993-10-29,0.937500,0.968750,0.906250,0.906250,0.702615,16800
1993-11-01,0.875000,1.000000,0.875000,0.968750,0.751071,94400
1993-11-02,1.031250,1.031250,1.000000,1.031250,0.799527,43200
1993-11-03,0.968750,1.000000,0.968750,1.000000,0.775299,41200
1993-11-04,1.062500,1.062500,1.015625,1.062500,0.823756,50400
1993-11-05,1.062500,1.062500,1.000000,1.062500,0.823756,7600
1993-11-08,0.968750,1.062500,0.968750,1.062500,0.823756,1600
1993-11-09,1.062500,1.062500,1.000000,1.031250,0.799527,29200
1993-11-10,1.000000,1.031250,1.000000,1.000000,0.775299,26000
1993-11-11,1.000000,1.062500,1.000000,1.031250,0.799527,42800
1993-11-12,1.000000,1.000000,1.000000,1.000000,0.775299,400
1993-11-15,0.968750,1.031250,0.968750,1.031250,0.799527,8400
1993-11-16,1.031250,1.031250,0.968750,1.000000,0.775299,18800
1993-11-17,0.968750,1.000000,0.968750,0.984375,0.763185,5200
1993-11-18,0.968750,1.000000,0.968750,0.984375,0.763185,58400
1993-11-19,0.968750,1.000000,0.968750,0.968750,0.751071,15600
1993-11-22,0.968750,0.968750,0.937500,0.937500,0.726843,29600
1993-11-23,0.937500,1.000000,0.937500,0.984375,0.763185,50000
1993-11-24,1.031250,1.031250,0.937500,1.031250,0.799527,40000
1993-11-26,1.031250,1.031250,1.031250,1.031250,0.799527,0
1993-11-29,0.937500,1.031250,0.937500,0.968750,0.751071,24800
1993-11-30,1.000000,1.000000,0.937500,0.968750,0.751071,41200
1993-12-01,0.937500,1.031250,0.937500,1.031250,0.799527,8400
1993-12-02,0.937500,1.031250,0.937500,0.937500,0.726843,3200
1993-12-03,1.031250,1.031250,0.937500,0.968750,0.751071,36000
1993-12-06,1.000000,1.046875,1.000000,1.000000,0.775299,75200
1993-12-07,1.000000,1.062500,1.000000,1.000000,0.775299,22400
1993-12-08,1.000000,1.093750,1.000000,1.093750,0.847984,59200
1993-12-09,1.093750,1.125000,1.000000,1.031250,0.799527,246000
1993-12-10,1.125000,1.125000,1.031250,1.062500,0.823756,14800
1993-12-13,1.062500,1.125000,1.062500,1.125000,0.872212,32400
1993-12-14,1.062500,1.062500,1.062500,1.062500,0.823756,8400
1993-12-15,1.062500,1.312500,1.062500,1.281250,0.993352,347200
1993-12-16,1.406250,1.406250,1.312500,1.406250,1.090265,282800
1993-12-17,1.406250,1.406250,1.250000,1.312500,1.017580,215200
1993-12-20,1.312500,1.312500,1.218750,1.312500,1.017580,58800
1993-12-21,1.312500,1.375000,1.218750,1.281250,0.993352,300400
1993-12-22,1.281250,1.312500,1.218750,1.312500,1.017580,66000
1993-12-23,1.312500,1.312500,1.218750,1.312500,1.017580,61600
1993-12-27,1.218750,1.312500,1.187500,1.250000,0.969124,89600
1993-12-28,1.187500,1.250000,1.125000,1.218750,0.944896,65600
1993-12-29,1.187500,1.250000,1.093750,1.171875,0.908554,28400
1993-12-30,1.156250,1.218750,1.156250,1.218750,0.944896,36800
1993-12-31,1.250000,1.250000,1.250000,1.250000,0.969124,2800
1994-01-03,1.250000,1.250000,1.187500,1.187500,0.920668,25600
1994-01-04,1.250000,1.250000,1.250000,1.250000,0.969124,8000
1994-01-05,1.250000,1.250000,1.187500,1.218750,0.944896,23600
1994-01-06,1.250000,1.250000,1.187500,1.187500,0.920668,42000
1994-01-07,1.281250,1.281250,1.187500,1.250000,0.969124,61200
1994-01-10,1.250000,1.250000,1.187500,1.218750,0.944896,42800
1994-01-11,1.187500,1.250000,1.187500,1.250000,0.969124,122000
1994-01-12,1.250000,1.250000,1.187500,1.187500,0.920668,6800
1994-01-13,1.187500,1.281250,1.187500,1.250000,0.969124,61200
1994-01-14,1.281250,1.281250,1.218750,1.281250,0.993352,39600
1994-01-17,1.281250,1.281250,1.250000,1.281250,0.993352,97200
1994-01-18,1.250000,1.281250,1.250000,1.250000,0.969124,58800
1994-01-19,1.250000,1.250000,1.250000,1.250000,0.969124,128800
1994-01-20,1.250000,1.265625,1.250000,1.250000,0.969124,37600
1994-01-21,1.250000,1.281250,1.250000,1.265625,0.981238,27600
1994-01-24,1.250000,1.281250,1.250000,1.265625,0.981238,26400
1994-01-25,1.281250,1.281250,1.218750,1.281250,0.993352,150000
1994-01-26,1.312500,1.468750,1.218750,1.406250,1.090265,410400
1994-01-27,1.437500,1.468750,1.375000,1.468750,1.138721,166400
1994-01-28,1.468750,1.531250,1.437500,1.437500,1.114492,157600
1994-01-31,1.531250,1.562500,1.437500,1.562500,1.211406,130000
1994-02-01,1.562500,1.562500,1.437500,1.500000,1.162949,40800
1994-02-02,1.562500,1.562500,1.468750,1.562500,1.211406,32800
1994-02-03,1.562500,1.625000,1.500000,1.593750,1.235633,241200
1994-02-04,1.531250,1.562500,1.500000,1.500000,1.162949,318400
1994-02-07,1.468750,1.531250,1.468750,1.531250,1.187177,186400
1994-02-08,1.562500,1.625000,1.531250,1.625000,1.259862,100400
1994-02-09,1.625000,1.625000,1.531250,1.531250,1.187177,42000
1994-02-10,1.625000,1.625000,1.562500,1.625000,1.259862,94800
1994-02-11,1.625000,1.625000,1.562500,1.562500,1.211406,27200
1994-02-14,1.625000,1.656250,1.593750,1.593750,1.235633,53200
1994-02-15,1.656250,1.656250,1.593750,1.593750,1.235633,41600
1994-02-16,1.593750,1.656250,1.593750,1.625000,1.259862,69200
1994-02-17,1.625000,1.625000,1.562500,1.625000,1.259862,21600
1994-02-18,1.562500,1.625000,1.468750,1.468750,1.138721,159600
1994-02-22,1.500000,1.531250,1.437500,1.531250,1.187177,53200
1994-02-23,1.531250,1.593750,1.500000,1.593750,1.235633,14800
1994-02-24,1.500000,1.593750,1.500000,1.531250,1.187177,10800
1994-02-25,1.500000,1.531250,1.500000,1.500000,1.162949,12400
1994-02-28,1.593750,1.593750,1.500000,1.593750,1.235633,32800
1994-03-01,1.500000,1.593750,1.500000,1.500000,1.162949,79600
1994-03-02,1.531250,1.531250,1.437500,1.437500,1.114492,76400
1994-03-03,1.500000,1.500000,1.406250,1.453125,1.126607,22000
1994-03-04,1.500000,1.500000,1.406250,1.500000,1.162949,27600
1994-03-07,1.500000,1.500000,1.406250,1.406250,1.093911,4400
1994-03-08,1.500000,1.500000,1.406250,1.406250,1.093911,11600
1994-03-09,1.406250,1.500000,1.406250,1.406250,1.093911,28000
1994-03-10,1.406250,1.468750,1.406250,1.437500,1.118220,14800
1994-03-11,1.468750,1.500000,1.406250,1.406250,1.093911,13200
1994-03-14,1.406250,1.500000,1.406250,1.500000,1.166838,28800
1994-03-15,1.531250,1.531250,1.468750,1.468750,1.142529,22000
1994-03-16,1.468750,1.468750,1.468750,1.468750,1.142529,7200
1994-03-17,1.468750,1.468750,1.468750,1.468750,1.142529,0
1994-03-18,1.468750,1.531250,1.468750,1.531250,1.191148,67200
1994-03-21,1.500000,1.531250,1.500000,1.531250,1.191148,40400
1994-03-22,1.500000,1.531250,1.500000,1.531250,1.191148,67200
1994-03-23,1.468750,1.531250,1.468750,1.531250,1.191148,26000
1994-03-24,1.531250,1.562500,1.500000,1.500000,1.166838,105600
1994-03-25,1.500000,1.562500,1.500000,1.500000,1.166838,31200
1994-03-28,1.500000,1.500000,1.312500,1.375000,1.069602,220000
1994-03-29,1.375000,1.375000,1.312500,1.312500,1.020983,126000
1994-03-30,1.343750,1.343750,1.312500,1.343750,1.045293,37200
1994-03-31,1.312500,1.375000,1.312500,1.375000,1.069602,22000
1994-04-04,1.281250,1.343750,1.281250,1.343750,1.045293,12800
1994-04-05,1.343750,1.406250,1.281250,1.406250,1.093911,406000
1994-04-06,1.281250,1.406250,1.281250,1.406250,1.093911,3200
1994-04-07,1.406250,1.406250,1.375000,1.406250,1.093911,6000
1994-04-08,1.406250,1.406250,1.281250,1.375000,1.069602,60000
1994-04-11,1.312500,1.406250,1.312500,1.312500,1.020983,8000
1994-04-12,1.406250,1.406250,1.312500,1.312500,1.020983,18400
1994-04-13,1.312500,1.343750,1.312500,1.312500,1.020983,21200
1994-04-14,1.312500,1.375000,1.312500,1.375000,1.069602,43600
1994-04-15,1.375000,1.375000,1.312500,1.312500,1.020983,13200
1994-04-18,1.312500,1.343750,1.312500,1.343750,1.045293,34000
1994-04-19,1.312500,1.343750,1.312500,1.343750,1.045293,119200
1994-04-20,1.312500,1.312500,1.312500,1.312500,1.020983,1600
1994-04-21,1.312500,1.343750,1.312500,1.343750,1.045293,14000
1994-04-22,1.312500,1.375000,1.312500,1.343750,1.045293,50000
1994-04-25,1.375000,1.375000,1.312500,1.312500,1.020983,2000
1994-04-26,1.375000,1.375000,1.312500,1.375000,1.069602,20400
1994-04-28,1.375000,1.375000,1.375000,1.375000,1.069602,800
1994-04-29,1.312500,1.375000,1.312500,1.312500,1.020983,14800
1994-05-02,1.375000,1.375000,1.375000,1.375000,1.069602,5600
1994-05-03,1.312500,1.375000,1.312500,1.312500,1.020983,11200
1994-05-04,1.343750,1.343750,1.312500,1.312500,1.020983,28800
1994-05-05,1.312500,1.343750,1.312500,1.343750,1.045293,17600
1994-05-06,1.312500,1.343750,1.312500,1.343750,1.045293,44400
1994-05-09,1.312500,1.343750,1.312500,1.343750,1.045293,26400
1994-05-10,1.343750,1.406250,1.312500,1.375000,1.069602,81200
1994-05-11,1.343750,1.375000,1.343750,1.375000,1.069602,8000
1994-05-12,1.343750,1.406250,1.343750,1.375000,1.069602,72000
1994-05-13,1.406250,1.406250,1.343750,1.343750,1.045293,15600
1994-05-16,1.343750,1.406250,1.343750,1.406250,1.093911,64400
1994-05-17,1.343750,1.406250,1.343750,1.406250,1.093911,88400
1994-05-18,1.343750,1.375000,1.343750,1.343750,1.045293,10800
1994-05-19,1.343750,1.343750,1.218750,1.218750,0.948056,87600
1994-05-20,1.218750,1.250000,1.156250,1.187500,0.923747,169200
1994-05-23,1.187500,1.187500,1.187500,1.187500,0.923747,5200
1994-05-24,1.187500,1.187500,1.187500,1.187500,0.923747,25200
1994-05-25,1.187500,1.250000,1.187500,1.250000,0.972365,101600
1994-05-26,1.250000,1.296875,1.250000,1.250000,0.972365,29600
1994-05-27,1.281250,1.375000,1.281250,1.375000,1.069602,3200
1994-05-31,1.281250,1.281250,1.281250,1.281250,0.996675,1600
1994-06-01,1.312500,1.312500,1.312500,1.312500,1.020983,12000
1994-06-02,1.312500,1.375000,1.312500,1.375000,1.069602,4800
1994-06-03,1.375000,1.375000,1.312500,1.312500,1.020983,1600
1994-06-06,1.312500,1.343750,1.312500,1.343750,1.045293,202400
1994-06-07,1.312500,1.312500,1.281250,1.312500,1.020983,55600
1994-06-08,1.281250,1.281250,1.281250,1.281250,0.996675,27200
1994-06-09,1.312500,1.312500,1.281250,1.281250,0.996675,41600
1994-06-10,1.281250,1.281250,1.281250,1.281250,0.996675,11200
1994-06-13,1.250000,1.312500,1.250000,1.250000,0.972365,6000
1994-06-14,1.250000,1.281250,1.250000,1.281250,0.996675,8800
1994-06-15,1.281250,1.281250,1.218750,1.218750,0.948056,18000
1994-06-16,1.218750,1.218750,1.218750,1.218750,0.948056,6000
1994-06-17,1.218750,1.250000,1.218750,1.218750,0.948056,23600
1994-06-20,1.218750,1.250000,1.218750,1.218750,0.948056,8400
1994-06-21,1.218750,1.218750,1.218750,1.218750,0.948056,1200
1994-06-22,1.218750,1.312500,1.218750,1.312500,1.020983,81600
1994-06-23,1.312500,1.312500,1.250000,1.312500,1.020983,36400
1994-06-24,1.281250,1.281250,1.250000,1.281250,0.996675,14000
1994-06-27,1.250000,1.250000,1.250000,1.250000,0.972365,5600
1994-06-28,1.250000,1.250000,1.250000,1.250000,0.972365,3600
1994-06-29,1.250000,1.312500,1.250000,1.312500,1.020983,15600
1994-06-30,1.250000,1.312500,1.250000,1.312500,1.020983,1600
1994-07-01,1.250000,1.312500,1.250000,1.250000,0.972365,20400
1994-07-05,1.312500,1.312500,1.250000,1.312500,1.020983,67600
1994-07-06,1.218750,1.218750,1.218750,1.218750,0.948056,5600
1994-07-07,1.312500,1.312500,1.250000,1.312500,1.020983,18800
1994-07-08,1.312500,1.312500,1.312500,1.312500,1.020983,0
1994-07-11,1.312500,1.312500,1.312500,1.312500,1.020983,0
1994-07-12,1.312500,1.312500,1.250000,1.281250,0.996675,24400
1994-07-13,1.312500,1.343750,1.218750,1.343750,1.045293,124000
1994-07-14,1.343750,1.375000,1.281250,1.375000,1.069602,61600
1994-07-15,1.312500,1.312500,1.281250,1.312500,1.020983,104400
1994-07-18,1.281250,1.281250,1.250000,1.250000,0.972365,6000
1994-07-19,1.312500,1.312500,1.250000,1.250000,0.972365,10400
1994-07-20,1.250000,1.281250,1.250000,1.281250,0.996675,26000
1994-07-21,1.218750,1.218750,1.218750,1.218750,0.948056,4000
1994-07-22,1.281250,1.281250,1.250000,1.250000,0.972365,1600
1994-07-25,1.187500,1.281250,1.187500,1.281250,0.996675,1200
1994-07-26,1.281250,1.281250,1.281250,1.281250,0.996675,0
1994-07-27,1.187500,1.218750,1.187500,1.187500,0.923747,4400
1994-07-28,1.187500,1.250000,1.187500,1.187500,0.923747,7200
1994-07-29,1.187500,1.281250,1.187500,1.218750,0.948056,5600
1994-08-01,1.187500,1.187500,1.187500,1.187500,0.923747,5600
1994-08-02,1.187500,1.187500,1.187500,1.187500,0.923747,400
1994-08-03,1.281250,1.343750,1.218750,1.312500,1.020983,37600
1994-08-04,1.312500,1.312500,1.203125,1.250000,0.972365,38400
1994-08-05,1.281250,1.281250,1.187500,1.218750,0.948056,8800
1994-08-08,1.281250,1.281250,1.250000,1.250000,0.972365,7200
1994-08-09,1.187500,1.218750,1.156250,1.156250,0.899438,44000
1994-08-10,1.250000,1.250000,1.250000,1.250000,0.972365,4800
1994-08-11,1.156250,1.218750,1.156250,1.156250,0.899438,18000
1994-08-12,1.156250,1.156250,1.156250,1.156250,0.899438,1200
1994-08-15,1.250000,1.281250,1.187500,1.234375,0.960211,48400
1994-08-16,1.187500,1.250000,1.187500,1.250000,0.972365,17600
1994-08-17,1.234375,1.281250,1.234375,1.281250,0.996675,8000
1994-08-18,1.218750,1.281250,1.187500,1.187500,0.923747,36400
1994-08-19,1.234375,1.281250,1.187500,1.281250,0.996675,8400
1994-08-22,1.203125,1.203125,1.203125,1.203125,0.935902,3600
1994-08-23,1.203125,1.203125,1.203125,1.203125,0.935902,0
1994-08-24,1.203125,1.250000,1.156250,1.250000,0.972365,43200
1994-08-25,1.156250,1.250000,1.156250,1.156250,0.899438,16000
1994-08-26,1.218750,1.218750,1.218750,1.218750,0.948056,800
1994-08-29,1.156250,1.156250,1.156250,1.156250,0.899438,1600
1994-08-30,1.156250,1.156250,1.156250,1.156250,0.899438,1200
1994-08-31,1.218750,1.218750,1.156250,1.156250,0.899438,62000
1994-09-01,1.156250,1.187500,1.156250,1.156250,0.899438,8400
1994-09-02,1.156250,1.187500,1.156250,1.187500,0.923747,6400
1994-09-06,1.156250,1.187500,1.156250,1.156250,0.899438,10000
1994-09-07,1.187500,1.187500,1.156250,1.156250,0.899438,116400
1994-09-08,1.250000,1.281250,1.187500,1.265625,0.984520,102000
1994-09-09,1.187500,1.187500,1.187500,1.187500,0.923747,2400
1994-09-12,1.187500,1.234375,1.187500,1.218750,0.948056,17200
1994-09-13,1.218750,1.218750,1.218750,1.218750,0.948056,0
1994-09-14,1.218750,1.218750,1.218750,1.218750,0.948056,4000
1994-09-15,1.187500,1.187500,1.187500,1.187500,0.923747,16400
1994-09-16,1.187500,1.187500,1.187500,1.187500,0.923747,19200
1994-09-19,1.156250,1.156250,1.156250,1.156250,0.899438,4000
1994-09-20,1.156250,1.187500,1.093750,1.109375,0.862974,72400
1994-09-21,1.156250,1.187500,1.093750,1.125000,0.875129,33200
1994-09-22,1.156250,1.156250,1.125000,1.125000,0.875129,4400
1994-09-23,1.125000,1.125000,1.125000,1.125000,0.875129,400
1994-09-26,1.125000,1.187500,1.125000,1.187500,0.923747,9200
1994-09-27,1.187500,1.187500,1.187500,1.187500,0.923747,1200
1994-09-28,1.187500,1.187500,1.187500,1.187500,0.923747,0
1994-09-29,1.125000,1.125000,1.125000,1.125000,0.875129,3600
1994-09-30,1.187500,1.187500,1.140625,1.140625,0.887283,14400
1994-10-03,1.093750,1.187500,1.093750,1.093750,0.850820,1600
1994-10-04,1.093750,1.125000,1.093750,1.093750,0.850820,36000
1994-10-05,1.093750,1.125000,1.093750,1.125000,0.875129,44000
1994-10-06,1.062500,1.125000,1.062500,1.125000,0.875129,5200
1994-10-07,1.062500,1.125000,1.062500,1.125000,0.875129,4000
1994-10-10,1.125000,1.125000,1.125000,1.125000,0.875129,4000
1994-10-11,1.125000,1.125000,1.093750,1.093750,0.850820,30000
1994-10-12,1.156250,1.156250,1.093750,1.093750,0.850820,10400
1994-10-13,1.156250,1.156250,1.093750,1.093750,0.850820,37200
1994-10-14,1.156250,1.156250,1.093750,1.093750,0.850820,4800
1994-10-17,1.093750,1.125000,1.093750,1.109375,0.862974,16000
1994-10-18,1.093750,1.156250,1.093750,1.156250,0.899438,6400
1994-10-19,1.093750,1.156250,1.093750,1.156250,0.899438,6000
1994-10-20,1.156250,1.156250,1.093750,1.125000,0.875129,17200
1994-10-21,1.093750,1.125000,1.093750,1.125000,0.875129,8800
1994-10-24,1.093750,1.093750,1.093750,1.093750,0.850820,6400
1994-10-25,1.093750,1.093750,1.093750,1.093750,0.850820,0
1994-10-26,1.156250,1.156250,1.093750,1.125000,0.875129,22400
1994-10-27,1.093750,1.187500,1.093750,1.140625,0.887283,44000
1994-10-28,1.093750,1.093750,1.093750,1.093750,0.850820,2400
1994-10-31,1.093750,1.125000,1.093750,1.125000,0.875129,28800
1994-11-01,1.093750,1.125000,1.093750,1.093750,0.850820,12400
1994-11-02,1.156250,1.156250,1.156250,1.156250,0.899438,4000
1994-11-03,1.156250,1.156250,1.156250,1.156250,0.899438,0
1994-11-04,1.093750,1.156250,1.093750,1.156250,0.899438,8000
1994-11-07,1.156250,1.156250,1.125000,1.156250,0.899438,10800
1994-11-08,1.156250,1.156250,1.031250,1.031250,0.802201,50800
1994-11-09,1.031250,1.125000,1.031250,1.125000,0.875129,18800
1994-11-10,1.031250,1.031250,1.031250,1.031250,0.802201,800
1994-11-11,1.031250,1.062500,1.031250,1.031250,0.802201,22000
1994-11-14,1.031250,1.031250,1.031250,1.031250,0.802201,2800
1994-11-15,1.125000,1.125000,1.078125,1.093750,0.850820,37600
1994-11-16,1.093750,1.093750,1.031250,1.031250,0.802201,6800
1994-11-17,1.125000,1.125000,1.125000,1.125000,0.875129,4000
1994-11-18,1.125000,1.125000,1.125000,1.125000,0.875129,0
1994-11-21,1.062500,1.125000,1.062500,1.062500,0.826511,18000
1994-11-22,1.062500,1.125000,1.062500,1.062500,0.826511,10400
1994-11-23,1.062500,1.062500,1.062500,1.062500,0.826511,0
1994-11-25,1.062500,1.062500,1.062500,1.062500,0.826511,2800
1994-11-28,1.031250,1.031250,1.031250,1.031250,0.802201,3600
1994-11-29,1.031250,1.078125,1.031250,1.062500,0.826511,17200
1994-11-30,1.031250,1.031250,1.031250,1.031250,0.802201,8000
1994-12-01,1.093750,1.125000,1.031250,1.125000,0.875129,14800
1994-12-02,1.031250,1.031250,1.031250,1.031250,0.802201,3200
1994-12-05,1.031250,1.031250,1.031250,1.031250,0.802201,5200
1994-12-06,1.062500,1.093750,1.031250,1.031250,0.802201,20400
1994-12-07,1.078125,1.078125,1.031250,1.031250,0.802201,12000
1994-12-08,1.062500,1.062500,1.000000,1.062500,0.826511,58000
1994-12-09,1.062500,1.062500,1.000000,1.031250,0.802201,24000
1994-12-12,1.062500,1.062500,1.062500,1.062500,0.826511,1200
1994-12-13,1.000000,1.000000,0.968750,0.968750,0.753583,5200
1994-12-14,0.968750,1.062500,0.968750,1.062500,0.826511,28000
1994-12-15,0.968750,1.062500,0.968750,1.062500,0.826511,2400
1994-12-16,0.968750,1.062500,0.968750,0.984375,0.765738,13200
1994-12-19,1.062500,1.062500,0.968750,1.000000,0.777892,8000
1994-12-20,0.968750,1.000000,0.968750,1.000000,0.777892,6800
1994-12-21,0.968750,0.968750,0.968750,0.968750,0.753583,2400
1994-12-22,0.968750,1.031250,0.968750,1.031250,0.802201,9600
1994-12-23,0.968750,1.093750,0.968750,1.093750,0.850820,12400
1994-12-27,1.000000,1.093750,1.000000,1.062500,0.826511,24400
1994-12-28,1.015625,1.062500,1.000000,1.062500,0.826511,15600
1994-12-29,1.000000,1.062500,1.000000,1.031250,0.802201,22400
1994-12-30,0.968750,1.000000,0.968750,0.968750,0.753583,79200
1995-01-03,1.062500,1.062500,0.968750,0.968750,0.753583,10800
1995-01-04,1.062500,1.062500,1.031250,1.031250,0.802201,8400
1995-01-05,1.062500,1.062500,1.062500,1.062500,0.826511,2000
1995-01-06,1.062500,1.062500,1.062500,1.062500,0.826511,0
1995-01-09,0.968750,1.031250,0.968750,0.968750,0.753583,30000
1995-01-10,1.062500,1.062500,0.968750,1.003906,0.780931,36800
1995-01-11,0.968750,1.000000,0.968750,0.968750,0.753583,6800
1995-01-12,0.968750,0.968750,0.968750,0.968750,0.753583,0
1995-01-13,0.968750,1.000000,0.968750,0.968750,0.753583,6400
1995-01-16,0.968750,0.968750,0.968750,0.968750,0.753583,2400
1995-01-17,0.968750,1.125000,0.968750,1.062500,0.826511,139200
1995-01-18,1.093750,1.156250,1.062500,1.125000,0.875129,18800
1995-01-19,1.062500,1.156250,1.062500,1.093750,0.850820,21200
1995-01-20,1.062500,1.156250,1.062500,1.093750,0.850820,10000
1995-01-23,1.109375,1.156250,1.062500,1.156250,0.899438,18800
1995-01-24,1.062500,1.250000,1.062500,1.156250,0.899438,76400
1995-01-25,1.125000,1.250000,1.125000,1.156250,0.899438,4400
1995-01-26,1.250000,1.250000,1.156250,1.187500,0.923747,3600
1995-01-27,1.156250,1.187500,1.156250,1.156250,0.899438,16000
1995-01-30,1.156250,1.171875,1.156250,1.171875,0.911593,27600
1995-01-31,1.156250,1.250000,1.156250,1.250000,0.972365,110400
1995-02-01,1.250000,1.250000,1.250000,1.250000,0.972365,8000
1995-02-02,1.250000,1.250000,1.250000,1.250000,0.972365,0
1995-02-03,1.250000,1.250000,1.156250,1.156250,0.899438,82000
1995-02-06,1.250000,1.250000,1.250000,1.250000,0.972365,3200
1995-02-07,1.250000,1.250000,1.250000,1.250000,0.972365,0
1995-02-08,1.156250,1.187500,1.156250,1.187500,0.923747,86400
1995-02-09,1.156250,1.156250,1.156250,1.156250,0.899438,13200
1995-02-10,1.156250,1.156250,1.156250,1.156250,0.899438,44400
1995-02-13,1.187500,1.187500,1.156250,1.156250,0.899438,11600
1995-02-14,1.125000,1.125000,1.093750,1.093750,0.850820,34400
1995-02-15,1.062500,1.140625,1.062500,1.140625,0.887283,8400
1995-02-16,1.156250,1.156250,1.062500,1.156250,0.899438,19600
1995-02-17,1.140625,1.140625,1.140625,1.140625,0.887283,8000
1995-02-21,1.109375,1.125000,1.109375,1.109375,0.862974,8000
1995-02-22,1.062500,1.109375,1.062500,1.109375,0.862974,7600
1995-02-23,1.062500,1.125000,1.062500,1.062500,0.826511,35600
1995-02-24,1.125000,1.125000,1.062500,1.062500,0.826511,15200
1995-02-27,1.062500,1.125000,1.062500,1.062500,0.826511,12000
1995-02-28,1.062500,1.062500,1.062500,1.062500,0.826511,8000
1995-03-01,1.062500,1.125000,1.062500,1.093750,0.850820,14000
1995-03-02,1.062500,1.062500,1.062500,1.062500,0.826511,40400
1995-03-03,1.062500,1.062500,1.062500,1.062500,0.826511,0
1995-03-06,1.062500,1.062500,1.000000,1.000000,0.781570,20800
1995-03-07,1.000000,1.000000,1.000000,1.000000,0.781570,3600
1995-03-08,1.093750,1.093750,1.000000,1.000000,0.781570,24400
1995-03-09,1.000000,1.000000,1.000000,1.000000,0.781570,2400
1995-03-10,1.000000,1.000000,1.000000,1.000000,0.781570,2400
1995-03-13,1.000000,1.031250,0.968750,1.031250,0.805994,90000
1995-03-14,1.031250,1.031250,1.031250,1.031250,0.805994,0
1995-03-15,1.031250,1.031250,0.968750,0.968750,0.757146,32000
1995-03-16,0.968750,0.968750,0.968750,0.968750,0.757146,20000
1995-03-17,1.000000,1.000000,0.968750,0.968750,0.757146,3200
1995-03-20,0.968750,0.968750,0.968750,0.968750,0.757146,0
1995-03-21,0.968750,1.000000,0.968750,1.000000,0.781570,31200
1995-03-22,1.000000,1.000000,0.968750,0.968750,0.757146,34400
1995-03-23,1.000000,1.000000,0.984375,0.984375,0.769358,43600
1995-03-24,0.968750,0.968750,0.968750,0.968750,0.757146,11200
1995-03-27,0.968750,0.968750,0.937500,0.968750,0.757146,39600
1995-03-28,0.937500,1.031250,0.937500,0.937500,0.732722,18000
1995-03-29,0.937500,0.968750,0.937500,0.968750,0.757146,6000
1995-03-30,0.937500,1.015625,0.937500,0.937500,0.732722,22400
1995-03-31,1.031250,1.031250,1.000000,1.000000,0.781570,11600
1995-04-03,1.031250,1.031250,0.937500,0.937500,0.732722,61200
1995-04-04,1.000000,1.000000,0.875000,0.906250,0.708298,60800
1995-04-05,0.968750,0.968750,0.875000,0.875000,0.683874,19200
1995-04-06,0.875000,0.875000,0.875000,0.875000,0.683874,2000
1995-04-07,0.875000,0.968750,0.875000,0.968750,0.757146,18000
1995-04-10,0.875000,0.968750,0.875000,0.875000,0.683874,38400
1995-04-11,0.968750,0.968750,0.921875,0.968750,0.757146,8800
1995-04-12,0.875000,0.906250,0.875000,0.906250,0.708298,4000
1995-04-13,0.906250,0.906250,0.906250,0.906250,0.708298,8800
1995-04-17,0.937500,0.968750,0.937500,0.953125,0.744934,27600
1995-04-18,0.968750,0.968750,0.937500,0.968750,0.757146,80000
1995-04-19,0.968750,0.968750,0.968750,0.968750,0.757146,0
1995-04-20,0.937500,0.937500,0.937500,0.937500,0.732722,7200
1995-04-21,1.000000,1.000000,0.937500,0.937500,0.732722,6400
1995-04-24,1.000000,1.000000,0.937500,0.937500,0.732722,15200
1995-04-25,1.000000,1.000000,0.937500,0.937500,0.732722,9200
1995-04-26,0.937500,0.937500,0.937500,0.937500,0.732722,5600
1995-04-27,0.937500,0.937500,0.937500,0.937500,0.732722,16000
1995-04-28,0.968750,0.968750,0.968750,0.968750,0.757146,8000
1995-05-01,1.000000,1.000000,0.968750,0.968750,0.757146,4400
1995-05-02,1.000000,1.000000,0.937500,0.953125,0.744934,15200
1995-05-03,0.937500,0.937500,0.937500,0.937500,0.732722,2000
1995-05-04,1.000000,1.000000,0.937500,0.937500,0.732722,12000
1995-05-05,0.937500,0.937500,0.937500,0.937500,0.732722,2400
1995-05-08,0.937500,0.937500,0.937500,0.937500,0.732722,8800
1995-05-09,1.000000,1.000000,0.937500,0.968750,0.757146,7600
1995-05-10,0.937500,1.000000,0.937500,1.000000,0.781570,15600
1995-05-11,0.937500,0.968750,0.937500,0.968750,0.757146,18000
1995-05-12,1.000000,1.000000,0.937500,0.937500,0.732722,9600
1995-05-15,0.937500,0.937500,0.937500,0.937500,0.732722,18000
1995-05-16,0.937500,0.968750,0.937500,0.968750,0.757146,8800
1995-05-17,0.937500,0.937500,0.906250,0.906250,0.708298,20800
1995-05-18,0.968750,0.968750,0.906250,0.906250,0.708298,14800
1995-05-19,0.914063,0.937500,0.875000,0.875000,0.683874,57600
1995-05-22,0.875000,0.875000,0.875000,0.875000,0.683874,7600
1995-05-23,0.882813,0.882813,0.875000,0.875000,0.683874,23200
1995-05-24,0.875000,0.906250,0.875000,0.890625,0.696086,43200
1995-05-25,0.890625,0.890625,0.890625,0.890625,0.696086,0
1995-05-26,0.890625,0.890625,0.890625,0.890625,0.696086,0
1995-05-30,0.875000,0.875000,0.875000,0.875000,0.683874,11200
1995-05-31,0.906250,0.906250,0.875000,0.875000,0.683874,7600
1995-06-01,0.875000,0.906250,0.875000,0.906250,0.708298,38800
1995-06-02,0.875000,0.906250,0.843750,0.843750,0.659450,38400
1995-06-05,0.843750,0.875000,0.843750,0.843750,0.659450,36800
1995-06-06,0.843750,0.906250,0.843750,0.875000,0.683874,14800
1995-06-07,0.859375,0.906250,0.843750,0.843750,0.659450,68800
1995-06-08,0.875000,0.890625,0.875000,0.890625,0.696086,28400
1995-06-09,0.843750,0.906250,0.843750,0.906250,0.708298,3200
1995-06-12,0.843750,0.875000,0.843750,0.875000,0.683874,8800
1995-06-13,0.843750,0.843750,0.843750,0.843750,0.659450,1200
1995-06-14,0.843750,0.875000,0.843750,0.875000,0.683874,10000
1995-06-15,0.875000,0.875000,0.843750,0.843750,0.659450,16800
1995-06-16,0.906250,0.906250,0.906250,0.906250,0.708298,6000
1995-06-19,0.843750,0.906250,0.843750,0.906250,0.708298,6000
1995-06-20,0.843750,0.843750,0.843750,0.843750,0.659450,1200
1995-06-21,0.843750,0.875000,0.843750,0.875000,0.683874,12800
1995-06-22,0.906250,0.906250,0.906250,0.906250,0.708298,10800
1995-06-23,0.843750,0.906250,0.843750,0.906250,0.708298,10800
1995-06-26,0.843750,0.906250,0.843750,0.882813,0.689980,77200
1995-06-27,0.875000,0.875000,0.843750,0.843750,0.659450,47600
1995-06-28,0.843750,0.875000,0.812500,0.812500,0.635026,135600
1995-06-29,0.875000,0.875000,0.843750,0.843750,0.659450,70000
1995-06-30,0.875000,0.875000,0.812500,0.812500,0.635026,251200
1995-07-03,0.843750,0.843750,0.843750,0.843750,0.659450,7600
1995-07-05,0.812500,0.843750,0.812500,0.843750,0.659450,68000
1995-07-06,0.812500,0.875000,0.812500,0.875000,0.683874,17200
1995-07-07,0.875000,0.875000,0.875000,0.875000,0.683874,20400
1995-07-10,0.812500,0.812500,0.812500,0.812500,0.635026,800
1995-07-11,0.812500,0.812500,0.812500,0.812500,0.635026,400
1995-07-12,0.812500,0.812500,0.812500,0.812500,0.635026,0
1995-07-13,0.812500,0.812500,0.812500,0.812500,0.635026,2000
1995-07-14,0.812500,0.875000,0.812500,0.871094,0.680821,44000
1995-07-17,0.875000,0.890625,0.812500,0.875000,0.683874,20000
1995-07-18,0.812500,0.875000,0.812500,0.875000,0.683874,69200
1995-07-19,0.875000,0.875000,0.875000,0.875000,0.683874,0
1995-07-20,0.875000,0.875000,0.781250,0.781250,0.610602,10800
1995-07-21,0.875000,0.875000,0.781250,0.781250,0.610602,73200
1995-07-24,0.781250,0.781250,0.781250,0.781250,0.610602,0
1995-07-25,0.875000,0.875000,0.812500,0.812500,0.635026,1600
1995-07-26,0.812500,0.812500,0.812500,0.812500,0.635026,14000
1995-07-27,0.812500,0.843750,0.812500,0.843750,0.659450,4400
1995-07-28,0.812500,0.812500,0.812500,0.812500,0.635026,6400
1995-07-31,0.812500,0.875000,0.812500,0.875000,0.683874,103200
1995-08-01,0.937500,0.968750,0.875000,0.906250,0.708298,51600
1995-08-02,0.875000,0.968750,0.875000,0.875000,0.683874,15600
1995-08-03,0.906250,0.937500,0.906250,0.937500,0.732722,4000
1995-08-04,0.875000,0.937500,0.875000,0.906250,0.708298,40800
1995-08-07,0.906250,0.906250,0.906250,0.906250,0.708298,0
1995-08-08,0.937500,0.937500,0.875000,0.875000,0.683874,18000
1995-08-09,0.875000,0.875000,0.875000,0.875000,0.683874,400
1995-08-10,0.937500,0.937500,0.937500,0.937500,0.732722,800
1995-08-11,0.875000,0.875000,0.875000,0.875000,0.683874,11600
1995-08-14,0.875000,0.875000,0.875000,0.875000,0.683874,4800
1995-08-15,0.843750,0.875000,0.843750,0.875000,0.683874,1600
1995-08-16,0.843750,0.843750,0.843750,0.843750,0.659450,2400
1995-08-17,0.843750,0.843750,0.843750,0.843750,0.659450,0
1995-08-18,0.937500,0.937500,0.843750,0.890625,0.696086,20400
1995-08-21,0.843750,0.843750,0.843750,0.843750,0.659450,1200
1995-08-22,0.937500,0.937500,0.843750,0.890625,0.696086,12800
1995-08-23,0.890625,0.890625,0.890625,0.890625,0.696086,0
1995-08-24,0.843750,0.890625,0.843750,0.875000,0.683874,32400
1995-08-25,0.843750,0.875000,0.843750,0.843750,0.659450,28800
1995-08-28,0.843750,0.875000,0.843750,0.843750,0.659450,30800
1995-08-29,0.906250,0.937500,0.875000,0.875000,0.683874,49200
1995-08-30,0.875000,0.875000,0.875000,0.875000,0.683874,9200
1995-08-31,0.875000,0.875000,0.875000,0.875000,0.683874,0
1995-09-01,0.875000,0.875000,0.875000,0.875000,0.683874,16000
1995-09-05,0.906250,0.906250,0.906250,0.906250,0.708298,4000
1995-09-06,0.968750,1.031250,0.906250,1.031250,0.805994,98800
1995-09-07,0.968750,1.031250,0.937500,0.968750,0.757146,70400
1995-09-08,0.937500,1.000000,0.937500,0.937500,0.732722,28400
1995-09-11,1.000000,1.000000,1.000000,1.000000,0.781570,4400
1995-09-12,1.000000,1.000000,0.968750,1.000000,0.781570,32800
1995-09-13,0.968750,1.000000,0.968750,0.968750,0.757146,14800
1995-09-14,0.937500,0.968750,0.906250,0.906250,0.708298,88000
1995-09-15,0.875000,0.906250,0.875000,0.906250,0.708298,2800
1995-09-18,0.875000,0.968750,0.875000,0.906250,0.708298,16000
1995-09-19,0.875000,0.875000,0.875000,0.875000,0.683874,2400
1995-09-20,0.968750,0.968750,0.906250,0.937500,0.732722,54000
1995-09-21,0.968750,0.968750,0.968750,0.968750,0.757146,12800
1995-09-22,0.968750,0.968750,0.953125,0.968750,0.757146,12400
1995-09-25,0.937500,0.937500,0.937500,0.937500,0.732722,8000
1995-09-26,0.937500,0.968750,0.937500,0.953125,0.744934,47600
1995-09-27,0.937500,0.937500,0.937500,0.937500,0.732722,11600
1995-09-28,0.968750,0.968750,0.968750,0.968750,0.757146,2000
1995-09-29,0.937500,0.937500,0.937500,0.937500,0.732722,400
1995-10-02,0.937500,0.953125,0.937500,0.953125,0.744934,24000
1995-10-03,0.937500,0.953125,0.937500,0.937500,0.732722,7200
1995-10-04,0.937500,0.937500,0.937500,0.937500,0.732722,2000
1995-10-05,0.953125,0.953125,0.937500,0.937500,0.732722,8800
1995-10-06,0.937500,0.968750,0.937500,0.968750,0.757146,12800
1995-10-09,0.937500,0.968750,0.906250,0.968750,0.757146,97200
1995-10-10,0.875000,0.937500,0.875000,0.875000,0.683874,10400
1995-10-11,0.937500,0.937500,0.875000,0.875000,0.683874,10000
1995-10-12,0.906250,0.906250,0.875000,0.906250,0.708298,67200
1995-10-13,0.890625,0.906250,0.875000,0.875000,0.683874,84000
1995-10-16,0.906250,0.906250,0.875000,0.875000,0.683874,61600
1995-10-17,0.875000,0.875000,0.875000,0.875000,0.683874,6800
1995-10-18,0.875000,0.875000,0.875000,0.875000,0.683874,8800
1995-10-19,0.875000,0.875000,0.875000,0.875000,0.683874,18800
1995-10-20,0.906250,0.906250,0.875000,0.875000,0.683874,17200
1995-10-23,0.875000,0.875000,0.875000,0.875000,0.683874,8000
1995-10-24,0.875000,0.906250,0.843750,0.843750,0.659450,108000
1995-10-25,0.875000,0.906250,0.875000,0.906250,0.708298,20000
1995-10-26,0.906250,0.906250,0.875000,0.875000,0.683874,2400
1995-10-27,0.843750,0.906250,0.843750,0.875000,0.683874,15600
1995-10-30,0.843750,0.906250,0.843750,0.906250,0.708298,10400
1995-10-31,0.843750,0.843750,0.843750,0.843750,0.659450,6400
1995-11-01,0.843750,0.875000,0.812500,0.859375,0.671662,42400
1995-11-02,0.812500,0.875000,0.812500,0.875000,0.683874,8000
1995-11-03,0.843750,0.843750,0.843750,0.843750,0.659450,800
1995-11-06,0.843750,0.843750,0.843750,0.843750,0.659450,4000
1995-11-07,0.875000,0.937500,0.875000,0.890625,0.696086,16400
1995-11-08,0.875000,0.937500,0.875000,0.875000,0.683874,5600
1995-11-09,0.875000,0.875000,0.875000,0.875000,0.683874,9200
1995-11-10,0.875000,0.875000,0.875000,0.875000,0.683874,800
1995-11-13,0.875000,0.875000,0.843750,0.843750,0.659450,24400
1995-11-14,0.843750,0.875000,0.843750,0.843750,0.659450,20800
1995-11-15,0.843750,0.875000,0.843750,0.843750,0.659450,8800
1995-11-16,0.906250,0.906250,0.843750,0.906250,0.708298,17600
1995-11-17,0.843750,0.875000,0.843750,0.875000,0.683874,10400
1995-11-20,0.843750,0.906250,0.843750,0.906250,0.708298,20000
1995-11-21,0.906250,0.906250,0.906250,0.906250,0.708298,800
1995-11-22,0.843750,0.843750,0.843750,0.843750,0.659450,8400
1995-11-24,0.843750,0.843750,0.843750,0.843750,0.659450,2000
1995-11-27,0.843750,0.843750,0.843750,0.843750,0.659450,0
1995-11-28,0.843750,0.906250,0.843750,0.843750,0.659450,13600
1995-11-29,0.843750,0.906250,0.843750,0.875000,0.683874,38000
1995-11-30,0.906250,0.906250,0.843750,0.875000,0.683874,74800
1995-12-01,0.875000,0.937500,0.875000,0.937500,0.732722,19600
1995-12-04,0.906250,1.031250,0.906250,1.000000,0.781570,158400
1995-12-05,1.031250,1.031250,0.953125,0.984375,0.769358,27200
1995-12-06,0.953125,0.953125,0.953125,0.953125,0.744934,800
1995-12-07,0.968750,1.031250,0.953125,0.953125,0.744934,6800
1995-12-08,0.953125,1.031250,0.953125,0.968750,0.757146,22800
1995-12-11,0.937500,1.031250,0.937500,0.984375,0.769358,27600
1995-12-12,0.937500,0.984375,0.937500,0.984375,0.769358,24400
1995-12-13,0.937500,1.093750,0.937500,1.062500,0.830419,382800
1995-12-14,1.093750,1.093750,1.000000,1.015625,0.793783,25600
1995-12-15,1.000000,1.000000,1.000000,1.000000,0.781570,5200
1995-12-18,1.000000,1.031250,0.906250,0.906250,0.708298,72000
1995-12-19,0.968750,1.000000,0.968750,1.000000,0.781570,9200
1995-12-20,0.953125,0.953125,0.906250,0.906250,0.708298,42400
1995-12-21,1.000000,1.000000,0.906250,0.968750,0.757146,60000
1995-12-22,0.968750,1.218750,0.968750,1.218750,0.952539,196000
1995-12-26,1.218750,1.281250,1.187500,1.250000,0.976963,97200
1995-12-27,1.156250,1.218750,1.156250,1.156250,0.903691,4000
1995-12-28,1.156250,1.218750,1.156250,1.156250,0.903691,58800
1995-12-29,1.250000,1.250000,1.156250,1.250000,0.976963,21200
1996-01-02,1.250000,1.250000,1.156250,1.187500,0.928115,33200
1996-01-03,1.187500,1.296875,1.187500,1.281250,1.001387,128000
1996-01-04,1.343750,1.343750,1.187500,1.187500,0.928115,122800
1996-01-05,1.187500,1.187500,1.187500,1.187500,0.928115,10800
1996-01-08,1.187500,1.250000,1.156250,1.218750,0.952539,62800
1996-01-09,1.250000,1.250000,1.156250,1.187500,0.928115,81200
1996-01-10,1.156250,1.156250,1.156250,1.156250,0.903691,8000
1996-01-11,1.156250,1.156250,1.156250,1.156250,0.903691,0
1996-01-12,1.203125,1.203125,1.203125,1.203125,0.940327,8000
1996-01-15,1.156250,1.171875,1.156250,1.171875,0.915903,49600
1996-01-16,1.156250,1.156250,1.156250,1.156250,0.903691,18400
1996-01-17,1.156250,1.250000,1.156250,1.187500,0.928115,16000
1996-01-18,1.156250,1.156250,1.156250,1.156250,0.903691,800
1996-01-19,1.156250,1.156250,1.156250,1.156250,0.903691,28000
1996-01-22,1.125000,1.156250,1.125000,1.140625,0.891479,58400
1996-01-23,1.183594,1.183594,1.183594,1.183594,0.925062,800
1996-01-24,1.187500,1.187500,1.125000,1.125000,0.879267,32800
1996-01-25,1.093750,1.156250,1.093750,1.156250,0.903691,47600
1996-01-26,1.093750,1.156250,1.093750,1.156250,0.903691,9600
1996-01-29,1.093750,1.125000,1.093750,1.125000,0.879267,10000
1996-01-30,1.093750,1.093750,1.093750,1.093750,0.854843,400
1996-01-31,1.093750,1.156250,1.093750,1.156250,0.903691,22000
1996-02-01,1.156250,1.156250,1.093750,1.156250,0.903691,40800
1996-02-02,1.125000,1.187500,1.125000,1.187500,0.928115,42000
1996-02-05,1.093750,1.187500,1.093750,1.156250,0.903691,13200
1996-02-06,1.125000,1.125000,1.125000,1.125000,0.879267,400
1996-02-07,1.125000,1.125000,1.125000,1.125000,0.879267,1600
1996-02-08,1.125000,1.125000,1.125000,1.125000,0.879267,800
1996-02-09,1.125000,1.140625,1.125000,1.125000,0.879267,12000
1996-02-12,1.125000,1.183594,1.093750,1.156250,0.903691,153600
1996-02-13,1.187500,1.187500,1.125000,1.125000,0.879267,800
1996-02-14,1.125000,1.183594,1.125000,1.125000,0.879267,14000
1996-02-15,1.125000,1.125000,1.125000,1.125000,0.879267,2000
1996-02-16,1.187500,1.218750,1.187500,1.218750,0.952539,36400
1996-02-20,1.156250,1.203125,1.156250,1.187500,0.928115,13600
1996-02-21,1.250000,1.250000,1.218750,1.218750,0.952539,28800
1996-02-22,1.187500,1.218750,1.187500,1.187500,0.928115,54800
1996-02-23,1.187500,1.187500,1.187500,1.187500,0.928115,8000
1996-02-26,1.156250,1.156250,1.156250,1.156250,0.903691,17200
1996-02-27,1.156250,1.156250,1.156250,1.156250,0.903691,47600
1996-02-28,1.125000,1.125000,1.125000,1.125000,0.879267,2000
1996-02-29,1.125000,1.125000,1.125000,1.125000,0.879267,0
1996-03-01,1.125000,1.187500,1.125000,1.187500,0.928115,64000
1996-03-04,1.125000,1.125000,1.125000,1.125000,0.879267,6000
1996-03-05,1.125000,1.218750,1.125000,1.218750,0.952539,800
1996-03-06,1.218750,1.218750,1.156250,1.156250,0.903691,39600
1996-03-07,1.218750,1.218750,1.140625,1.140625,0.891479,9200
1996-03-08,1.187500,1.187500,1.187500,1.187500,0.928115,1200
1996-03-11,1.187500,1.187500,1.093750,1.156250,0.903691,20800
1996-03-12,1.156250,1.156250,1.156250,1.156250,0.903691,0
1996-03-13,1.125000,1.156250,1.093750,1.093750,0.860424,8800
1996-03-14,1.187500,1.187500,1.156250,1.187500,0.934174,17200
1996-03-15,1.187500,1.281250,1.156250,1.218750,0.958758,133600
1996-03-18,1.281250,1.281250,1.203125,1.250000,0.983341,44400
1996-03-19,1.187500,1.250000,1.187500,1.218750,0.958758,64400
1996-03-20,1.218750,1.281250,1.218750,1.218750,0.958758,82400
1996-03-21,1.250000,1.281250,1.218750,1.250000,0.983341,178400
1996-03-22,1.281250,1.281250,1.218750,1.250000,0.983341,163600
1996-03-25,1.250000,1.312500,1.187500,1.203125,0.946466,409600
1996-03-26,1.191406,1.281250,1.156250,1.156250,0.909591,30000
1996-03-27,1.156250,1.250000,1.156250,1.156250,0.909591,24000
1996-03-28,1.125000,1.218750,1.093750,1.093750,0.860424,84800
1996-03-29,1.218750,1.218750,1.187500,1.218750,0.958758,32000
1996-04-01,1.250000,1.312500,1.218750,1.250000,0.983341,213200
1996-04-02,1.281250,1.281250,1.250000,1.265625,0.995633,66400
1996-04-03,1.218750,1.281250,1.218750,1.281250,1.007925,16000
1996-04-04,1.250000,1.281250,1.250000,1.250000,0.983341,43200
1996-04-08,1.218750,1.234375,1.187500,1.234375,0.971049,6800
1996-04-09,1.281250,1.281250,1.187500,1.187500,0.934174,5200
1996-04-10,1.187500,1.375000,1.187500,1.343750,1.057092,282400
1996-04-11,1.281250,1.375000,1.281250,1.375000,1.081676,69600
1996-04-12,1.281250,1.375000,1.281250,1.312500,1.032508,77200
1996-04-15,1.312500,1.312500,1.312500,1.312500,1.032508,0
1996-04-16,1.312500,1.312500,1.312500,1.312500,1.032508,0
1996-04-17,1.281250,1.375000,1.281250,1.281250,1.007925,22400
1996-04-18,1.343750,1.468750,1.281250,1.437500,1.130842,399600
1996-04-19,1.437500,1.437500,1.375000,1.406250,1.106259,60800
1996-04-22,1.375000,1.468750,1.375000,1.453125,1.143134,55200
1996-04-23,1.468750,1.468750,1.468750,1.468750,1.155426,6000
1996-04-24,1.468750,1.468750,1.406250,1.453125,1.143134,43600
1996-04-25,1.453125,1.468750,1.406250,1.468750,1.155426,265600
1996-04-26,1.468750,1.468750,1.406250,1.468750,1.155426,27200
1996-04-29,1.468750,1.562500,1.437500,1.500000,1.180009,156400
1996-04-30,1.468750,1.500000,1.453125,1.484375,1.167718,92400
1996-05-01,1.468750,1.500000,1.468750,1.484375,1.167718,112000
1996-05-02,1.468750,1.484375,1.468750,1.484375,1.167718,236400
1996-05-03,1.468750,1.500000,1.453125,1.468750,1.155426,223600
1996-05-06,1.468750,1.484375,1.375000,1.437500,1.130842,93600
1996-05-07,1.468750,1.468750,1.406250,1.437500,1.130842,11200
1996-05-08,1.437500,1.531250,1.437500,1.515625,1.192301,155200
1996-05-09,1.562500,1.562500,1.500000,1.500000,1.180009,6800
1996-05-10,1.500000,1.562500,1.500000,1.562500,1.229177,43200
1996-05-13,1.468750,1.468750,1.468750,1.468750,1.155426,400
1996-05-14,1.500000,1.531250,1.500000,1.500000,1.180009,212400
1996-05-15,1.437500,1.531250,1.437500,1.453125,1.143134,28400
1996-05-16,1.453125,1.453125,1.453125,1.453125,1.143134,0
1996-05-17,1.437500,1.453125,1.437500,1.453125,1.143134,56400
1996-05-20,1.437500,1.453125,1.437500,1.453125,1.143134,76000
1996-05-21,1.437500,1.453125,1.437500,1.453125,1.143134,79600
1996-05-22,1.406250,1.437500,1.406250,1.437500,1.130842,8000
1996-05-23,1.406250,1.468750,1.406250,1.437500,1.130842,29200
1996-05-24,1.468750,1.468750,1.468750,1.468750,1.155426,28000
1996-05-28,1.500000,1.562500,1.437500,1.531250,1.204593,176000
1996-05-29,1.593750,1.593750,1.500000,1.531250,1.204593,76800
1996-05-30,1.562500,1.562500,1.500000,1.500000,1.180009,89600
1996-05-31,1.562500,1.562500,1.500000,1.500000,1.180009,50400
1996-06-03,1.562500,1.593750,1.500000,1.593750,1.253760,123200
1996-06-04,1.593750,1.718750,1.562500,1.562500,1.229177,226000
1996-06-05,1.562500,1.593750,1.531250,1.593750,1.253760,104000
1996-06-06,1.593750,1.593750,1.531250,1.562500,1.229177,15200
1996-06-07,1.531250,1.593750,1.531250,1.593750,1.253760,130800
1996-06-10,1.593750,1.781250,1.531250,1.656250,1.302927,481600
1996-06-11,1.656250,1.875000,1.593750,1.843750,1.450428,871600
1996-06-12,1.843750,1.906250,1.750000,1.781250,1.401261,634000
1996-06-13,1.875000,1.875000,1.687500,1.750000,1.376678,354000
1996-06-14,1.742188,1.750000,1.687500,1.750000,1.376678,277200
1996-06-17,1.750000,1.750000,1.562500,1.625000,1.278344,484000
1996-06-18,1.656250,1.656250,1.562500,1.593750,1.253760,93200
1996-06-19,1.656250,2.062500,1.625000,1.812500,1.425845,851600
1996-06-20,1.937500,1.937500,1.687500,1.781250,1.401261,417600
1996-06-21,1.812500,1.906250,1.750000,1.843750,1.450428,310400
1996-06-24,1.937500,1.937500,1.812500,1.843750,1.450428,245600
1996-06-25,1.843750,1.843750,1.718750,1.750000,1.376678,53600
1996-06-26,1.656250,1.750000,1.656250,1.687500,1.327511,41200
1996-06-27,1.750000,1.765625,1.671875,1.765625,1.388970,34800
1996-06-28,1.781250,1.843750,1.781250,1.812500,1.425845,200000
1996-07-01,1.906250,1.906250,1.812500,1.812500,1.425845,132000
1996-07-02,1.781250,1.906250,1.781250,1.906250,1.499595,86400
1996-07-03,1.812500,1.875000,1.750000,1.812500,1.425845,160800
1996-07-05,1.843750,1.843750,1.781250,1.812500,1.425845,75600
1996-07-08,1.781250,1.937500,1.781250,1.843750,1.450428,196400
1996-07-09,1.812500,1.906250,1.781250,1.812500,1.425845,150800
1996-07-10,1.875000,1.875000,1.781250,1.812500,1.425845,82800
1996-07-11,1.781250,1.781250,1.625000,1.765625,1.388970,164400
1996-07-12,1.718750,1.781250,1.625000,1.625000,1.278344,222400
1996-07-15,1.687500,1.687500,1.625000,1.640625,1.290635,118800
1996-07-16,1.625000,1.718750,1.625000,1.718750,1.352095,94800
1996-07-17,1.812500,1.812500,1.500000,1.632813,1.284490,560000
1996-07-18,1.593750,1.750000,1.593750,1.750000,1.376678,117200
1996-07-19,1.750000,1.843750,1.718750,1.796875,1.413553,181200
1996-07-22,1.843750,1.843750,1.656250,1.750000,1.376678,48400
1996-07-23,1.687500,1.750000,1.656250,1.750000,1.376678,23200
1996-07-24,1.562500,1.656250,1.562500,1.656250,1.302927,62800
1996-07-25,1.625000,1.656250,1.562500,1.609375,1.266052,66800
1996-07-26,1.656250,1.656250,1.593750,1.625000,1.278344,5600
1996-07-29,1.593750,1.656250,1.593750,1.593750,1.253760,9200
1996-07-30,1.593750,1.593750,1.500000,1.500000,1.180009,262000
1996-07-31,1.500000,1.562500,1.500000,1.562500,1.229177,98000
1996-08-01,1.562500,1.593750,1.500000,1.578125,1.241469,49600
1996-08-02,1.656250,1.718750,1.593750,1.718750,1.352095,66800
1996-08-05,1.687500,1.750000,1.593750,1.656250,1.302927,72800
1996-08-06,1.593750,1.625000,1.562500,1.562500,1.229177,58400
1996-08-07,1.656250,1.656250,1.531250,1.531250,1.204593,37200
1996-08-08,1.531250,1.656250,1.531250,1.578125,1.241469,46400
1996-08-09,1.593750,1.593750,1.562500,1.562500,1.229177,3600
1996-08-12,1.593750,1.656250,1.562500,1.656250,1.302927,48000
1996-08-13,1.625000,1.625000,1.625000,1.625000,1.278344,4800
1996-08-14,1.625000,1.625000,1.625000,1.625000,1.278344,10000
1996-08-15,1.625000,1.625000,1.625000,1.625000,1.278344,11600
1996-08-16,1.625000,1.656250,1.593750,1.625000,1.278344,170000
1996-08-19,1.625000,1.656250,1.593750,1.593750,1.253760,20800
1996-08-20,1.593750,1.656250,1.593750,1.656250,1.302927,87600
1996-08-21,1.625000,1.687500,1.625000,1.687500,1.327511,35200
1996-08-22,1.718750,1.843750,1.656250,1.781250,1.401261,176800
1996-08-23,1.843750,1.843750,1.750000,1.750000,1.376678,82800
1996-08-26,1.843750,1.843750,1.687500,1.687500,1.327511,46800
1996-08-27,1.687500,1.750000,1.671875,1.718750,1.352095,25200
1996-08-28,1.781250,1.906250,1.781250,1.859375,1.462720,254800
1996-08-29,1.843750,1.937500,1.843750,1.906250,1.499595,115600
1996-08-30,1.843750,1.968750,1.843750,1.875000,1.475012,63600
1996-09-03,1.937500,2.031250,1.875000,1.968750,1.548763,302400
1996-09-04,1.968750,2.031250,1.843750,1.875000,1.475012,262000
1996-09-05,1.937500,1.937500,1.843750,1.843750,1.450428,44400
1996-09-06,1.843750,1.843750,1.843750,1.843750,1.450428,0
1996-09-09,1.906250,1.906250,1.906250,1.906250,1.499595,4000
1996-09-10,1.937500,1.937500,1.843750,1.875000,1.475012,113600
1996-09-11,1.875000,1.937500,1.875000,1.875000,1.475012,40000
1996-09-12,1.875000,2.031250,1.875000,2.000000,1.573346,289200
1996-09-13,2.000000,2.156250,2.000000,2.031250,1.597930,743200
1996-09-16,2.093750,2.281250,2.066406,2.281250,1.794598,745200
1996-09-17,2.281250,2.281250,2.187500,2.218750,1.745431,298800
1996-09-18,2.218750,2.281250,2.078125,2.109375,1.659388,378400
1996-09-19,2.140625,2.250000,2.093750,2.250000,1.770015,103600
1996-09-20,2.187500,2.281250,2.093750,2.171875,1.708556,319600
1996-09-23,2.093750,2.187500,2.062500,2.125000,1.671680,138800
1996-09-24,2.187500,2.187500,2.078125,2.078125,1.634805,55200
1996-09-25,2.078125,2.218750,2.078125,2.218750,1.745431,171200
1996-09-26,2.214844,2.218750,2.093750,2.156250,1.696264,150800
1996-09-27,2.218750,2.218750,2.093750,2.183594,1.717775,19600
1996-09-30,2.093750,2.187500,2.093750,2.093750,1.647097,106000
1996-10-01,2.093750,2.156250,2.093750,2.093750,1.647097,18400
1996-10-02,2.093750,2.093750,2.093750,2.093750,1.647097,5600
1996-10-03,2.093750,2.187500,2.093750,2.187500,1.720848,10400
1996-10-04,2.187500,2.187500,1.968750,2.000000,1.573346,106400
1996-10-07,2.000000,2.062500,1.937500,1.937500,1.524179,188000
1996-10-08,1.937500,2.000000,1.937500,2.000000,1.573346,60000
1996-10-09,2.031250,2.031250,1.937500,1.937500,1.524179,5600
1996-10-10,2.031250,2.031250,1.937500,1.968750,1.548763,66400
1996-10-11,1.968750,2.000000,1.968750,2.000000,1.573346,32400
1996-10-14,2.062500,2.062500,1.968750,2.031250,1.597930,27200
1996-10-15,2.031250,2.031250,1.968750,1.968750,1.548763,61200
1996-10-16,2.031250,2.031250,1.968750,1.968750,1.548763,25200
1996-10-17,2.031250,2.031250,1.906250,1.953125,1.536471,608400
1996-10-18,1.937500,2.000000,1.937500,1.953125,1.536471,88800
1996-10-21,2.000000,2.000000,1.812500,1.843750,1.450428,125200
1996-10-22,1.812500,1.906250,1.687500,1.906250,1.499595,375200
1996-10-23,1.875000,1.906250,1.781250,1.843750,1.450428,143600
1996-10-24,1.750000,1.812500,1.718750,1.734375,1.364387,62400
1996-10-25,1.671875,1.812500,1.671875,1.750000,1.376678,38400
1996-10-28,1.718750,1.781250,1.656250,1.765625,1.388970,149200
1996-10-29,1.750000,1.750000,1.750000,1.750000,1.376678,18000
1996-10-30,1.687500,1.750000,1.687500,1.750000,1.376678,66000
1996-10-31,1.718750,1.750000,1.718750,1.750000,1.376678,302400
1996-11-01,1.734375,1.750000,1.734375,1.734375,1.364387,30000
1996-11-04,1.718750,1.750000,1.718750,1.750000,1.376678,26000
1996-11-05,1.734375,1.781250,1.734375,1.750000,1.376678,33600
1996-11-06,1.746094,1.750000,1.734375,1.750000,1.376678,43200
1996-11-07,1.734375,1.750000,1.703125,1.750000,1.376678,167200
1996-11-08,1.734375,1.734375,1.703125,1.703125,1.339803,12000
1996-11-11,1.750000,1.750000,1.703125,1.703125,1.339803,18800
1996-11-12,1.687500,1.703125,1.687500,1.687500,1.327511,70400
1996-11-13,1.718750,1.718750,1.671875,1.687500,1.327511,135600
1996-11-14,1.656250,1.718750,1.625000,1.687500,1.327511,103200
1996-11-15,1.640625,1.687500,1.640625,1.640625,1.290635,25600
1996-11-18,1.640625,1.718750,1.640625,1.687500,1.327511,70400
1996-11-19,1.765625,1.765625,1.687500,1.765625,1.388970,20000
1996-11-20,1.750000,1.812500,1.703125,1.812500,1.425845,336400
1996-11-21,1.843750,1.906250,1.781250,1.781250,1.401261,279600
1996-11-22,1.781250,1.875000,1.718750,1.718750,1.352095,87200
1996-11-25,1.722656,1.875000,1.722656,1.812500,1.425845,98400
1996-11-26,1.875000,1.875000,1.781250,1.812500,1.425845,54800
1996-11-27,1.875000,1.875000,1.781250,1.843750,1.450428,33200
1996-11-29,1.875000,1.875000,1.781250,1.781250,1.401261,56000
1996-12-02,1.781250,1.812500,1.750000,1.750000,1.376678,44800
1996-12-03,1.750000,1.812500,1.687500,1.687500,1.327511,158000
1996-12-04,1.687500,1.812500,1.687500,1.781250,1.401261,137200
1996-12-05,1.843750,1.843750,1.750000,1.750000,1.376678,10800
1996-12-06,1.687500,1.875000,1.687500,1.781250,1.401261,130800
1996-12-09,1.875000,2.000000,1.843750,1.890625,1.487304,174800
1996-12-10,1.890625,2.000000,1.890625,1.968750,1.548763,79200
1996-12-11,1.921875,2.078125,1.921875,2.000000,1.573346,386000
1996-12-12,2.000000,2.125000,2.000000,2.062500,1.622513,479200
1996-12-13,2.093750,2.093750,2.031250,2.062500,1.622513,19600
1996-12-16,2.125000,2.187500,2.031250,2.031250,1.597930,114000
1996-12-17,2.093750,2.093750,1.968750,1.968750,1.548763,134400
1996-12-18,1.968750,2.156250,1.968750,2.078125,1.634805,364800
1996-12-19,2.093750,2.109375,2.031250,2.062500,1.622513,221200
1996-12-20,2.031250,2.093750,2.031250,2.062500,1.622513,38000
1996-12-23,2.031250,2.125000,2.000000,2.062500,1.622513,75600
1996-12-24,2.062500,2.093750,2.062500,2.093750,1.647097,15200
1996-12-26,2.000000,2.093750,2.000000,2.093750,1.647097,21600
1996-12-27,2.089844,2.089844,2.000000,2.031250,1.597930,20400
1996-12-30,2.093750,2.093750,2.000000,2.000000,1.573346,48000
1996-12-31,2.000000,2.093750,2.000000,2.093750,1.647097,6000
1997-01-02,2.000000,2.093750,2.000000,2.015625,1.585638,69600
1997-01-03,2.035156,2.035156,2.000000,2.000000,1.573346,43600
1997-01-06,2.000000,2.062500,2.000000,2.031250,1.597930,219600
1997-01-07,2.093750,2.218750,2.000000,2.156250,1.696264,209600
1997-01-08,2.218750,2.343750,2.218750,2.281250,1.794598,834800
1997-01-09,2.281250,2.531250,2.281250,2.343750,1.843765,454400
1997-01-10,2.375000,2.500000,2.312500,2.406250,1.892933,342000
1997-01-13,2.406250,2.593750,2.375000,2.562500,2.015850,483200
1997-01-14,2.472656,2.562500,2.406250,2.500000,1.966681,472000
1997-01-15,2.468750,2.562500,2.468750,2.515625,1.978974,68400
1997-01-16,2.468750,2.625000,2.343750,2.468750,1.942099,368000
1997-01-17,2.406250,2.468750,2.406250,2.406250,1.892933,60400
1997-01-20,2.437500,2.531250,2.375000,2.437500,1.917516,196400
1997-01-21,2.437500,2.468750,2.375000,2.468750,1.942099,91200
1997-01-22,2.406250,2.468750,2.187500,2.281250,1.794598,288800
1997-01-23,2.375000,2.500000,2.281250,2.343750,1.843765,234800
1997-01-24,2.406250,2.406250,2.187500,2.218750,1.745431,78800
1997-01-27,2.281250,2.500000,2.187500,2.406250,1.892933,268800
1997-01-28,2.437500,2.468750,2.312500,2.406250,1.892933,143200
1997-01-29,2.406250,2.406250,2.312500,2.406250,1.892933,76000
1997-01-30,2.406250,2.468750,2.375000,2.468750,1.942099,4400
1997-01-31,2.500000,2.687500,2.437500,2.562500,2.015850,666400
1997-02-03,2.687500,2.843750,2.593750,2.781250,2.187934,661600
1997-02-04,2.843750,2.843750,2.625000,2.656250,2.089600,322400
1997-02-05,2.656250,2.687500,2.531250,2.578125,2.028141,352400
1997-02-06,2.531250,2.593750,2.531250,2.593750,2.040433,55600
1997-02-07,2.593750,2.750000,2.562500,2.656250,2.089600,313200
1997-02-10,2.687500,2.687500,2.406250,2.406250,1.892933,151200
1997-02-11,2.437500,2.593750,2.437500,2.468750,1.942099,184400
1997-02-12,2.562500,2.625000,2.500000,2.562500,2.015850,111600
1997-02-13,2.593750,2.625000,2.500000,2.562500,2.015850,38000
1997-02-14,2.562500,2.656250,2.562500,2.562500,2.015850,97600
1997-02-18,2.625000,2.625000,2.531250,2.562500,2.015850,30400
1997-02-19,2.531250,2.625000,2.500000,2.531250,1.991266,152400
1997-02-20,2.500000,2.562500,2.375000,2.375000,1.868348,63600
1997-02-21,2.375000,2.500000,2.375000,2.437500,1.917516,126000
1997-02-24,2.437500,2.625000,2.437500,2.562500,2.015850,84800
1997-02-25,2.625000,2.656250,2.531250,2.625000,2.065017,160400
1997-02-26,2.593750,2.625000,2.500000,2.531250,1.991266,84400
1997-02-27,2.531250,2.562500,2.468750,2.468750,1.942099,100000
1997-02-28,2.468750,2.500000,2.328125,2.328125,1.831474,142800
1997-03-03,2.328125,2.375000,2.328125,2.343750,1.843765,61200
1997-03-04,2.343750,2.375000,2.296875,2.375000,1.868348,114000
1997-03-05,2.375000,2.437500,2.375000,2.437500,1.929703,23200
1997-03-06,2.375000,2.531250,2.375000,2.531250,2.003923,124000
1997-03-07,2.531250,2.562500,2.468750,2.500000,1.979182,160400
1997-03-10,2.500000,2.531250,2.468750,2.500000,1.979182,89600
1997-03-11,2.531250,2.531250,2.406250,2.437500,1.929703,97200
1997-03-12,2.531250,2.531250,2.437500,2.468750,1.954443,51200
1997-03-13,2.468750,2.500000,2.437500,2.437500,1.929703,125600
1997-03-14,2.500000,2.625000,2.468750,2.531250,2.003923,188400
1997-03-17,2.562500,2.718750,2.500000,2.656250,2.102881,233600
1997-03-18,2.656250,2.656250,2.468750,2.531250,2.003923,114000
1997-03-19,2.531250,2.531250,2.531250,2.531250,2.003923,0
1997-03-20,2.500000,2.500000,2.437500,2.437500,1.929703,106000
1997-03-21,2.437500,2.468750,2.406250,2.406250,1.904963,95200
1997-03-24,2.406250,2.437500,2.375000,2.406250,1.904963,73200
1997-03-25,2.437500,2.437500,2.375000,2.375000,1.880223,36800
1997-03-26,2.375000,2.468750,2.375000,2.468750,1.954443,95600
1997-03-27,2.500000,2.625000,2.500000,2.531250,2.003923,166000
1997-03-31,2.593750,2.656250,2.593750,2.656250,2.102881,62400
1997-04-01,2.593750,2.593750,2.531250,2.531250,2.003923,50400
1997-04-02,2.531250,2.531250,2.468750,2.468750,1.954443,15200
1997-04-03,2.468750,2.468750,2.406250,2.406250,1.904963,145200
1997-04-04,2.375000,2.468750,2.375000,2.468750,1.954443,200800
1997-04-07,2.468750,2.531250,2.468750,2.531250,2.003923,3600
1997-04-08,2.531250,2.531250,2.437500,2.437500,1.929703,20800
1997-04-09,2.437500,2.468750,2.437500,2.437500,1.929703,17200
1997-04-10,2.468750,2.500000,2.437500,2.468750,1.954443,18400
1997-04-11,2.437500,2.437500,2.375000,2.406250,1.904963,20000
1997-04-14,2.437500,2.468750,2.437500,2.468750,1.954443,33200
1997-04-15,2.500000,2.500000,2.406250,2.406250,1.904963,133600
1997-04-16,2.406250,2.437500,2.406250,2.437500,1.929703,15200
1997-04-17,2.406250,2.468750,2.406250,2.437500,1.929703,26800
1997-04-18,2.468750,2.468750,2.343750,2.375000,1.880223,72400
1997-04-21,2.343750,2.375000,2.343750,2.343750,1.855484,6800
1997-04-22,2.375000,2.406250,2.343750,2.375000,1.880223,38800
1997-04-23,2.406250,2.406250,2.312500,2.312500,1.830744,34000
1997-04-24,2.312500,2.375000,2.312500,2.375000,1.880223,14400
1997-04-25,2.343750,2.343750,2.343750,2.343750,1.855484,3600
1997-04-28,2.343750,2.375000,2.312500,2.312500,1.830744,14000
1997-04-29,2.312500,2.312500,2.281250,2.281250,1.806004,48800
1997-04-30,2.281250,2.343750,2.281250,2.312500,1.830744,47600
1997-05-01,2.312500,2.312500,2.281250,2.312500,1.830744,28800
1997-05-02,2.281250,2.312500,2.281250,2.281250,1.806004,40000
1997-05-05,2.281250,2.406250,2.281250,2.375000,1.880223,72000
1997-05-06,2.375000,2.375000,2.343750,2.343750,1.855484,44400
1997-05-07,2.375000,2.375000,2.312500,2.312500,1.830744,12400
1997-05-08,2.312500,2.343750,2.312500,2.312500,1.830744,64000
1997-05-09,2.312500,2.343750,2.312500,2.312500,1.830744,96000
1997-05-12,2.312500,2.343750,2.312500,2.343750,1.855484,9600
1997-05-13,2.375000,2.406250,2.343750,2.343750,1.855484,56800
1997-05-14,2.343750,2.531250,2.343750,2.531250,2.003923,286800
1997-05-15,2.531250,2.531250,2.468750,2.468750,1.954443,53600
1997-05-16,2.500000,2.875000,2.500000,2.812500,2.226581,154800
1997-05-19,2.843750,2.843750,2.718750,2.750000,2.177101,71200
1997-05-20,2.750000,2.812500,2.718750,2.781250,2.201840,59600
1997-05-21,2.781250,2.812500,2.750000,2.750000,2.177101,20400
1997-05-22,2.781250,2.812500,2.687500,2.750000,2.177101,62800
1997-05-23,2.718750,2.843750,2.718750,2.812500,2.226581,130000
1997-05-27,2.812500,2.812500,2.718750,2.718750,2.152361,34400
1997-05-28,2.750000,2.781250,2.718750,2.750000,2.177101,40800
1997-05-29,2.750000,2.968750,2.750000,2.968750,2.350279,330800
1997-05-30,3.000000,3.093750,2.937500,3.062500,2.424500,276000
1997-06-02,3.187500,3.312500,3.125000,3.187500,2.523458,600800
1997-06-03,3.218750,3.250000,3.187500,3.218750,2.548198,139200
1997-06-04,3.281250,3.281250,3.125000,3.156250,2.498719,171200
1997-06-05,3.156250,3.218750,3.156250,3.187500,2.523458,65200
1997-06-06,3.187500,3.218750,3.156250,3.218750,2.548198,202400
1997-06-09,3.218750,3.312500,3.187500,3.312500,2.622418,220800
1997-06-10,3.312500,3.312500,3.187500,3.187500,2.523458,138000
1997-06-11,3.218750,3.250000,3.187500,3.187500,2.523458,43600
1997-06-12,3.187500,3.250000,3.187500,3.218750,2.548198,142400
1997-06-13,3.187500,3.218750,3.156250,3.218750,2.548198,42000
1997-06-16,3.281250,3.312500,3.250000,3.250000,2.572938,93200
1997-06-17,3.250000,3.281250,3.250000,3.281250,2.597677,157600
1997-06-18,3.312500,3.750000,3.281250,3.718750,2.944035,601200
1997-06-19,3.750000,3.906250,3.562500,3.593750,2.845075,440400
1997-06-20,3.593750,3.656250,3.531250,3.562500,2.820336,136400
1997-06-23,3.593750,3.718750,3.531250,3.718750,2.944035,205200
1997-06-24,3.718750,4.062500,3.718750,3.875000,3.067733,431200
1997-06-25,3.875000,4.000000,3.843750,3.906250,3.092474,246000
1997-06-26,3.968750,4.000000,3.906250,3.968750,3.141953,249600
1997-06-27,4.000000,4.250000,4.000000,4.125000,3.265651,268800
1997-06-30,4.218750,4.218750,3.968750,3.968750,3.141953,211600
1997-07-01,3.968750,4.031250,3.968750,3.984375,3.154322,101600
1997-07-02,3.984375,4.000000,3.906250,3.937500,3.117213,161200
1997-07-03,3.937500,4.093750,3.937500,4.046875,3.203802,74800
1997-07-07,4.031250,4.062500,4.000000,4.000000,3.166692,95200
1997-07-08,4.000000,4.046875,4.000000,4.015625,3.179062,86800
1997-07-09,4.000000,4.312500,4.000000,4.281250,3.389350,222800
1997-07-10,4.250000,4.593750,4.250000,4.593750,3.636748,368800
1997-07-11,4.625000,4.968750,4.625000,4.687500,3.710969,702000
1997-07-14,4.750000,4.937500,4.671875,4.890625,3.871775,207200
1997-07-15,4.937500,4.937500,4.406250,4.640625,3.673857,384800
1997-07-16,4.640625,4.687500,4.218750,4.406250,3.488310,389200
1997-07-17,4.406250,4.531250,4.375000,4.437500,3.513049,126000
1997-07-18,4.437500,4.593750,4.437500,4.484375,3.550158,132400
1997-07-21,4.468750,4.625000,4.437500,4.500000,3.562530,343200
1997-07-22,4.531250,4.546875,4.468750,4.515625,3.574899,148400
1997-07-23,4.531250,4.546875,4.500000,4.500000,3.562530,85600
1997-07-24,4.515625,4.515625,4.312500,4.343750,3.438831,85200
1997-07-25,4.312500,4.328125,4.234375,4.250000,3.364611,130000
1997-07-28,4.234375,4.343750,4.234375,4.343750,3.438831,98800
1997-07-29,4.296875,4.421875,4.296875,4.343750,3.438831,74400
1997-07-30,4.375000,4.437500,4.343750,4.343750,3.438831,85600
1997-07-31,4.375000,4.375000,4.218750,4.234375,3.352240,88800
1997-08-01,4.203125,4.203125,4.093750,4.093750,3.240913,204400
1997-08-04,4.156250,4.312500,4.140625,4.281250,3.389350,228800
1997-08-05,4.312500,4.625000,4.312500,4.609375,3.649119,197200
1997-08-06,4.625000,4.687500,4.437500,4.437500,3.513049,219600
1997-08-07,4.468750,4.500000,4.437500,4.484375,3.550158,83600
1997-08-08,4.406250,4.437500,4.343750,4.437500,3.513049,74400
1997-08-11,4.390625,4.453125,4.296875,4.453125,3.525419,164800
1997-08-12,4.453125,4.484375,4.437500,4.437500,3.513049,69200
1997-08-13,4.437500,4.515625,4.281250,4.312500,3.414090,160000
1997-08-14,4.281250,4.281250,4.156250,4.156250,3.290392,154400
1997-08-15,4.187500,4.312500,4.078125,4.250000,3.364611,98000
1997-08-18,4.281250,4.296875,4.156250,4.203125,3.327500,75200
1997-08-19,4.250000,4.343750,4.218750,4.281250,3.389350,126000
1997-08-20,4.312500,4.609375,4.312500,4.546875,3.599639,240000
1997-08-21,4.562500,4.875000,4.515625,4.812500,3.809927,388000
1997-08-22,4.718750,4.812500,4.593750,4.750000,3.760446,163200
1997-08-25,4.859375,4.906250,4.781250,4.906250,3.884147,161200
1997-08-26,4.906250,4.921875,4.656250,4.718750,3.735708,122000
1997-08-27,4.671875,4.781250,4.671875,4.781250,3.785188,34800
1997-08-28,4.750000,4.750000,4.703125,4.703125,3.723337,28000
1997-08-29,4.734375,4.734375,4.625000,4.640625,3.673857,56000
1997-09-02,4.687500,4.718750,4.625000,4.640625,3.673857,45200
1997-09-03,4.703125,4.734375,4.640625,4.687500,3.710969,75200
1997-09-04,4.687500,4.781250,4.656250,4.750000,3.760446,158800
1997-09-05,4.812500,5.375000,4.812500,5.359375,4.242873,574400
1997-09-08,5.875000,5.875000,5.468750,5.718750,4.527380,809200
1997-09-09,5.734375,5.906250,5.625000,5.625000,4.453162,444800
1997-09-10,5.593750,5.687500,5.281250,5.328125,4.218134,286000
1997-09-11,5.375000,5.500000,5.218750,5.265625,4.168655,141200
1997-09-12,5.281250,5.625000,5.281250,5.609375,4.440791,220400
1997-09-15,5.937500,6.140625,5.875000,5.937500,4.700558,512800
1997-09-16,6.031250,6.078125,5.640625,5.984375,4.737668,656000
1997-09-17,6.031250,6.031250,5.187500,5.343750,4.230503,1184400
1997-09-18,5.343750,5.406250,5.031250,5.296875,4.193392,539600
1997-09-19,5.296875,5.437500,5.218750,5.218750,4.131545,246000
1997-09-22,5.281250,5.468750,5.250000,5.375000,4.255243,309600
1997-09-23,5.406250,5.406250,5.062500,5.187500,4.106804,174400
1997-09-24,5.187500,5.218750,4.906250,5.062500,4.007846,332800
1997-09-25,5.062500,5.218750,5.031250,5.093750,4.032584,112800
1997-09-26,5.093750,5.234375,5.062500,5.171875,4.094433,133200
1997-09-29,5.187500,5.343750,5.156250,5.312500,4.205763,114800
1997-09-30,5.343750,5.406250,5.312500,5.375000,4.255243,140000
1997-10-01,5.406250,5.437500,5.125000,5.187500,4.106804,99600
1997-10-02,5.187500,5.218750,4.984375,5.156250,4.082065,178800
1997-10-03,5.187500,5.375000,5.187500,5.359375,4.242873,168400
1997-10-06,5.343750,5.562500,5.343750,5.500000,4.354202,235600
1997-10-07,5.406250,5.437500,5.343750,5.421875,4.292353,120800
1997-10-08,5.437500,5.468750,5.250000,5.468750,4.329461,132400
1997-10-09,5.437500,5.437500,5.343750,5.359375,4.242873,95200
1997-10-10,5.250000,5.281250,5.187500,5.218750,4.131545,135200
1997-10-13,5.250000,5.312500,5.140625,5.140625,4.069694,56000
1997-10-14,5.093750,5.093750,4.875000,4.921875,3.896517,191600
1997-10-15,4.875000,4.875000,4.640625,4.781250,3.785188,312400
1997-10-16,4.750000,4.750000,4.421875,4.562500,3.612008,301200
1997-10-17,4.531250,4.531250,4.250000,4.343750,3.438831,273200
1997-10-20,4.312500,4.484375,4.281250,4.468750,3.537790,220000
1997-10-21,4.484375,4.687500,4.484375,4.687500,3.710969,192000
1997-10-22,4.687500,4.718750,4.625000,4.656250,3.686229,111600
1997-10-23,4.437500,4.593750,4.375000,4.531250,3.587268,202800
1997-10-24,4.562500,4.578125,4.515625,4.531250,3.587268,64400
1997-10-27,4.531250,4.531250,4.250000,4.250000,3.364611,143200
1997-10-28,4.000000,4.375000,3.937500,4.281250,3.389350,301200
1997-10-29,4.343750,4.562500,4.343750,4.562500,3.612008,184000
1997-10-30,4.500000,4.500000,4.468750,4.468750,3.537790,45200
1997-10-31,4.500000,4.578125,4.484375,4.515625,3.574899,75600
1997-11-03,4.546875,4.750000,4.546875,4.671875,3.698597,60800
1997-11-04,4.656250,4.687500,4.593750,4.593750,3.636748,16400
1997-11-05,4.625000,4.625000,4.531250,4.531250,3.587268,22000
1997-11-06,4.562500,4.562500,4.390625,4.468750,3.537790,32800
1997-11-07,4.406250,4.453125,4.343750,4.437500,3.513049,60800
1997-11-10,4.468750,4.562500,4.468750,4.531250,3.587268,31600
1997-11-11,4.500000,4.531250,4.406250,4.437500,3.513049,64400
1997-11-12,4.375000,4.375000,4.281250,4.281250,3.389350,72800
1997-11-13,4.281250,4.281250,4.187500,4.218750,3.339870,57200
1997-11-14,4.250000,4.500000,4.250000,4.500000,3.562530,164800
1997-11-17,4.515625,4.515625,4.437500,4.484375,3.550158,195200
1997-11-18,4.484375,4.515625,4.468750,4.500000,3.562530,143600
1997-11-19,4.500000,4.531250,4.500000,4.500000,3.562530,139200
1997-11-20,4.500000,4.531250,4.406250,4.406250,3.488310,141200
1997-11-21,4.437500,4.437500,4.312500,4.328125,3.426460,24800
1997-11-24,4.296875,4.296875,4.187500,4.250000,3.364611,30800
1997-11-25,4.281250,4.312500,4.218750,4.265625,3.376982,34400
1997-11-26,4.296875,4.312500,4.250000,4.312500,3.414090,28000
1997-11-28,4.312500,4.312500,4.265625,4.265625,3.376982,17600
1997-12-01,4.265625,4.281250,4.187500,4.187500,3.315131,61600
1997-12-02,4.171875,4.281250,4.171875,4.250000,3.364611,40800
1997-12-03,4.250000,4.250000,4.171875,4.203125,3.327500,57600
1997-12-04,4.171875,4.171875,3.765625,3.843750,3.042993,219600
1997-12-05,3.828125,3.937500,3.781250,3.875000,3.067733,268800
1997-12-08,3.875000,3.875000,3.781250,3.812500,3.018254,49600
1997-12-09,3.781250,3.812500,3.750000,3.750000,2.968774,88000
1997-12-10,3.734375,3.734375,3.515625,3.593750,2.845075,259600
1997-12-11,3.609375,3.609375,3.468750,3.500000,2.770856,78400
1997-12-12,3.468750,3.531250,3.218750,3.250000,2.572938,164800
1997-12-15,3.312500,3.468750,3.312500,3.437500,2.721376,42000
1997-12-16,3.437500,3.531250,3.437500,3.531250,2.795596,285200
1997-12-17,3.531250,3.562500,3.390625,3.468750,2.746117,231600
1997-12-18,3.406250,3.500000,3.406250,3.468750,2.746117,245200
1997-12-19,3.437500,3.500000,3.406250,3.500000,2.770856,81600
1997-12-22,3.468750,3.500000,3.437500,3.468750,2.746117,64800
1997-12-23,3.468750,3.500000,3.468750,3.500000,2.770856,138400
1997-12-24,3.484375,3.500000,3.484375,3.500000,2.770856,70000
1997-12-26,3.500000,3.500000,3.437500,3.437500,2.721376,56000
1997-12-29,3.406250,3.468750,3.406250,3.406250,2.696637,48800
1997-12-30,3.437500,3.468750,3.375000,3.437500,2.721376,238400
1997-12-31,3.437500,3.500000,3.406250,3.468750,2.746117,119200
1998-01-02,3.468750,3.484375,3.453125,3.484375,2.758487,104400
1998-01-05,3.437500,3.718750,3.437500,3.656250,2.894555,103600
1998-01-06,3.625000,3.718750,3.625000,3.687500,2.919294,52800
1998-01-07,3.718750,3.750000,3.687500,3.687500,2.919294,8000
1998-01-08,3.687500,3.687500,3.687500,3.687500,2.919294,6000
1998-01-09,3.656250,3.656250,3.562500,3.562500,2.820336,38800
1998-01-12,3.578125,3.578125,3.531250,3.531250,2.795596,13600
1998-01-13,3.578125,3.578125,3.468750,3.515625,2.783225,176400
1998-01-14,3.500000,3.500000,3.437500,3.500000,2.770856,16800
1998-01-15,3.531250,3.531250,3.500000,3.500000,2.770856,56800
1998-01-16,3.500000,3.500000,3.500000,3.500000,2.770856,8000
1998-01-20,3.468750,3.562500,3.468750,3.531250,2.795596,65200
1998-01-21,3.562500,3.687500,3.531250,3.578125,2.832706,33200
1998-01-22,3.546875,3.546875,3.468750,3.500000,2.770856,192800
1998-01-23,3.500000,3.500000,3.468750,3.484375,2.758487,144800
1998-01-26,3.468750,3.468750,3.406250,3.468750,2.746117,14000
1998-01-27,3.453125,3.453125,3.437500,3.437500,2.721376,12000
1998-01-28,3.406250,3.406250,3.406250,3.406250,2.696637,8000
1998-01-29,3.390625,3.437500,3.281250,3.281250,2.597677,39200
1998-01-30,3.281250,3.281250,3.187500,3.218750,2.548198,46800
1998-02-02,3.187500,3.218750,2.687500,2.875000,2.276059,428400
1998-02-03,2.843750,3.109375,2.812500,3.062500,2.424500,468000
1998-02-04,3.062500,3.125000,3.062500,3.093750,2.449238,191600
1998-02-05,3.062500,3.109375,3.031250,3.062500,2.424500,386800
1998-02-06,3.093750,3.109375,3.062500,3.109375,2.461609,49600
1998-02-09,3.093750,3.125000,3.031250,3.031250,2.399759,28400
1998-02-10,3.000000,3.031250,3.000000,3.031250,2.399759,194000
1998-02-11,3.062500,3.062500,3.000000,3.000000,2.375019,59200
1998-02-12,3.000000,3.046875,2.984375,3.031250,2.399759,101600
1998-02-13,3.062500,3.125000,3.062500,3.109375,2.461609,31200
1998-02-17,3.171875,3.218750,3.125000,3.156250,2.498719,44000
1998-02-18,3.156250,3.171875,3.093750,3.093750,2.449238,18400
1998-02-19,3.031250,3.062500,3.000000,3.000000,2.375019,72800
1998-02-20,3.031250,3.046875,3.000000,3.046875,2.412129,11200
1998-02-23,3.031250,3.062500,3.031250,3.046875,2.412129,22000
1998-02-24,3.062500,3.062500,3.031250,3.046875,2.412129,36800
1998-02-25,3.062500,3.062500,3.031250,3.046875,2.412129,81600
1998-02-26,3.046875,3.187500,3.046875,3.171875,2.511088,124800
1998-02-27,3.203125,3.500000,3.187500,3.468750,2.746117,213600
1998-03-02,3.562500,3.718750,3.562500,3.609375,2.857445,156000
1998-03-03,3.640625,3.671875,3.562500,3.625000,2.869814,87200
1998-03-04,3.562500,3.578125,3.531250,3.531250,2.815010,29600
1998-03-05,3.546875,3.546875,3.484375,3.484375,2.777642,28400
1998-03-06,3.515625,3.531250,3.437500,3.500000,2.790098,31200
1998-03-09,3.515625,3.515625,3.406250,3.437500,2.740274,54400
1998-03-10,3.406250,3.406250,3.375000,3.406250,2.715364,16800
1998-03-11,3.437500,3.437500,3.375000,3.375000,2.690452,25200
1998-03-12,3.406250,3.406250,3.343750,3.343750,2.665540,22000
1998-03-13,3.375000,3.375000,3.312500,3.343750,2.665540,21200
1998-03-16,3.375000,3.406250,3.375000,3.390625,2.702908,32400
1998-03-17,3.375000,3.375000,3.312500,3.312500,2.640629,16000
1998-03-18,3.281250,3.281250,3.078125,3.078125,2.453792,92800
1998-03-19,3.109375,3.156250,3.093750,3.109375,2.478703,352800
1998-03-20,3.140625,3.343750,3.125000,3.343750,2.665540,71600
1998-03-23,3.390625,3.437500,3.375000,3.406250,2.715364,43600
1998-03-24,3.421875,3.421875,3.359375,3.406250,2.715364,26400
1998-03-25,3.375000,3.375000,3.281250,3.359375,2.677997,73200
1998-03-26,3.359375,3.406250,3.281250,3.406250,2.715364,28400
1998-03-27,3.406250,3.562500,3.406250,3.531250,2.815010,70000
1998-03-30,3.609375,3.625000,3.500000,3.531250,2.815010,166000
1998-03-31,3.625000,3.656250,3.531250,3.593750,2.864833,117200
1998-04-01,3.625000,3.750000,3.593750,3.750000,2.989391,124000
1998-04-02,3.812500,3.875000,3.750000,3.812500,3.039214,67200
1998-04-03,3.843750,3.843750,3.718750,3.750000,2.989391,76400
1998-04-06,3.750000,3.781250,3.718750,3.734375,2.976936,58400
1998-04-07,3.734375,3.734375,3.468750,3.484375,2.777642,98400
1998-04-08,3.468750,3.484375,3.468750,3.484375,2.777642,4400
1998-04-09,3.437500,3.468750,3.437500,3.468750,2.765187,5600
1998-04-13,3.500000,3.500000,3.468750,3.500000,2.790098,16400
1998-04-14,3.468750,3.500000,3.437500,3.484375,2.777642,17600
1998-04-15,3.484375,3.484375,3.453125,3.484375,2.777642,14400
1998-04-16,3.500000,3.500000,3.484375,3.484375,2.777642,17600
1998-04-17,3.484375,3.500000,3.468750,3.500000,2.790098,18800
1998-04-20,3.437500,3.468750,3.250000,3.437500,2.740274,129200
1998-04-21,3.390625,3.406250,3.343750,3.406250,2.715364,48800
1998-04-22,3.421875,3.500000,3.421875,3.500000,2.790098,39600
1998-04-23,3.500000,3.500000,3.468750,3.500000,2.790098,8000
1998-04-24,3.468750,3.500000,3.406250,3.406250,2.715364,25200
1998-04-27,3.375000,3.375000,3.250000,3.296875,2.628172,53200
1998-04-28,3.312500,3.343750,3.312500,3.312500,2.640629,30000
1998-04-29,3.359375,3.359375,3.328125,3.343750,2.665540,4000
1998-04-30,3.343750,3.343750,3.343750,3.343750,2.665540,5600
1998-05-01,3.390625,3.421875,3.375000,3.421875,2.727819,9200
1998-05-04,3.406250,3.421875,3.390625,3.406250,2.715364,20000
1998-05-05,3.406250,3.421875,3.406250,3.406250,2.715364,10800
1998-05-06,3.390625,3.406250,3.390625,3.406250,2.715364,23600
1998-05-07,3.390625,3.406250,3.390625,3.406250,2.715364,5200
1998-05-08,3.437500,3.468750,3.437500,3.468750,2.765187,17200
1998-05-11,3.484375,3.484375,3.453125,3.468750,2.765187,15600
1998-05-12,3.484375,3.500000,3.468750,3.500000,2.790098,122000
1998-05-13,3.468750,3.500000,3.437500,3.484375,2.777642,25600
1998-05-14,3.515625,3.515625,3.500000,3.500000,2.790098,6000
1998-05-15,3.500000,3.500000,3.468750,3.484375,2.777642,39600
1998-05-18,3.484375,3.500000,3.437500,3.437500,2.740274,23200
1998-05-19,3.437500,3.453125,3.406250,3.421875,2.727819,10800
1998-05-20,3.421875,3.421875,3.406250,3.406250,2.715364,30800
1998-05-21,3.421875,3.468750,3.406250,3.437500,2.740274,30400
1998-05-22,3.437500,3.437500,3.406250,3.421875,2.727819,33600
1998-05-26,3.453125,3.453125,3.406250,3.406250,2.715364,34800
1998-05-27,3.421875,3.421875,3.375000,3.375000,2.690452,31200
1998-05-28,3.390625,3.406250,3.375000,3.406250,2.715364,10800
1998-05-29,3.375000,3.375000,3.343750,3.375000,2.690452,16400
1998-06-01,3.343750,3.343750,3.312500,3.312500,2.640629,16400
1998-06-02,3.312500,3.312500,3.234375,3.250000,2.590806,18800
1998-06-03,3.250000,3.250000,3.187500,3.203125,2.553438,23200
1998-06-04,3.187500,3.312500,3.187500,3.312500,2.640629,44400
1998-06-05,3.281250,3.312500,3.281250,3.312500,2.640629,2800
1998-06-08,3.281250,3.359375,3.281250,3.359375,2.677997,13600
1998-06-09,3.328125,3.359375,3.312500,3.312500,2.640629,11600
1998-06-10,3.312500,3.312500,3.281250,3.312500,2.640629,32800
1998-06-11,3.281250,3.281250,3.218750,3.218750,2.565893,44800
1998-06-12,3.234375,3.234375,3.093750,3.093750,2.466247,58000
1998-06-15,3.031250,3.093750,3.031250,3.093750,2.466247,24800
1998-06-16,3.062500,3.093750,3.000000,3.031250,2.416424,63600
1998-06-17,3.062500,3.062500,3.000000,3.000000,2.391513,57600
1998-06-18,2.968750,2.968750,2.671875,2.671875,2.129941,540800
1998-06-19,2.703125,2.828125,2.687500,2.796875,2.229588,289200
1998-06-22,2.828125,2.875000,2.812500,2.843750,2.266955,22400
1998-06-23,2.843750,3.000000,2.843750,3.000000,2.391513,42400
1998-06-24,2.937500,2.984375,2.937500,2.984375,2.379057,22800
1998-06-25,2.937500,2.968750,2.937500,2.937500,2.341690,62400
1998-06-26,2.921875,2.968750,2.921875,2.968750,2.366601,58000
1998-06-29,2.937500,2.968750,2.906250,2.968750,2.366601,16400
1998-06-30,2.968750,3.000000,2.937500,2.937500,2.341690,12000
1998-07-01,2.937500,2.937500,2.875000,2.890625,2.304322,45600
1998-07-02,2.890625,2.906250,2.875000,2.906250,2.316777,12400
1998-07-06,2.890625,2.890625,2.875000,2.875000,2.291865,41200
1998-07-07,2.875000,2.875000,2.750000,2.750000,2.192220,222000
1998-07-08,2.812500,2.812500,2.765625,2.765625,2.204675,15200
1998-07-09,2.781250,2.796875,2.781250,2.796875,2.229588,10800
1998-07-10,2.781250,2.781250,2.750000,2.750000,2.192220,27200
1998-07-13,2.796875,2.812500,2.765625,2.781250,2.217131,23200
1998-07-14,2.781250,2.812500,2.750000,2.781250,2.217131,11200
1998-07-15,2.765625,2.812500,2.750000,2.781250,2.217131,27600
1998-07-16,2.765625,2.828125,2.765625,2.812500,2.242043,31200
1998-07-17,2.812500,2.859375,2.796875,2.859375,2.279410,18000
1998-07-20,2.843750,2.843750,2.750000,2.812500,2.242043,40800
1998-07-21,2.781250,2.781250,2.718750,2.734375,2.179764,89600
1998-07-22,2.718750,2.718750,2.687500,2.718750,2.167309,17200
1998-07-23,2.750000,2.750000,2.687500,2.734375,2.179764,82800
1998-07-24,2.750000,2.750000,2.734375,2.734375,2.179764,30400
1998-07-27,2.718750,2.718750,2.593750,2.593750,2.067662,147600
1998-07-28,2.625000,2.625000,2.453125,2.468750,1.968015,122400
1998-07-29,2.468750,2.468750,2.437500,2.437500,1.943104,87200
1998-07-30,2.468750,2.578125,2.468750,2.562500,2.042751,83200
1998-07-31,2.562500,2.562500,2.437500,2.500000,1.992926,350000
1998-08-03,2.437500,2.468750,2.437500,2.453125,1.955560,271200
1998-08-04,2.453125,2.453125,2.437500,2.437500,1.943104,35200
1998-08-05,2.390625,2.500000,2.375000,2.390625,1.905737,295600
1998-08-06,2.421875,2.531250,2.421875,2.531250,2.017839,96800
1998-08-07,2.562500,2.593750,2.500000,2.593750,2.067662,52400
1998-08-10,2.593750,2.734375,2.531250,2.734375,2.179764,85600
1998-08-11,2.687500,2.687500,2.609375,2.640625,2.105029,100800
1998-08-12,2.640625,2.656250,2.625000,2.656250,2.117485,14400
1998-08-13,2.625000,2.625000,2.625000,2.625000,2.092574,22000
1998-08-14,2.625000,2.625000,2.625000,2.625000,2.092574,30800
1998-08-17,2.656250,2.687500,2.640625,2.687500,2.142397,23600
1998-08-18,2.687500,2.718750,2.687500,2.718750,2.167309,38400
1998-08-19,2.718750,2.718750,2.687500,2.703125,2.154852,14000
1998-08-20,2.703125,2.781250,2.703125,2.781250,2.217131,22800
1998-08-21,2.750000,2.750000,2.750000,2.750000,2.192220,20800
1998-08-24,2.750000,2.750000,2.625000,2.656250,2.117485,537200
1998-08-25,2.656250,2.687500,2.656250,2.671875,2.129941,3600
1998-08-26,2.640625,2.640625,2.640625,2.640625,2.105029,28800
1998-08-27,2.609375,2.609375,2.531250,2.531250,2.017839,152800
1998-08-28,2.531250,2.531250,2.406250,2.421875,1.930648,66000
1998-08-31,2.375000,2.375000,2.156250,2.187500,1.743812,180000
1998-09-01,2.187500,2.187500,2.125000,2.156250,1.718900,133600
1998-09-02,2.187500,2.281250,2.187500,2.218750,1.768723,156000
1998-09-03,2.218750,2.281250,2.156250,2.265625,1.806090,92000
1998-09-04,2.328125,2.343750,2.281250,2.312500,1.843458,46800
1998-09-08,2.343750,2.406250,2.343750,2.406250,1.918192,67200
1998-09-09,2.375000,2.406250,2.343750,2.406250,1.918192,14000
1998-09-10,2.375000,2.375000,2.250000,2.250000,1.793635,72000
1998-09-11,2.281250,2.312500,2.281250,2.281250,1.818546,9200
1998-09-14,2.281250,2.296875,2.250000,2.281250,1.818546,36000
1998-09-15,2.250000,2.296875,2.250000,2.296875,1.831001,9200
1998-09-16,2.281250,2.343750,2.281250,2.328125,1.855914,10400
1998-09-17,2.312500,2.328125,2.265625,2.328125,1.855914,25600
1998-09-18,2.359375,2.359375,2.343750,2.343750,1.868370,6400
1998-09-21,2.359375,2.359375,2.312500,2.312500,1.843458,46000
1998-09-22,2.312500,2.328125,2.312500,2.328125,1.855914,18000
1998-09-23,2.312500,2.359375,2.312500,2.359375,1.880825,60400
1998-09-24,2.328125,2.375000,2.328125,2.328125,1.855914,6800
1998-09-25,2.312500,2.312500,2.250000,2.250000,1.793635,15600
1998-09-28,2.234375,2.281250,2.156250,2.265625,1.806090,55200
1998-09-29,2.218750,2.250000,2.187500,2.187500,1.743812,12800
1998-09-30,2.187500,2.250000,2.187500,2.234375,1.781179,116400
1998-10-01,2.250000,2.265625,2.234375,2.234375,1.781179,8800
1998-10-02,2.234375,2.250000,2.234375,2.250000,1.793635,25200
1998-10-05,2.218750,2.265625,2.218750,2.234375,1.781179,18800
1998-10-06,2.218750,2.218750,2.187500,2.218750,1.768723,10800
1998-10-07,2.203125,2.203125,2.187500,2.203125,1.756267,18800
1998-10-08,2.187500,2.187500,1.656250,1.906250,1.519607,415600
1998-10-09,1.968750,2.000000,1.968750,2.000000,1.594342,22000
1998-10-12,2.078125,2.078125,2.062500,2.062500,1.644165,16800
1998-10-13,2.093750,2.093750,2.046875,2.062500,1.644165,42000
1998-10-14,2.062500,2.093750,2.062500,2.093750,1.669076,6800
1998-10-15,2.125000,2.156250,2.109375,2.156250,1.718900,28800
1998-10-16,2.187500,2.250000,2.187500,2.218750,1.768723,24400
1998-10-19,2.250000,2.296875,2.250000,2.250000,1.793635,12800
1998-10-20,2.250000,2.343750,2.250000,2.343750,1.868370,23200
1998-10-21,2.328125,2.343750,2.328125,2.343750,1.868370,2800
1998-10-22,2.328125,2.328125,2.312500,2.312500,1.843458,15600
1998-10-23,2.296875,2.296875,2.281250,2.281250,1.818546,11600
1998-10-26,2.250000,2.343750,2.250000,2.343750,1.868370,23200
1998-10-27,2.312500,2.359375,2.312500,2.328125,1.855914,20000
1998-10-28,2.328125,2.328125,2.281250,2.312500,1.843458,160800
1998-10-29,2.343750,2.343750,2.328125,2.343750,1.868370,74400
1998-10-30,2.359375,2.375000,2.343750,2.359375,1.880825,58000
1998-11-02,2.390625,2.437500,2.390625,2.437500,1.943104,23200
1998-11-03,2.437500,2.437500,2.406250,2.437500,1.943104,78400
1998-11-04,2.468750,2.500000,2.437500,2.437500,1.943104,266800
1998-11-05,2.375000,2.375000,2.343750,2.343750,1.868370,23600
1998-11-06,2.359375,2.375000,2.359375,2.375000,1.893280,16800
1998-11-09,2.390625,2.421875,2.375000,2.406250,1.918192,11200
1998-11-10,2.390625,2.390625,2.390625,2.390625,1.905737,1600
1998-11-11,2.375000,2.375000,2.375000,2.375000,1.893280,2800
1998-11-12,2.359375,2.375000,2.359375,2.359375,1.880825,9200
1998-11-13,2.343750,2.406250,2.343750,2.406250,1.918192,69200
1998-11-16,2.375000,2.375000,2.359375,2.359375,1.880825,14000
1998-11-17,2.375000,2.406250,2.375000,2.406250,1.918192,83600
1998-11-18,2.375000,2.375000,2.359375,2.375000,1.893280,8800
1998-11-19,2.375000,2.375000,2.343750,2.343750,1.868370,24800
1998-11-20,2.343750,2.375000,2.296875,2.359375,1.880825,29600
1998-11-23,2.343750,2.390625,2.343750,2.375000,1.893280,88400
1998-11-24,2.406250,2.453125,2.406250,2.437500,1.943104,327600
1998-11-25,2.453125,2.531250,2.437500,2.484375,1.980471,42000
1998-11-27,2.500000,2.500000,2.500000,2.500000,1.992926,2000
1998-11-30,2.468750,2.484375,2.468750,2.484375,1.980471,69200
1998-12-01,2.468750,2.468750,2.453125,2.453125,1.955560,148400
1998-12-02,2.468750,2.531250,2.468750,2.500000,1.992926,184800
1998-12-03,2.531250,2.531250,2.500000,2.500000,1.992926,9200
1998-12-04,2.500000,2.500000,2.500000,2.500000,1.992926,176800
1998-12-07,2.500000,2.500000,2.421875,2.421875,1.930648,6000
1998-12-08,2.421875,2.421875,2.343750,2.375000,1.893280,22000
1998-12-09,2.406250,2.406250,2.312500,2.312500,1.843458,12000
1998-12-10,2.312500,2.312500,2.312500,2.312500,1.843458,3200
1998-12-11,2.312500,2.312500,2.296875,2.296875,1.831001,5600
1998-12-14,2.281250,2.281250,2.250000,2.250000,1.793635,13200
1998-12-15,2.234375,2.234375,2.218750,2.218750,1.768723,10800
1998-12-16,2.187500,2.187500,2.156250,2.171875,1.731356,55600
1998-12-17,2.171875,2.250000,2.171875,2.187500,1.743812,23200
1998-12-18,2.156250,2.203125,2.156250,2.203125,1.756267,28000
1998-12-21,2.187500,2.218750,2.187500,2.218750,1.768723,101200
1998-12-22,2.218750,2.250000,2.218750,2.250000,1.793635,95200
1998-12-23,2.281250,2.312500,2.281250,2.312500,1.843458,66400
1998-12-24,2.296875,2.312500,2.296875,2.312500,1.843458,17600
1998-12-28,2.296875,2.312500,2.281250,2.312500,1.843458,26800
1998-12-29,2.312500,2.312500,2.296875,2.312500,1.843458,80800
1998-12-30,2.312500,2.312500,2.312500,2.312500,1.843458,39200
1998-12-31,2.296875,2.328125,2.250000,2.296875,1.831001,32800
1999-01-04,2.281250,2.312500,2.281250,2.312500,1.843458,89200
1999-01-05,2.312500,2.343750,2.312500,2.343750,1.868370,132400
1999-01-06,2.359375,2.468750,2.359375,2.453125,1.955560,40800
1999-01-07,2.437500,2.468750,2.406250,2.468750,1.968015,28000
1999-01-08,2.484375,2.500000,2.437500,2.437500,1.943104,19200
1999-01-11,2.406250,2.656250,2.406250,2.609375,2.080118,2725600
1999-01-12,2.625000,2.625000,2.468750,2.468750,1.968015,23200
1999-01-13,2.437500,2.437500,2.437500,2.437500,1.943104,18800
1999-01-14,2.421875,2.421875,2.390625,2.406250,1.918192,19600
1999-01-15,2.468750,2.468750,2.437500,2.437500,1.943104,83600
1999-01-19,2.468750,2.468750,2.406250,2.406250,1.918192,33600
1999-01-20,2.406250,2.406250,2.390625,2.406250,1.918192,4000
1999-01-21,2.406250,2.406250,2.390625,2.390625,1.905737,8800
1999-01-22,2.359375,2.375000,2.359375,2.359375,1.880825,24400
1999-01-25,2.312500,2.375000,2.312500,2.375000,1.893280,26000
1999-01-26,2.343750,2.375000,2.343750,2.375000,1.893280,10000
1999-01-27,2.359375,2.359375,2.328125,2.328125,1.855914,13200
1999-01-28,2.328125,2.359375,2.328125,2.328125,1.855914,76000
1999-01-29,2.328125,2.328125,2.250000,2.250000,1.793635,48800
1999-02-01,2.250000,2.250000,2.250000,2.250000,1.793635,8400
1999-02-02,2.281250,2.296875,2.250000,2.250000,1.793635,16000
1999-02-03,2.250000,2.250000,2.250000,2.250000,1.793635,18000
1999-02-04,2.250000,2.250000,2.250000,2.250000,1.793635,11200
1999-02-05,2.250000,2.250000,2.250000,2.250000,1.793635,12400
1999-02-08,2.250000,2.281250,2.250000,2.265625,1.806090,40400
1999-02-09,2.265625,2.265625,2.265625,2.265625,1.806090,0
1999-02-10,2.250000,2.250000,2.156250,2.156250,1.718900,21200
1999-02-11,2.125000,2.156250,2.093750,2.125000,1.693988,74800
1999-02-12,2.156250,2.218750,2.156250,2.218750,1.768723,18800
1999-02-16,2.218750,2.218750,2.187500,2.187500,1.743812,24800
1999-02-17,2.187500,2.187500,2.187500,2.187500,1.743812,40000
1999-02-18,2.187500,2.218750,2.187500,2.203125,1.756267,10800
1999-02-19,2.234375,2.234375,2.203125,2.203125,1.756267,4000
1999-02-22,2.203125,2.203125,2.093750,2.093750,1.669076,32000
1999-02-23,2.109375,2.156250,2.093750,2.156250,1.718900,14800
1999-02-24,2.140625,2.156250,2.125000,2.156250,1.718900,24000
1999-02-25,2.125000,2.125000,2.093750,2.093750,1.669076,44400
1999-02-26,2.093750,2.093750,2.062500,2.062500,1.644165,12000
1999-03-01,2.062500,2.062500,2.062500,2.062500,1.644165,2000
1999-03-02,2.062500,2.093750,2.031250,2.093750,1.669076,24000
1999-03-03,2.031250,2.031250,1.968750,2.000000,1.617518,12000
1999-03-04,1.984375,2.000000,1.984375,1.984375,1.604881,4000
1999-03-05,2.000000,2.000000,1.984375,2.000000,1.617518,122400
1999-03-08,2.093750,2.218750,2.093750,2.140625,1.731250,46800
1999-03-09,2.125000,2.125000,2.093750,2.125000,1.718613,15600
1999-03-10,2.156250,2.171875,2.125000,2.125000,1.718613,28000
1999-03-11,2.171875,2.187500,2.156250,2.171875,1.756524,29600
1999-03-12,2.187500,2.218750,2.125000,2.125000,1.718613,11200
1999-03-15,2.125000,2.125000,2.125000,2.125000,1.718613,800
1999-03-16,2.125000,2.125000,2.093750,2.093750,1.693339,17200
1999-03-17,2.062500,2.062500,2.062500,2.062500,1.668065,4000
1999-03-18,2.093750,2.125000,2.062500,2.125000,1.718613,19600
1999-03-19,2.156250,2.156250,2.125000,2.125000,1.718613,11200
1999-03-22,2.000000,2.062500,2.000000,2.062500,1.668065,40400
1999-03-23,2.031250,2.046875,2.031250,2.046875,1.655429,30800
1999-03-24,2.031250,2.093750,2.015625,2.062500,1.668065,10400
1999-03-25,2.062500,2.062500,2.062500,2.062500,1.668065,3200
1999-03-26,2.062500,2.093750,2.062500,2.078125,1.680702,9200
1999-03-29,2.109375,2.109375,2.093750,2.093750,1.693339,3200
1999-03-30,2.078125,2.125000,2.078125,2.093750,1.693339,21200
1999-03-31,2.093750,2.093750,2.078125,2.078125,1.680702,5600
1999-04-01,2.140625,2.140625,2.125000,2.125000,1.718613,66800
1999-04-05,2.156250,2.156250,2.109375,2.109375,1.705976,28800
1999-04-06,2.062500,2.125000,2.062500,2.125000,1.718613,20400
1999-04-07,2.156250,2.156250,2.000000,2.000000,1.617518,50000
1999-04-08,2.000000,2.000000,2.000000,2.000000,1.617518,36400
1999-04-09,2.000000,2.000000,1.968750,1.984375,1.604881,9600
1999-04-12,1.984375,2.015625,1.968750,2.015625,1.630155,28800
1999-04-13,2.000000,2.000000,1.968750,1.968750,1.592244,75200
1999-04-14,1.968750,1.968750,1.953125,1.968750,1.592244,45600
1999-04-15,1.968750,2.000000,1.953125,2.000000,1.617518,7200
1999-04-16,2.031250,2.125000,2.031250,2.125000,1.718613,33600
1999-04-19,2.109375,2.218750,2.109375,2.187500,1.769160,22800
1999-04-20,2.187500,2.203125,2.171875,2.203125,1.781797,14400
1999-04-21,2.234375,2.234375,2.234375,2.234375,1.807071,400
1999-04-22,2.250000,2.250000,2.218750,2.250000,1.819708,34400
1999-04-23,2.250000,2.250000,2.250000,2.250000,1.819708,2400
1999-04-26,2.281250,2.281250,2.250000,2.250000,1.819708,12400
1999-04-27,2.281250,2.500000,2.281250,2.500000,2.021898,53200
1999-04-28,2.500000,2.625000,2.500000,2.593750,2.097719,24000
1999-04-29,2.625000,2.640625,2.609375,2.609375,2.110356,17200
1999-04-30,2.609375,2.609375,2.531250,2.562500,2.072445,12400
1999-05-03,2.531250,2.546875,2.500000,2.546875,2.059808,19200
1999-05-04,2.562500,2.562500,2.500000,2.531250,2.047171,11200
1999-05-05,2.500000,2.500000,2.500000,2.500000,2.021898,15600
1999-05-06,2.531250,2.546875,2.406250,2.437500,1.971351,44800
1999-05-07,2.468750,2.500000,2.437500,2.500000,2.021898,28400
1999-05-10,2.500000,2.500000,2.468750,2.468750,1.996624,4400
1999-05-11,2.453125,2.531250,2.453125,2.484375,2.009261,13600
1999-05-12,2.468750,2.468750,2.406250,2.406250,1.946076,24000
1999-05-13,2.375000,2.437500,2.312500,2.406250,1.946076,51600
1999-05-14,2.375000,2.375000,2.359375,2.359375,1.908166,1600
1999-05-17,2.406250,2.406250,2.375000,2.375000,1.920802,31600
1999-05-18,2.343750,2.375000,2.312500,2.375000,1.920802,13200
1999-05-19,2.375000,2.406250,2.375000,2.390625,1.933440,7200
1999-05-20,2.421875,2.421875,2.406250,2.421875,1.958714,2400
1999-05-21,2.390625,2.421875,2.390625,2.421875,1.958714,4400
1999-05-24,2.421875,2.421875,2.421875,2.421875,1.958714,0
1999-05-25,2.437500,2.468750,2.437500,2.468750,1.996624,7200
1999-05-26,2.453125,2.453125,2.453125,2.453125,1.983988,4000
1999-05-27,2.484375,2.515625,2.484375,2.515625,2.034534,9200
1999-05-28,2.500000,2.531250,2.500000,2.515625,2.034534,10400
1999-06-01,2.500000,2.515625,2.484375,2.500000,2.021898,28800
1999-06-02,2.500000,2.500000,2.468750,2.500000,2.021898,1600
1999-06-03,2.500000,2.500000,2.500000,2.500000,2.021898,1200
1999-06-04,2.500000,2.500000,2.500000,2.500000,2.021898,0
1999-06-07,2.484375,2.500000,2.468750,2.468750,1.996624,28400
1999-06-08,2.468750,2.468750,2.437500,2.437500,1.971351,15200
1999-06-09,2.453125,2.468750,2.453125,2.468750,1.996624,29200
1999-06-10,2.484375,2.531250,2.484375,2.484375,2.009261,17600
1999-06-11,2.484375,2.484375,2.484375,2.484375,2.009261,0
1999-06-14,2.468750,2.468750,2.453125,2.453125,1.983988,35200
1999-06-15,2.468750,2.500000,2.437500,2.500000,2.021898,24800
1999-06-16,2.515625,2.531250,2.500000,2.500000,2.021898,87200
1999-06-17,2.484375,2.484375,2.468750,2.484375,2.009261,2000
1999-06-18,2.468750,2.468750,2.468750,2.468750,1.996624,800
1999-06-21,2.468750,2.468750,2.468750,2.468750,1.996624,22800
1999-06-22,2.468750,2.468750,2.468750,2.468750,1.996624,400
1999-06-23,2.500000,2.500000,2.468750,2.500000,2.021898,36000
1999-06-24,2.515625,2.546875,2.500000,2.500000,2.021898,53600
1999-06-25,2.531250,2.531250,2.484375,2.484375,2.009261,8400
1999-06-28,2.468750,2.468750,2.468750,2.468750,1.996624,34000
1999-06-29,2.468750,2.484375,2.468750,2.484375,2.009261,16400
1999-06-30,2.453125,2.453125,2.437500,2.437500,1.971351,18400
1999-07-01,2.437500,2.500000,2.421875,2.468750,1.996624,26800
1999-07-02,2.437500,2.484375,2.421875,2.484375,2.009261,109600
1999-07-06,2.500000,2.500000,2.468750,2.500000,2.021898,30800
1999-07-07,2.500000,2.500000,2.500000,2.500000,2.021898,4800
1999-07-08,2.484375,2.593750,2.468750,2.562500,2.072445,36800
1999-07-09,2.546875,2.562500,2.546875,2.562500,2.072445,5600
1999-07-12,2.562500,2.562500,2.562500,2.562500,2.072445,2000
1999-07-13,2.531250,2.531250,2.515625,2.515625,2.034534,18400
1999-07-14,2.500000,2.500000,2.500000,2.500000,2.021898,400
1999-07-15,2.500000,2.500000,2.500000,2.500000,2.021898,800
1999-07-16,2.500000,2.500000,2.500000,2.500000,2.021898,0
1999-07-19,2.468750,2.468750,2.406250,2.406250,1.946076,18800
1999-07-20,2.375000,2.468750,2.375000,2.437500,1.971351,8400
1999-07-21,2.468750,2.468750,2.453125,2.453125,1.983988,5600
1999-07-22,2.484375,2.484375,2.437500,2.437500,1.971351,24000
1999-07-23,2.468750,2.468750,2.468750,2.468750,1.996624,800
1999-07-26,2.500000,2.500000,2.500000,2.500000,2.021898,4800
1999-07-27,2.500000,2.500000,2.500000,2.500000,2.021898,26800
1999-07-28,2.500000,2.500000,2.500000,2.500000,2.021898,9200
1999-07-29,2.468750,2.500000,2.468750,2.500000,2.021898,3200
1999-07-30,2.468750,2.500000,2.468750,2.500000,2.021898,2800
1999-08-02,2.500000,2.562500,2.500000,2.500000,2.021898,22800
1999-08-03,2.531250,2.531250,2.531250,2.531250,2.047171,1200
1999-08-04,2.500000,2.500000,2.500000,2.500000,2.021898,24000
1999-08-05,2.500000,2.500000,2.500000,2.500000,2.021898,0
1999-08-06,2.531250,2.531250,2.500000,2.500000,2.021898,24800
1999-08-09,2.500000,2.500000,2.500000,2.500000,2.021898,16000
1999-08-10,2.531250,2.609375,2.500000,2.593750,2.097719,36400
1999-08-11,2.593750,2.687500,2.593750,2.687500,2.173540,37600
1999-08-12,2.750000,3.093750,2.750000,3.062500,2.476825,64400
1999-08-13,3.187500,3.312500,3.187500,3.187500,2.577919,93600
1999-08-16,3.187500,3.187500,3.093750,3.093750,2.502099,40400
1999-08-17,3.031250,3.031250,2.937500,2.937500,2.375730,28800
1999-08-18,2.906250,2.906250,2.875000,2.875000,2.325182,3200
1999-08-19,2.859375,2.906250,2.859375,2.890625,2.337818,14800
1999-08-20,2.921875,2.921875,2.890625,2.890625,2.337818,7600
1999-08-23,2.921875,2.921875,2.875000,2.875000,2.325182,19600
1999-08-24,2.875000,2.875000,2.812500,2.812500,2.274635,20000
1999-08-25,2.796875,2.796875,2.671875,2.671875,2.160903,57600
1999-08-26,2.703125,2.812500,2.671875,2.812500,2.274635,31200
1999-08-27,2.781250,2.843750,2.765625,2.781250,2.249361,6800
1999-08-30,2.781250,2.859375,2.765625,2.859375,2.312545,19200
1999-08-31,2.828125,2.843750,2.828125,2.843750,2.299910,4000
1999-09-01,2.828125,2.828125,2.781250,2.781250,2.249361,12800
1999-09-02,2.796875,2.796875,2.750000,2.750000,2.224087,25600
1999-09-03,2.718750,2.734375,2.687500,2.734375,2.211451,19600
1999-09-07,2.734375,2.812500,2.734375,2.812500,2.274635,17200
1999-09-08,2.781250,2.781250,2.750000,2.750000,2.224087,10000
1999-09-09,2.734375,2.843750,2.734375,2.843750,2.299910,40800
1999-09-10,2.843750,3.000000,2.843750,3.000000,2.426277,29600
1999-09-13,2.968750,2.968750,2.750000,2.890625,2.337818,9600
1999-09-14,2.875000,2.875000,2.796875,2.796875,2.261997,8400
1999-09-15,2.812500,2.843750,2.796875,2.796875,2.261997,14800
1999-09-16,2.765625,2.843750,2.765625,2.843750,2.299910,33200
1999-09-17,2.843750,2.843750,2.750000,2.750000,2.224087,19600
1999-09-20,2.781250,2.796875,2.765625,2.765625,2.236724,8800
1999-09-21,2.781250,2.859375,2.781250,2.859375,2.312545,38400
1999-09-22,2.890625,3.000000,2.890625,3.000000,2.426277,31200
1999-09-23,3.031250,3.031250,2.812500,2.875000,2.325182,30400
1999-09-24,2.843750,2.843750,2.812500,2.843750,2.299910,26400
1999-09-27,2.812500,2.843750,2.796875,2.843750,2.299910,19200
1999-09-28,2.828125,2.843750,2.828125,2.843750,2.299910,14800
1999-09-29,2.812500,2.812500,2.703125,2.718750,2.198814,247600
1999-09-30,2.718750,2.718750,2.593750,2.609375,2.110356,190800
1999-10-01,2.578125,2.625000,2.546875,2.625000,2.122992,52000
1999-10-04,2.609375,2.750000,2.609375,2.703125,2.186177,71200
1999-10-05,2.671875,2.671875,2.640625,2.640625,2.135629,8400
1999-10-06,2.609375,2.609375,2.531250,2.562500,2.072445,72400
1999-10-07,2.531250,2.593750,2.531250,2.593750,2.097719,28000
1999-10-08,2.562500,2.562500,2.562500,2.562500,2.072445,1600
1999-10-11,2.562500,2.656250,2.562500,2.656250,2.148267,32800
1999-10-12,2.640625,2.640625,2.640625,2.640625,2.135629,400
1999-10-13,2.609375,2.609375,2.578125,2.578125,2.085083,8000
1999-10-14,2.562500,2.562500,2.531250,2.546875,2.059808,28800
1999-10-15,2.546875,2.546875,2.546875,2.546875,2.059808,8800
1999-10-18,2.546875,2.546875,2.546875,2.546875,2.059808,0
1999-10-19,2.531250,2.531250,2.531250,2.531250,2.047171,1600
1999-10-20,2.531250,2.531250,2.500000,2.500000,2.021898,41200
1999-10-21,2.500000,2.500000,2.500000,2.500000,2.021898,2400
1999-10-22,2.500000,2.500000,2.500000,2.500000,2.021898,3200
1999-10-25,2.500000,2.515625,2.500000,2.500000,2.021898,28800
1999-10-26,2.500000,2.500000,2.500000,2.500000,2.021898,5600
1999-10-27,2.500000,2.500000,2.500000,2.500000,2.021898,0
1999-10-28,2.500000,2.562500,2.500000,2.515625,2.034534,44000
1999-10-29,2.546875,2.546875,2.531250,2.531250,2.047171,2800
1999-11-01,2.500000,2.531250,2.500000,2.531250,2.047171,15200
1999-11-02,2.531250,2.531250,2.500000,2.500000,2.021898,10000
1999-11-03,2.500000,2.500000,2.500000,2.500000,2.021898,8000
1999-11-04,2.500000,2.500000,2.500000,2.500000,2.021898,8000
1999-11-05,2.484375,2.484375,2.453125,2.453125,1.983988,11600
1999-11-08,2.453125,2.453125,2.453125,2.453125,1.983988,400
1999-11-09,2.437500,2.453125,2.406250,2.406250,1.946076,75600
1999-11-10,2.453125,2.453125,2.453125,2.453125,1.983988,2800
1999-11-11,2.468750,2.468750,2.468750,2.468750,1.996624,6800
1999-11-12,2.484375,2.500000,2.484375,2.500000,2.021898,28800
1999-11-15,2.500000,2.500000,2.468750,2.484375,2.009261,9200
1999-11-16,2.453125,2.453125,2.453125,2.453125,1.983988,8000
1999-11-17,2.437500,2.437500,2.437500,2.437500,1.971351,24000
1999-11-18,2.437500,2.437500,2.437500,2.437500,1.971351,34400
1999-11-19,2.437500,2.437500,2.406250,2.406250,1.946076,9600
1999-11-22,2.375000,2.437500,2.343750,2.406250,1.946076,30000
1999-11-23,2.406250,2.484375,2.406250,2.484375,2.009261,13600
1999-11-24,2.500000,2.500000,2.468750,2.484375,2.009261,17200
1999-11-26,2.453125,2.453125,2.453125,2.453125,1.983988,2800
1999-11-29,2.437500,2.437500,2.406250,2.437500,1.971351,5200
1999-11-30,2.437500,2.437500,2.375000,2.375000,1.920802,37200
1999-12-01,2.343750,2.375000,2.328125,2.375000,1.920802,15600
1999-12-02,2.343750,2.375000,2.343750,2.375000,1.920802,4800
1999-12-03,2.406250,2.468750,2.359375,2.375000,1.920802,32000
1999-12-06,2.375000,2.375000,2.328125,2.375000,1.920802,22400
1999-12-07,2.343750,2.343750,2.328125,2.328125,1.882892,14400
1999-12-08,2.328125,2.328125,2.312500,2.312500,1.870256,4400
1999-12-09,2.312500,2.343750,2.312500,2.328125,1.882892,30400
1999-12-10,2.328125,2.328125,2.296875,2.328125,1.882892,18800
1999-12-13,2.328125,2.328125,2.250000,2.312500,1.870256,37200
1999-12-14,2.296875,2.312500,2.250000,2.265625,1.832345,337600
1999-12-15,2.265625,2.343750,2.265625,2.343750,1.895530,13200
1999-12-16,2.312500,2.343750,2.312500,2.312500,1.870256,4800
1999-12-17,2.312500,2.312500,2.281250,2.312500,1.870256,8000
1999-12-20,2.281250,2.312500,2.281250,2.281250,1.844981,28400
1999-12-21,2.281250,2.468750,2.281250,2.468750,1.996624,66400
1999-12-22,2.500000,2.812500,2.500000,2.734375,2.211451,173600
1999-12-23,2.734375,2.843750,2.593750,2.843750,2.299910,114800
1999-12-27,2.843750,2.937500,2.843750,2.906250,2.350456,27600
1999-12-28,3.031250,3.062500,3.015625,3.015625,2.438913,15200
1999-12-29,3.000000,3.000000,2.968750,2.968750,2.401003,28400
1999-12-30,3.000000,3.125000,3.000000,3.109375,2.514735,41200
1999-12-31,3.078125,3.125000,3.062500,3.062500,2.476825,21200
2000-01-03,3.062500,3.109375,3.015625,3.015625,2.438913,121600
2000-01-04,2.984375,3.015625,2.953125,3.000000,2.426277,33200
2000-01-05,2.968750,2.968750,2.937500,2.937500,2.375730,11600
2000-01-06,2.921875,2.921875,2.875000,2.906250,2.350456,12400
2000-01-07,2.875000,2.890625,2.781250,2.890625,2.337818,29600
2000-01-10,2.890625,2.968750,2.890625,2.937500,2.375730,7600
2000-01-11,2.953125,2.953125,2.890625,2.921875,2.363092,11200
2000-01-12,2.890625,2.890625,2.671875,2.703125,2.186177,48800
2000-01-13,2.734375,2.812500,2.734375,2.781250,2.249361,18000
2000-01-14,2.812500,2.812500,2.750000,2.750000,2.224087,7600
2000-01-18,2.750000,2.875000,2.750000,2.875000,2.325182,68400
2000-01-19,2.843750,2.890625,2.843750,2.890625,2.337818,44400
2000-01-20,2.921875,2.921875,2.812500,2.812500,2.274635,21600
2000-01-21,2.812500,2.812500,2.718750,2.718750,2.198814,78800
2000-01-24,2.750000,2.750000,2.718750,2.718750,2.198814,12400
2000-01-25,2.750000,2.750000,2.671875,2.671875,2.160903,53600
2000-01-26,2.671875,2.703125,2.640625,2.656250,2.148267,24400
2000-01-27,2.656250,2.687500,2.656250,2.687500,2.173540,21200
2000-01-28,2.718750,2.734375,2.656250,2.703125,2.186177,32400
2000-01-31,2.703125,2.703125,2.625000,2.625000,2.122992,22800
2000-02-01,2.625000,2.656250,2.593750,2.640625,2.135629,21200
2000-02-02,2.625000,2.625000,2.609375,2.609375,2.110356,6400
2000-02-03,2.593750,2.609375,2.593750,2.593750,2.097719,12800
2000-02-04,2.562500,2.625000,2.546875,2.578125,2.085083,32400
2000-02-07,2.562500,2.687500,2.562500,2.687500,2.173540,204800
2000-02-08,2.703125,2.750000,2.703125,2.750000,2.224087,110400
2000-02-09,2.781250,2.781250,2.656250,2.656250,2.148267,35200
2000-02-10,2.656250,2.687500,2.656250,2.687500,2.173540,27600
2000-02-11,2.656250,2.656250,2.593750,2.625000,2.122992,7200
2000-02-14,2.593750,2.656250,2.546875,2.656250,2.148267,36800
2000-02-15,2.687500,2.718750,2.687500,2.703125,2.186177,6400
2000-02-16,2.671875,2.765625,2.656250,2.750000,2.224087,36800
2000-02-17,2.750000,2.750000,2.640625,2.640625,2.135629,58000
2000-02-18,2.609375,2.609375,2.578125,2.609375,2.110356,14800
2000-02-22,2.593750,2.593750,2.531250,2.531250,2.047171,17600
2000-02-23,2.531250,2.531250,2.531250,2.531250,2.047171,8000
2000-02-24,2.531250,2.656250,2.500000,2.656250,2.148267,51200
2000-02-25,2.625000,2.625000,2.531250,2.562500,2.072445,23200
2000-02-28,2.593750,2.609375,2.515625,2.515625,2.034534,15200
2000-02-29,2.562500,2.593750,2.515625,2.562500,2.072445,44800
2000-03-01,2.562500,2.656250,2.562500,2.609375,2.110356,32000
2000-03-02,2.625000,3.000000,2.625000,2.937500,2.375730,91600
2000-03-03,2.937500,2.937500,2.906250,2.937500,2.375730,8800
2000-03-06,2.906250,2.937500,2.890625,2.937500,2.375730,19600
2000-03-07,2.921875,2.937500,2.875000,2.906250,2.350456,79600
2000-03-08,2.890625,2.984375,2.875000,2.937500,2.408884,46800
2000-03-09,2.937500,2.984375,2.937500,2.984375,2.447323,6400
2000-03-10,2.953125,2.953125,2.921875,2.921875,2.396071,8800
2000-03-13,2.937500,3.000000,2.937500,2.984375,2.447323,30000
2000-03-14,3.015625,3.015625,2.953125,2.953125,2.421697,34000
2000-03-15,2.953125,2.984375,2.953125,2.953125,2.421697,7200
2000-03-16,2.984375,2.984375,2.921875,2.984375,2.447323,23600
2000-03-17,2.953125,2.984375,2.953125,2.984375,2.447323,7600
2000-03-20,2.953125,2.984375,2.921875,2.953125,2.421697,30000
2000-03-21,2.984375,2.984375,2.937500,2.937500,2.408884,13600
2000-03-22,2.906250,3.000000,2.890625,2.984375,2.447323,28800
2000-03-23,2.953125,2.953125,2.921875,2.953125,2.421697,15200
2000-03-24,2.953125,2.953125,2.953125,2.953125,2.421697,0
2000-03-27,2.953125,2.953125,2.937500,2.953125,2.421697,4800
2000-03-28,2.921875,2.953125,2.921875,2.953125,2.421697,2400
2000-03-29,2.921875,2.953125,2.921875,2.953125,2.421697,5600
2000-03-30,2.921875,2.937500,2.906250,2.906250,2.383258,51600
2000-03-31,2.921875,2.953125,2.921875,2.953125,2.421697,26800
2000-04-03,2.968750,2.968750,2.906250,2.921875,2.396071,27200
2000-04-04,2.953125,3.015625,2.937500,3.015625,2.472952,216800
2000-04-05,3.015625,3.328125,3.015625,3.312500,2.716401,191600
2000-04-06,3.281250,3.562500,3.281250,3.437500,2.818907,291200
2000-04-07,3.515625,3.687500,3.468750,3.484375,2.857347,160800
2000-04-10,3.578125,3.625000,3.437500,3.437500,2.818907,130000
2000-04-11,3.406250,3.453125,3.281250,3.390625,2.780467,104000
2000-04-12,3.421875,3.421875,3.250000,3.250000,2.665148,47200
2000-04-13,3.250000,3.250000,3.156250,3.156250,2.588270,50400
2000-04-14,3.140625,3.250000,3.140625,3.187500,2.613896,42000
2000-04-17,3.218750,3.234375,3.125000,3.156250,2.588270,22400
2000-04-18,3.140625,3.203125,3.093750,3.171875,2.601082,44800
2000-04-19,3.140625,3.375000,3.140625,3.265625,2.677961,108800
2000-04-20,3.265625,3.343750,3.156250,3.234375,2.652335,39200
2000-04-24,3.203125,3.296875,3.203125,3.265625,2.677961,80800
2000-04-25,3.296875,3.328125,3.250000,3.281250,2.690775,110000
2000-04-26,3.312500,3.421875,3.281250,3.406250,2.793281,48800
2000-04-27,3.375000,3.390625,3.343750,3.359375,2.754841,5200
2000-04-28,3.375000,3.406250,3.375000,3.406250,2.793281,16000
2000-05-01,3.437500,3.515625,3.406250,3.437500,2.818907,72000
2000-05-02,3.406250,3.500000,3.406250,3.406250,2.793281,24400
2000-05-03,3.375000,3.437500,3.343750,3.437500,2.818907,24800
2000-05-04,3.406250,3.437500,3.375000,3.437500,2.818907,23200
2000-05-05,3.406250,3.453125,3.406250,3.406250,2.793281,10800
2000-05-08,3.375000,3.437500,3.343750,3.375000,2.767653,37600
2000-05-09,3.375000,3.718750,3.375000,3.625000,2.972666,103600
2000-05-10,3.593750,3.625000,3.468750,3.531250,2.895787,65600
2000-05-11,3.531250,3.578125,3.515625,3.578125,2.934226,24000
2000-05-12,3.609375,3.609375,3.562500,3.593750,2.947040,10800
2000-05-15,3.609375,3.687500,3.609375,3.687500,3.023918,46400
2000-05-16,3.718750,3.875000,3.718750,3.765625,3.087985,145600
2000-05-17,3.750000,3.765625,3.671875,3.734375,3.062359,66000
2000-05-18,3.750000,4.000000,3.750000,3.937500,3.228930,94400
2000-05-19,3.843750,3.968750,3.843750,3.890625,3.190489,45200
2000-05-22,3.890625,3.937500,3.843750,3.921875,3.216117,88400
2000-05-23,4.000000,4.125000,4.000000,4.109375,3.369875,166800
2000-05-24,4.156250,4.156250,3.906250,4.000000,3.280182,86000
2000-05-25,3.937500,3.937500,3.875000,3.921875,3.216117,41200
2000-05-26,3.875000,3.937500,3.812500,3.937500,3.228930,103600
2000-05-30,3.906250,4.125000,3.906250,4.109375,3.369875,72000
2000-05-31,4.109375,4.109375,3.937500,4.000000,3.280182,101200
2000-06-01,3.968750,3.968750,3.937500,3.937500,3.228930,15600
2000-06-02,3.937500,4.078125,3.937500,4.000000,3.280182,57600
2000-06-05,4.046875,4.562500,4.015625,4.500000,3.690206,468400
2000-06-06,4.500000,4.656250,4.437500,4.437500,3.638952,446400
2000-06-07,4.484375,4.484375,4.312500,4.375000,3.587699,184800
2000-06-08,4.437500,4.468750,4.312500,4.312500,3.536447,74800
2000-06-09,4.343750,4.437500,4.312500,4.421875,3.626138,108400
2000-06-12,4.421875,4.578125,4.421875,4.468750,3.664579,243600
2000-06-13,4.484375,4.484375,4.406250,4.421875,3.626138,39600
2000-06-14,4.453125,4.500000,4.406250,4.500000,3.690206,226400
2000-06-15,4.500000,4.562500,4.359375,4.500000,3.690206,133600
2000-06-16,4.593750,4.687500,4.515625,4.671875,3.831150,254800
2000-06-19,4.843750,5.125000,4.781250,5.078125,4.164294,629600
2000-06-20,5.500000,5.734375,5.250000,5.437500,4.458999,1294800
2000-06-21,5.406250,5.406250,4.750000,5.000000,4.100227,1158400
2000-06-22,4.937500,5.000000,4.187500,4.375000,3.587699,806000
2000-06-23,4.312500,4.406250,3.906250,4.031250,3.305810,756400
2000-06-26,4.015625,4.484375,4.015625,4.468750,3.664579,392400
2000-06-27,4.484375,4.625000,4.359375,4.406250,3.613326,280400
2000-06-28,4.468750,4.578125,4.406250,4.406250,3.613326,146400
2000-06-29,4.437500,4.437500,4.312500,4.343750,3.562073,91600
2000-06-30,4.312500,4.312500,4.015625,4.062500,3.331435,218000
2000-07-03,4.000000,4.125000,4.000000,4.109375,3.369875,122400
2000-07-05,4.000000,4.031250,3.937500,3.984375,3.267369,240800
2000-07-06,4.000000,4.031250,3.937500,3.984375,3.267369,134800
2000-07-07,4.031250,4.109375,4.015625,4.062500,3.331435,120400
2000-07-10,4.031250,4.046875,4.015625,4.015625,3.292995,79600
2000-07-11,4.015625,4.125000,3.984375,4.125000,3.382688,157200
2000-07-12,4.156250,4.218750,4.125000,4.187500,3.433941,116000
2000-07-13,4.187500,4.296875,4.171875,4.265625,3.498008,54400
2000-07-14,4.296875,4.421875,4.250000,4.406250,3.613326,105600
2000-07-17,4.437500,4.593750,4.421875,4.531250,3.715832,110400
2000-07-18,4.515625,4.562500,4.484375,4.484375,3.677392,50400
2000-07-19,4.484375,4.500000,4.312500,4.406250,3.613326,114000
2000-07-20,4.343750,4.531250,4.312500,4.531250,3.715832,212400
2000-07-21,4.500000,4.515625,4.437500,4.484375,3.677392,63600
2000-07-24,4.500000,4.500000,4.343750,4.343750,3.562073,38800
2000-07-25,4.343750,4.359375,4.125000,4.125000,3.382688,135200
2000-07-26,4.078125,4.109375,3.937500,4.031250,3.305810,71200
2000-07-27,4.031250,4.062500,3.921875,3.937500,3.228930,85200
2000-07-28,3.921875,3.937500,3.781250,3.812500,3.126425,132800
2000-07-31,3.781250,3.812500,3.687500,3.750000,3.075171,71600
2000-08-01,3.765625,3.875000,3.750000,3.875000,3.177678,65600
2000-08-02,3.906250,3.968750,3.906250,3.937500,3.228930,45200
2000-08-03,3.937500,3.968750,3.875000,3.968750,3.254557,56000
2000-08-04,3.953125,3.953125,3.875000,3.921875,3.216117,32800
2000-08-07,3.890625,4.000000,3.875000,3.968750,3.254557,52400
2000-08-08,4.000000,4.031250,3.937500,4.031250,3.305810,18000
2000-08-09,4.031250,4.062500,4.031250,4.031250,3.305810,14000
2000-08-10,4.031250,4.031250,4.000000,4.000000,3.280182,8800
2000-08-11,4.031250,4.031250,3.984375,4.000000,3.280182,6800
2000-08-14,4.000000,4.000000,3.875000,3.906250,3.203304,52000
2000-08-15,3.890625,3.890625,3.750000,3.812500,3.126425,52400
2000-08-16,3.781250,3.781250,3.703125,3.703125,3.036731,78800
2000-08-17,3.703125,3.843750,3.703125,3.781250,3.100797,190800
2000-08-18,3.781250,3.859375,3.781250,3.796875,3.113611,98000
2000-08-21,3.796875,3.828125,3.750000,3.750000,3.075171,58800
2000-08-22,3.750000,3.781250,3.656250,3.718750,3.049544,139600
2000-08-23,3.718750,3.843750,3.718750,3.843750,3.152050,50400
2000-08-24,3.859375,3.968750,3.796875,3.968750,3.254557,16000
2000-08-25,4.000000,4.000000,3.875000,3.875000,3.177678,33600
2000-08-28,3.875000,3.875000,3.781250,3.843750,3.152050,100000
2000-08-29,3.906250,3.984375,3.875000,3.937500,3.228930,101200
2000-08-30,3.906250,4.109375,3.906250,4.093750,3.357061,71600
2000-08-31,4.125000,4.187500,4.031250,4.093750,3.357061,71600
2000-09-01,4.093750,4.156250,4.062500,4.093750,3.357061,40800
2000-09-05,4.062500,4.062500,4.000000,4.031250,3.305810,67600
2000-09-06,3.984375,3.984375,3.937500,3.984375,3.267369,19200
2000-09-07,3.984375,4.156250,3.984375,4.156250,3.408315,52800
2000-09-08,4.156250,4.171875,4.125000,4.171875,3.421128,6800
2000-09-11,4.187500,4.281250,4.125000,4.281250,3.510821,56000
2000-09-12,4.312500,4.593750,4.312500,4.500000,3.690206,213200
2000-09-13,4.531250,4.843750,4.437500,4.750000,3.895217,158000
2000-09-14,4.812500,4.812500,4.656250,4.656250,3.818337,110800
2000-09-15,4.703125,4.703125,4.562500,4.562500,3.741459,37600
2000-09-18,4.593750,4.593750,4.312500,4.343750,3.562073,84400
2000-09-19,4.312500,4.484375,4.312500,4.484375,3.677392,53200
2000-09-20,4.593750,4.859375,4.593750,4.687500,3.843965,174400
2000-09-21,4.656250,4.812500,4.562500,4.656250,3.818337,115600
2000-09-22,4.625000,4.640625,4.546875,4.546875,3.728645,56800
2000-09-25,4.546875,4.593750,4.468750,4.562500,3.741459,53600
2000-09-26,4.531250,4.531250,4.406250,4.468750,3.664579,36400
2000-09-27,4.437500,4.484375,4.437500,4.484375,3.677392,10400
2000-09-28,4.468750,4.656250,4.468750,4.625000,3.792711,60800
2000-09-29,4.656250,4.703125,4.625000,4.687500,3.843965,35600
2000-10-02,4.750000,4.781250,4.656250,4.687500,3.843965,55600
2000-10-03,4.656250,4.656250,4.656250,4.656250,3.818337,7200
2000-10-04,4.656250,4.687500,4.609375,4.671875,3.831150,25200
2000-10-05,4.656250,4.656250,4.593750,4.625000,3.792711,43200
2000-10-06,4.671875,4.671875,4.593750,4.625000,3.792711,43200
2000-10-09,4.609375,4.609375,4.218750,4.343750,3.562073,77600
2000-10-10,4.343750,4.375000,4.343750,4.343750,3.562073,15600
2000-10-11,4.343750,4.343750,4.312500,4.328125,3.549260,27600
2000-10-12,4.375000,4.375000,4.281250,4.312500,3.536447,50800
2000-10-13,4.375000,4.406250,4.359375,4.375000,3.587699,21600
2000-10-16,4.406250,4.484375,4.406250,4.484375,3.677392,25600
2000-10-17,4.484375,4.484375,4.421875,4.421875,3.626138,46800
2000-10-18,4.375000,4.421875,4.281250,4.296875,3.523634,27600
2000-10-19,4.312500,4.406250,4.312500,4.375000,3.587699,42400
2000-10-20,4.312500,4.312500,4.281250,4.281250,3.510821,26800
2000-10-23,4.156250,4.171875,4.093750,4.125000,3.382688,58000
2000-10-24,4.125000,4.125000,4.062500,4.062500,3.331435,39200
2000-10-25,4.062500,4.062500,3.968750,3.968750,3.254557,24800
2000-10-26,3.906250,3.906250,3.843750,3.875000,3.177678,41200
2000-10-27,3.906250,3.937500,3.875000,3.906250,3.203304,55600
2000-10-30,3.875000,3.875000,3.750000,3.781250,3.100797,39200
2000-10-31,3.781250,3.890625,3.781250,3.890625,3.190489,97200
2000-11-01,3.859375,4.015625,3.859375,4.000000,3.280182,94000
2000-11-02,3.984375,4.031250,3.968750,4.031250,3.305810,49200
2000-11-03,4.031250,4.031250,3.937500,4.031250,3.305810,59200
2000-11-06,4.062500,4.062500,3.968750,4.000000,3.280182,24800
2000-11-07,4.031250,4.125000,4.000000,4.125000,3.382688,35200
2000-11-08,4.125000,4.281250,4.125000,4.250000,3.485194,36400
2000-11-09,4.218750,4.218750,4.187500,4.218750,3.459568,7200
2000-11-10,4.218750,4.218750,4.062500,4.125000,3.382688,21600
2000-11-13,4.093750,4.093750,3.843750,3.968750,3.254557,72000
2000-11-14,3.968750,3.968750,3.937500,3.953125,3.241743,6400
2000-11-15,3.968750,4.046875,3.968750,4.000000,3.280182,19200
2000-11-16,4.000000,4.093750,4.000000,4.093750,3.357061,27200
2000-11-17,4.125000,4.156250,4.109375,4.156250,3.408315,7200
2000-11-20,4.156250,4.281250,4.125000,4.250000,3.485194,31600
2000-11-21,4.250000,4.250000,4.218750,4.218750,3.459568,16800
2000-11-22,4.187500,4.218750,4.187500,4.218750,3.459568,24800
2000-11-24,4.187500,4.250000,4.156250,4.250000,3.485194,12800
2000-11-27,4.218750,4.281250,4.187500,4.265625,3.498008,41600
2000-11-28,4.250000,4.296875,4.218750,4.296875,3.523634,32800
2000-11-29,4.265625,4.343750,4.265625,4.343750,3.562073,19600
2000-11-30,4.312500,4.312500,4.156250,4.218750,3.459568,40800
2000-12-01,4.187500,4.281250,4.187500,4.281250,3.510821,21600
2000-12-04,4.250000,4.281250,4.218750,4.265625,3.498008,3600
2000-12-05,4.265625,4.546875,4.265625,4.531250,3.715832,82400
2000-12-06,4.531250,4.546875,4.500000,4.546875,3.728645,28800
2000-12-07,4.515625,4.546875,4.500000,4.531250,3.715832,28400
2000-12-08,4.515625,4.593750,4.500000,4.593750,3.767084,31600
2000-12-11,4.562500,4.656250,4.531250,4.656250,3.818337,60400
2000-12-12,4.625000,4.656250,4.593750,4.656250,3.818337,15200
2000-12-13,4.656250,4.671875,4.593750,4.656250,3.818337,14000
2000-12-14,4.625000,4.625000,4.562500,4.593750,3.767084,22800
2000-12-15,4.562500,4.562500,4.500000,4.531250,3.715832,53600
2000-12-18,4.562500,4.562500,4.468750,4.468750,3.664579,55600
2000-12-19,4.531250,4.593750,4.500000,4.500000,3.690206,135200
2000-12-20,4.500000,4.500000,4.250000,4.250000,3.485194,56800
2000-12-21,4.250000,4.312500,4.187500,4.312500,3.536447,40800
2000-12-22,4.312500,4.375000,4.312500,4.328125,3.549260,44800
2000-12-26,4.359375,4.437500,4.343750,4.437500,3.638952,22000
2000-12-27,4.421875,4.468750,4.421875,4.453125,3.651766,30000
2000-12-28,4.500000,4.531250,4.468750,4.500000,3.690206,28800
2000-12-29,4.500000,4.500000,4.359375,4.406250,3.613326,36400
2001-01-02,4.406250,4.500000,4.406250,4.437500,3.638952,30800
2001-01-03,4.406250,4.531250,4.406250,4.484375,3.677392,35600
2001-01-04,4.484375,4.500000,4.468750,4.484375,3.677392,25200
2001-01-05,4.500000,4.500000,4.468750,4.468750,3.664579,18400
2001-01-08,4.468750,4.468750,4.281250,4.375000,3.587699,55600
2001-01-09,4.359375,4.359375,4.281250,4.296875,3.523634,15600
2001-01-10,4.296875,4.312500,4.296875,4.312500,3.536447,12800
2001-01-11,4.343750,4.375000,4.343750,4.359375,3.574888,18400
2001-01-12,4.406250,4.406250,4.281250,4.375000,3.587699,40400
2001-01-16,4.437500,4.437500,4.406250,4.421875,3.626138,29600
2001-01-17,4.421875,4.421875,4.343750,4.343750,3.562073,16000
2001-01-18,4.375000,4.375000,4.156250,4.218750,3.459568,94400
2001-01-19,4.218750,4.250000,4.171875,4.234375,3.472381,12000
2001-01-22,4.234375,4.296875,4.234375,4.296875,3.523634,17200
2001-01-23,4.296875,4.359375,4.281250,4.359375,3.574888,23600
2001-01-24,4.375000,4.437500,4.375000,4.437500,3.638952,19200
2001-01-25,4.468750,4.484375,4.437500,4.437500,3.638952,29200
2001-01-26,4.437500,4.484375,4.406250,4.468750,3.664579,12800
2001-01-29,4.492500,4.500000,4.462500,4.462500,3.659454,21200
2001-01-30,4.512500,4.512500,4.437500,4.437500,3.638952,23600
2001-01-31,4.475000,4.500000,4.475000,4.497500,3.688155,11200
2001-02-01,4.500000,4.525000,4.497500,4.525000,3.710706,30800
2001-02-02,4.500000,4.500000,4.475000,4.487500,3.679955,9600
2001-02-05,4.487500,4.500000,4.487500,4.487500,3.679955,8000
2001-02-06,4.500000,4.500000,4.500000,4.500000,3.690206,3600
2001-02-07,4.500000,4.545000,4.485000,4.537500,3.720958,34400
2001-02-08,4.575000,4.625000,4.572500,4.620000,3.788612,93600
2001-02-09,4.620000,4.620000,4.575000,4.612500,3.782460,85600
2001-02-12,4.600000,4.605000,4.537500,4.600000,3.772209,27600
2001-02-13,4.600000,4.600000,4.450000,4.537500,3.720958,35200
2001-02-14,4.535000,4.600000,4.535000,4.600000,3.772209,30000
2001-02-15,4.600000,4.625000,4.570000,4.625000,3.792711,67600
2001-02-16,4.625000,4.625000,4.550000,4.550000,3.731209,18400
2001-02-20,4.550000,4.575000,4.500000,4.500000,3.690206,34400
2001-02-21,4.500000,4.500000,4.437500,4.470000,3.665604,22400
2001-02-22,4.470000,4.470000,4.437500,4.462500,3.659454,10800
2001-02-23,4.475000,4.475000,4.375000,4.400000,3.608201,21200
2001-02-26,4.412500,4.462500,4.395000,4.460000,3.657403,40000
2001-02-27,4.437500,4.500000,4.437500,4.497500,3.688155,41200
2001-02-28,4.500000,4.500000,4.450000,4.450000,3.649204,21200
2001-03-01,4.437500,4.437500,4.412500,4.412500,3.618452,4800
2001-03-02,4.430000,4.487500,4.430000,4.462500,3.659454,14000
2001-03-05,4.462500,4.525000,4.437500,4.525000,3.710706,53600
2001-03-06,4.510000,4.512500,4.510000,4.512500,3.700455,6800
2001-03-07,4.512500,4.762500,4.512500,4.762500,3.905467,76400
2001-03-08,4.812500,4.842500,4.787500,4.787500,3.925968,47600
2001-03-09,4.787500,4.787500,4.737500,4.750000,3.895217,10400
2001-03-12,4.712500,4.737500,4.687500,4.687500,3.843965,37600
2001-03-13,4.687500,4.687500,4.687500,4.687500,3.843965,0
2001-03-14,4.687500,4.712500,4.662500,4.662500,3.823463,35200
2001-03-15,4.650000,4.650000,4.425000,4.475000,3.669704,104000
2001-03-16,4.450000,4.475000,4.375000,4.470000,3.665604,28400
2001-03-19,4.500000,4.512500,4.447500,4.500000,3.690206,20400
2001-03-20,4.500000,4.500000,4.420000,4.437500,3.638952,12000
2001-03-21,4.412500,4.437500,4.385000,4.400000,3.608201,27200
2001-03-22,4.397500,4.397500,4.350000,4.362500,3.577448,25600
2001-03-23,4.412500,4.425000,4.412500,4.412500,3.618452,13600
2001-03-26,4.462500,4.462500,4.462500,4.462500,3.659454,37200
2001-03-27,4.450000,4.462500,4.437500,4.460000,3.657403,15200
2001-03-28,4.462500,4.462500,4.437500,4.437500,3.638952,12400
2001-03-29,4.435000,4.500000,4.435000,4.500000,3.690206,8000
2001-03-30,4.537500,4.587500,4.537500,4.587500,3.761959,40800
2001-04-02,4.562500,4.675000,4.437500,4.675000,3.833714,78400
2001-04-03,4.687500,4.712500,4.450000,4.525000,3.710706,104800
2001-04-04,4.500000,4.515000,4.447500,4.475000,3.669704,18800
2001-04-05,4.450000,4.450000,4.225000,4.300000,3.526196,110800
2001-04-06,4.287500,4.287500,4.237500,4.237500,3.474944,23600
2001-04-09,4.225000,4.225000,4.212500,4.212500,3.454443,6800
2001-04-10,4.172500,4.287500,4.172500,4.287500,3.549653,84400
2001-04-11,4.300000,4.312500,4.250000,4.250000,3.518605,12400
2001-04-12,4.250000,4.275000,4.235000,4.275000,3.539303,18800
2001-04-16,4.250000,4.250000,4.250000,4.250000,3.518605,400
2001-04-17,4.250000,4.257500,4.250000,4.255000,3.522746,12000
2001-04-18,4.250000,4.252500,4.212500,4.252500,3.520676,33200
2001-04-19,4.252500,4.252500,4.225000,4.225000,3.497907,18000
2001-04-20,4.225000,4.245000,4.175000,4.175000,3.456512,20400
2001-04-23,4.175000,4.187500,4.175000,4.187500,3.466861,4800
2001-04-24,4.125000,4.125000,4.100000,4.125000,3.415118,75200
2001-04-25,4.105000,4.105000,4.090000,4.090000,3.386141,9200
2001-04-26,4.087500,4.087500,3.975000,4.000000,3.311629,108000
2001-04-27,3.987500,4.225000,3.987500,4.225000,3.497907,353200
2001-04-30,4.250000,4.450000,4.250000,4.450000,3.684187,91600
2001-05-01,4.475000,4.812500,4.475000,4.787500,3.963605,292800
2001-05-02,4.812500,4.925000,4.812500,4.912500,4.067091,189600
2001-05-03,4.912500,4.912500,4.830000,4.850000,4.015351,81600
2001-05-04,4.837500,4.862500,4.825000,4.862500,4.025698,29600
2001-05-07,4.875000,4.962500,4.875000,4.925000,4.077442,66400
2001-05-08,4.950000,4.950000,4.925000,4.925000,4.077442,54800
2001-05-09,4.925000,4.925000,4.900000,4.925000,4.077442,25200
2001-05-10,4.925000,4.957500,4.900000,4.942500,4.091932,44400
2001-05-11,4.962500,5.112500,4.962500,5.062500,4.191281,100000
2001-05-14,5.062500,5.122500,5.062500,5.112500,4.232674,60400
2001-05-15,5.112500,5.125000,5.075000,5.075000,4.201628,104800
2001-05-16,5.075000,5.075000,4.950000,5.062500,4.191281,80800
2001-05-17,5.037500,5.075000,5.027500,5.062500,4.191281,136000
2001-05-18,5.062500,5.287500,5.062500,5.287500,4.377558,172400
2001-05-21,5.412500,5.422500,5.225000,5.235000,4.334094,216800
2001-05-22,5.250000,5.287500,5.175000,5.225000,4.325815,100800
2001-05-23,5.200000,5.225000,5.075000,5.225000,4.325815,63200
2001-05-24,5.205000,5.237500,5.187500,5.225000,4.325815,24000
2001-05-25,5.212500,5.237500,5.187500,5.212500,4.315466,57200
2001-05-29,5.212500,5.277500,5.212500,5.237500,4.336163,32400
2001-05-30,5.225000,5.625000,5.225000,5.625000,4.656979,151600
2001-05-31,5.625000,5.645000,5.275000,5.425000,4.491396,111600
2001-06-01,5.400000,5.500000,5.400000,5.450000,4.512094,46000
2001-06-04,5.445000,5.650000,5.440000,5.612500,4.646628,104000
2001-06-05,5.600000,5.617500,5.500000,5.512500,4.563839,43600
2001-06-06,5.512500,5.585000,5.507500,5.585000,4.623861,56400
2001-06-07,5.585000,5.585000,5.475000,5.525000,4.574186,69600
2001-06-08,5.512500,5.525000,5.500000,5.525000,4.574186,30400
2001-06-11,5.537500,5.850000,5.525000,5.850000,4.843256,100400
2001-06-12,5.900000,6.050000,5.877500,6.022500,4.986072,155600
2001-06-13,6.000000,6.187500,6.000000,6.175000,5.112327,115600
2001-06-14,6.175000,6.175000,5.750000,5.750000,4.760466,106800
2001-06-15,5.750000,5.750000,5.537500,5.737500,4.750118,213600
2001-06-18,5.737500,5.775000,5.687500,5.700000,4.719071,51200
2001-06-19,5.700000,5.700000,5.650000,5.680000,4.702513,65200
2001-06-20,5.625000,5.750000,5.555000,5.625000,4.656979,228400
2001-06-21,5.600000,5.637500,5.600000,5.637500,4.667326,58000
2001-06-22,5.637500,5.650000,5.637500,5.650000,4.677676,5200
2001-06-25,5.637500,5.667500,5.630000,5.637500,4.667326,14400
2001-06-26,5.650000,5.687500,5.637500,5.687500,4.708722,28800
2001-06-27,5.687500,5.837500,5.687500,5.825000,4.822560,29200
2001-06-28,5.812500,5.812500,5.770000,5.787500,4.791512,12800
2001-06-29,5.787500,6.250000,5.782500,6.250000,5.174421,180000
2001-07-02,6.250000,6.265000,6.000000,6.250000,5.174421,124800
2001-07-03,6.250000,6.312500,6.125000,6.300000,5.215815,76400
2001-07-05,6.300000,6.447500,6.300000,6.412500,5.308952,124400
2001-07-06,6.387500,6.400000,6.000000,6.050000,5.008838,108000
2001-07-09,6.037500,6.075000,6.000000,6.062500,5.019186,20000
2001-07-10,6.062500,6.062500,6.062500,6.062500,5.019186,183600
2001-07-11,6.062500,6.112500,6.062500,6.112500,5.060581,48800
2001-07-12,6.100000,6.137500,6.100000,6.110000,5.058512,62400
2001-07-13,6.110000,6.227500,6.110000,6.225000,5.153723,51200
2001-07-16,6.250000,6.250000,6.110000,6.122500,5.068861,63600
2001-07-17,6.122500,6.162500,6.122500,6.137500,5.081280,56000
2001-07-18,6.125000,6.152500,6.112500,6.152500,5.093700,76800
2001-07-19,6.137500,6.137500,6.125000,6.127500,5.073000,20000
2001-07-20,6.140000,6.185000,6.137500,6.172500,5.110256,22400
2001-07-23,6.225000,6.262500,6.200000,6.262500,5.184768,71200
2001-07-24,6.262500,6.297500,6.262500,6.275000,5.195117,381600
2001-07-25,6.300000,6.300000,6.025000,6.125000,5.070932,71600
2001-07-26,6.137500,6.197500,6.125000,6.197500,5.130955,45200
2001-07-27,6.187500,6.262500,6.150000,6.212500,5.143373,163600
2001-07-30,6.212500,6.262500,6.200000,6.200000,5.133023,185200
2001-07-31,6.175000,6.215000,6.162500,6.200000,5.133023,72400
2001-08-01,6.175000,6.175000,6.162500,6.162500,5.101978,36800
2001-08-02,6.162500,6.175000,6.150000,6.175000,5.112327,53200
2001-08-03,6.162500,6.162500,6.000000,6.050000,5.008838,50400
2001-08-06,6.000000,6.000000,5.692500,5.770000,4.777024,154400
2001-08-07,5.762500,5.762500,5.450000,5.662500,4.688024,175200
2001-08-08,5.625000,5.637500,5.525000,5.575000,4.615580,47600
2001-08-09,5.575000,5.750000,5.575000,5.625000,4.656979,104800
2001-08-10,5.612500,5.612500,5.500000,5.572500,4.613511,34400
2001-08-13,5.550000,5.550000,5.425000,5.505000,4.557630,54800
2001-08-14,5.530000,5.542500,5.500000,5.525000,4.574186,39200
2001-08-15,5.512500,5.512500,5.475000,5.500000,4.553489,156800
2001-08-16,5.500000,5.512500,5.500000,5.500000,4.553489,36400
2001-08-17,5.500000,5.537500,5.500000,5.525000,4.574186,29600
2001-08-20,5.510000,5.510000,5.425000,5.425000,4.491396,46800
2001-08-21,5.425000,5.475000,5.425000,5.475000,4.532792,50000
2001-08-22,5.475000,5.475000,5.250000,5.287500,4.377558,127200
2001-08-23,5.275000,5.275000,5.212500,5.212500,4.315466,7200
2001-08-24,5.212500,5.212500,5.037500,5.092500,4.216116,121600
2001-08-27,5.042500,5.062500,4.987500,5.050000,4.180931,88000
2001-08-28,5.025000,5.025000,4.900000,4.900000,4.056745,29600
2001-08-29,4.962500,4.962500,4.702500,4.775000,3.953257,59600
2001-08-30,4.775000,4.872500,4.750000,4.872500,4.033978,40800
2001-08-31,4.875000,5.050000,4.875000,5.050000,4.180931,109600
2001-09-04,5.025000,5.087500,4.750000,4.750000,3.932560,100800
2001-09-05,4.375000,4.375000,3.892500,3.992500,3.305420,580400
2001-09-06,3.930000,4.000000,3.812500,3.970000,3.286792,260800
2001-09-07,3.995000,4.012500,3.850000,3.872500,3.206070,150400
2001-09-10,3.875000,3.875000,3.600000,3.625000,3.001163,212400
2001-09-17,3.575000,3.687500,3.550000,3.637500,3.011512,188000
2001-09-18,3.637500,3.737500,3.625000,3.737500,3.094304,151600
2001-09-19,3.687500,3.712500,3.662500,3.687500,3.052908,65600
2001-09-20,3.662500,3.712500,3.662500,3.712500,3.073605,21200
2001-09-21,3.712500,3.725000,3.662500,3.662500,3.032210,110800
2001-09-24,3.700000,3.750000,3.662500,3.725000,3.083954,70400
2001-09-25,3.700000,3.725000,3.687500,3.700000,3.063257,44400
2001-09-26,3.700000,3.712500,3.687500,3.712500,3.073605,32000
2001-09-27,3.700000,3.750000,3.687500,3.725000,3.083954,34400
2001-09-28,3.750000,3.750000,3.687500,3.750000,3.104651,19200
2001-10-01,3.725000,3.737500,3.662500,3.737500,3.094304,21600
2001-10-02,3.687500,3.875000,3.675000,3.875000,3.208141,120800
2001-10-03,3.850000,3.850000,3.750000,3.800000,3.146047,34400
2001-10-04,3.837500,3.935000,3.837500,3.900000,3.228837,71600
2001-10-05,3.900000,4.062500,3.900000,4.062500,3.363373,48400
2001-10-08,4.052500,4.112500,4.050000,4.050000,3.353024,19200
2001-10-09,4.062500,4.112500,4.050000,4.112500,3.404768,12800
2001-10-10,4.125000,4.187500,4.125000,4.165000,3.448234,12400
2001-10-11,4.150000,4.175000,4.150000,4.150000,3.435815,4000
2001-10-12,4.152500,4.160000,4.152500,4.160000,3.444094,9200
2001-10-15,4.162500,4.207500,4.152500,4.207500,3.483419,7600
2001-10-16,4.200000,4.212500,4.200000,4.210000,3.485490,15200
2001-10-17,4.200000,4.200000,4.197500,4.200000,3.477210,24800
2001-10-18,4.210000,4.210000,4.210000,4.210000,3.485490,800
2001-10-19,4.237500,4.250000,4.225000,4.250000,3.518605,8800
2001-10-22,4.275000,4.287500,4.275000,4.275000,3.539303,9600
2001-10-23,4.275000,4.337500,4.275000,4.337500,3.591047,9200
2001-10-24,4.337500,4.365000,4.337500,4.365000,3.613814,16400
2001-10-25,4.375000,4.625000,4.375000,4.625000,3.829071,92800
2001-10-26,4.620000,4.650000,4.620000,4.650000,3.849769,11200
2001-10-29,4.687500,4.760000,4.687500,4.712500,3.901513,61200
2001-10-30,4.712500,4.772500,4.670000,4.750000,3.932560,29200
2001-10-31,4.762500,4.875000,4.762500,4.875000,4.036048,24800
2001-11-01,4.890000,4.960000,4.890000,4.960000,4.106420,25200
2001-11-02,4.987500,5.000000,4.962500,4.997500,4.137465,27600
2001-11-05,5.012500,5.050000,5.012500,5.037500,4.170582,6000
2001-11-06,5.047500,5.125000,5.047500,5.125000,4.243024,16800
2001-11-07,5.100000,5.100000,5.000000,5.000000,4.139538,17600
2001-11-08,5.000000,5.000000,4.977500,4.977500,4.120908,12800
2001-11-09,5.000000,5.000000,4.965000,4.975000,4.118837,18400
2001-11-12,5.000000,5.000000,4.875000,4.925000,4.077442,22400
2001-11-13,4.925000,4.987500,4.912500,4.987500,4.129185,26400
2001-11-14,5.000000,5.002500,4.962500,5.002500,4.141605,10000
2001-11-15,5.012500,5.062500,5.012500,5.062500,4.191281,7600
2001-11-16,5.062500,5.075000,5.062500,5.065000,4.193351,3200
2001-11-19,5.050000,5.250000,5.050000,5.250000,4.346512,48400
2001-11-20,5.262500,5.337500,5.262500,5.300000,4.387908,27600
2001-11-21,5.287500,5.287500,5.175000,5.175000,4.284420,10400
2001-11-23,5.175000,5.175000,5.162500,5.175000,4.284420,9200
2001-11-26,5.187500,5.300000,5.187500,5.187500,4.294770,40800
2001-11-27,5.182500,5.235000,5.182500,5.235000,4.334094,1200
2001-11-28,5.187500,5.262500,5.150000,5.250000,4.346512,59200
2001-11-29,5.252500,5.260000,5.212500,5.237500,4.336163,17200
2001-11-30,5.225000,5.270000,5.205000,5.270000,4.363070,20000
2001-12-03,5.312500,5.312500,5.255000,5.285000,4.375489,106800
2001-12-04,5.275000,5.275000,5.150000,5.162500,4.274070,95600
2001-12-05,5.162500,5.162500,5.162500,5.162500,4.274070,74800
2001-12-06,5.145000,5.187500,5.125000,5.187500,4.294770,20400
2001-12-07,5.212500,5.267500,5.212500,5.267500,4.361000,7600
2001-12-10,5.225000,5.262500,5.187500,5.260000,4.354791,26800
2001-12-11,5.250000,5.262500,5.250000,5.250000,4.346512,28400
2001-12-12,5.250000,5.252500,5.200000,5.200000,4.305117,11600
2001-12-13,5.225000,5.225000,5.150000,5.150000,4.263722,25600
2001-12-14,5.150000,5.162500,5.112500,5.137500,4.253373,22000
2001-12-17,5.112500,5.112500,4.992500,4.992500,4.133326,20800
2001-12-18,4.975000,4.980000,4.975000,4.975000,4.118837,10000
2001-12-19,4.950000,5.190000,4.950000,5.190000,4.296838,32400
2001-12-20,5.207500,5.312500,5.187500,5.300000,4.387908,40000
2001-12-21,5.300000,5.322500,5.270000,5.295000,4.383767,12800
2001-12-24,5.297500,5.302500,5.287500,5.287500,4.377558,3200
2001-12-26,5.267500,5.267500,5.250000,5.250000,4.346512,13200
2001-12-27,5.282500,5.375000,5.282500,5.375000,4.450001,30000
2001-12-28,5.362500,5.375000,5.350000,5.350000,4.429305,3200
2001-12-31,5.352500,5.352500,5.265000,5.265000,4.358932,4400
2002-01-02,5.300000,5.325000,5.262500,5.262500,4.356859,6800
2002-01-03,5.255000,5.262500,5.225000,5.262500,4.356859,15600
2002-01-04,5.250000,5.362500,5.225000,5.300000,4.387908,46400
2002-01-07,5.305000,5.305000,5.295000,5.300000,4.387908,12800
2002-01-08,5.287500,5.287500,5.275000,5.277500,4.369281,1600
2002-01-09,5.282500,5.282500,5.250000,5.252500,4.348582,4800
2002-01-10,5.250000,5.250000,5.250000,5.250000,4.346512,1200
2002-01-11,5.250000,5.312500,5.240000,5.312500,4.398256,28400
2002-01-14,5.312500,5.342500,5.150000,5.200000,4.305117,97600
2002-01-15,5.225000,5.287500,5.225000,5.272500,4.365141,17600
2002-01-16,5.275000,5.300000,5.250000,5.292500,4.381699,56000
2002-01-17,5.305000,5.305000,5.305000,5.305000,4.392047,1200
2002-01-18,5.287500,5.312500,5.287500,5.312500,4.398256,12400
2002-01-22,5.287500,5.287500,5.212500,5.212500,4.315466,48000
2002-01-23,5.212500,5.212500,5.150000,5.162500,4.274070,32400
2002-01-24,5.162500,5.162500,4.950000,4.950000,4.098141,83600
2002-01-25,4.975000,4.975000,4.750000,4.825000,3.994651,138000
2002-01-28,4.837500,4.887500,4.800000,4.837500,4.005000,59600
2002-01-29,4.847500,4.847500,4.847500,4.847500,4.013278,400
2002-01-30,4.775000,4.775000,4.725000,4.742500,3.926351,12000
2002-01-31,4.750000,4.780000,4.662500,4.700000,3.891164,51600
2002-02-01,4.687500,4.790000,4.687500,4.790000,3.965675,15600
2002-02-04,4.775000,4.775000,4.765000,4.765000,3.944977,1200
2002-02-05,4.750000,4.795000,4.750000,4.795000,3.969814,94400
2002-02-06,4.795000,4.837500,4.795000,4.825000,3.994651,49200
2002-02-07,4.812500,4.812500,4.790000,4.807500,3.980163,1600
2002-02-08,4.787500,4.787500,4.762500,4.762500,3.942906,9200
2002-02-11,4.762500,4.775000,4.762500,4.762500,3.942906,2000
2002-02-12,4.762500,4.787500,4.750000,4.750000,3.932560,5600
2002-02-13,4.750000,4.800000,4.750000,4.800000,3.973954,11600
2002-02-14,4.800000,4.800000,4.750000,4.750000,3.932560,20400
2002-02-15,4.750000,4.750000,4.650000,4.650000,3.849769,61200
2002-02-19,4.637500,4.662500,4.612500,4.662500,3.860117,80400
2002-02-20,4.662500,4.687500,4.662500,4.682500,3.876674,32400
2002-02-21,4.682500,4.732500,4.682500,4.732500,3.918071,62800
2002-02-22,4.725000,4.725000,4.712500,4.712500,3.901513,6400
2002-02-25,4.675000,4.700000,4.577500,4.587500,3.798024,53600
2002-02-26,4.550000,4.550000,4.362500,4.362500,3.611745,30000
2002-02-27,4.275000,4.325000,4.225000,4.305000,3.564139,164800
2002-02-28,4.300000,4.300000,4.202500,4.202500,3.479279,14800
2002-03-01,4.162500,4.225000,4.162500,4.175000,3.456512,41600
2002-03-04,4.200000,4.200000,4.150000,4.175000,3.456512,16800
2002-03-05,4.192500,4.237500,4.192500,4.200000,3.477210,70400
2002-03-06,4.200000,4.225000,4.150000,4.172500,3.454443,47600
2002-03-07,4.187500,4.212500,4.100000,4.200000,3.477210,54400
2002-03-08,4.212500,4.227500,4.200000,4.225000,3.497907,60400
2002-03-11,4.250000,4.337500,4.250000,4.337500,3.591047,26800
2002-03-12,4.375000,4.487500,4.350000,4.487500,3.715233,145200
2002-03-13,4.510000,4.510000,4.490000,4.490000,3.717302,2000
2002-03-14,4.490000,4.500000,4.490000,4.500000,3.725583,13600
2002-03-15,4.475000,4.482500,4.437500,4.482500,3.711095,33600
2002-03-18,4.500000,4.575000,4.500000,4.550000,3.766977,11200
2002-03-19,4.537500,4.550000,4.537500,4.540000,3.758698,2400
2002-03-20,4.540000,4.550000,4.527500,4.550000,3.766977,26400
2002-03-21,4.575000,4.575000,4.517500,4.517500,3.740070,20400
2002-03-22,4.525000,4.555000,4.525000,4.555000,3.771117,9600
2002-03-25,4.555000,4.555000,4.555000,4.555000,3.771117,400
2002-03-26,4.550000,4.550000,4.400000,4.400000,3.642792,20400
2002-03-27,4.387500,4.412500,4.387500,4.412500,3.653141,2800
2002-03-28,4.400000,4.475000,4.400000,4.475000,3.704884,11600
2002-04-01,4.440000,4.465000,4.437500,4.452500,3.686256,4000
2002-04-02,4.465000,4.597500,4.465000,4.587500,3.798024,38000
2002-04-03,4.587500,4.587500,4.550000,4.555000,3.771117,11200
2002-04-04,4.537500,4.537500,4.537500,4.537500,3.756629,400
2002-04-05,4.537500,4.537500,4.475000,4.512500,3.735929,12000
2002-04-08,4.525000,4.525000,4.515000,4.515000,3.738000,6400
2002-04-09,4.525000,4.525000,4.490000,4.512500,3.735929,11600
2002-04-10,4.500000,4.527500,4.500000,4.525000,3.746279,4400
2002-04-11,4.512500,4.537500,4.512500,4.537500,3.756629,30400
2002-04-12,4.537500,4.600000,4.537500,4.600000,3.808373,38000
2002-04-15,4.610000,4.675000,4.610000,4.662500,3.860117,18000
2002-04-16,4.637500,4.700000,4.637500,4.687500,3.880814,45600
2002-04-17,4.687500,4.725000,4.687500,4.712500,3.901513,15200
2002-04-18,4.720000,4.787500,4.720000,4.787500,3.963605,9600
2002-04-19,4.787500,4.787500,4.762500,4.775000,3.953257,2400
2002-04-22,4.775000,4.812500,4.775000,4.812500,3.984301,4800
2002-04-23,4.800000,4.812500,4.787500,4.812500,3.984301,11600
2002-04-24,4.800000,4.825000,4.800000,4.825000,3.994651,6400
2002-04-25,4.837500,4.837500,4.825000,4.825000,3.994651,12000
2002-04-26,4.812500,4.812500,4.800000,4.812500,3.984301,18400
2002-04-29,4.837500,4.925000,4.837500,4.887500,4.046397,9200
2002-04-30,4.887500,5.050000,4.887500,5.050000,4.180931,22000
2002-05-01,5.025000,5.025000,4.975000,4.977500,4.120908,7200
2002-05-02,4.977500,4.987500,4.967500,4.967500,4.112628,4800
2002-05-03,4.962500,4.962500,4.950000,4.962500,4.108489,7600
2002-05-06,4.950000,4.950000,4.925000,4.937500,4.087791,10800
2002-05-07,4.925000,4.930000,4.827500,4.845000,4.011210,49200
2002-05-08,4.855000,4.860000,4.855000,4.860000,4.023627,800
2002-05-09,4.860000,4.862500,4.837500,4.862500,4.025698,6000
2002-05-10,4.850000,4.875000,4.850000,4.875000,4.036048,8400
2002-05-13,4.850000,4.900000,4.850000,4.900000,4.056745,13600
2002-05-14,4.900000,4.900000,4.872500,4.872500,4.033978,4400
2002-05-15,4.862500,4.887500,4.850000,4.887500,4.046397,10000
2002-05-16,4.875000,4.887500,4.862500,4.887500,4.046397,18800
2002-05-17,4.887500,4.900000,4.887500,4.900000,4.056745,3200
2002-05-20,4.900000,4.900000,4.875000,4.900000,4.056745,5200
2002-05-21,4.900000,4.900000,4.862500,4.862500,4.025698,10400
2002-05-22,4.850000,4.875000,4.850000,4.875000,4.036048,9200
2002-05-23,4.897500,4.897500,4.850000,4.875000,4.036048,88400
2002-05-24,4.862500,4.862500,4.862500,4.862500,4.025698,5200
2002-05-28,4.850000,4.862500,4.825000,4.825000,3.994651,39200
2002-05-29,4.812500,4.812500,4.762500,4.762500,3.942906,18800
2002-05-30,4.737500,4.737500,4.625000,4.625000,3.829071,34800
2002-05-31,4.625000,4.645000,4.625000,4.637500,3.839420,18800
2002-06-03,4.625000,4.637500,4.625000,4.632500,3.835278,33600
2002-06-04,4.637500,4.637500,4.625000,4.627500,3.831139,2800
2002-06-05,4.625000,4.625000,4.487500,4.487500,3.715233,26800
2002-06-06,4.487500,4.487500,4.237500,4.262500,3.528954,147200
2002-06-07,4.250000,4.257500,4.112500,4.162500,3.446163,49200
2002-06-10,4.162500,4.162500,4.162500,4.162500,3.446163,0
2002-06-11,4.150000,4.175000,4.150000,4.160000,3.444094,8800
2002-06-12,4.160000,4.160000,3.977500,4.012500,3.321977,86000
2002-06-13,4.000000,4.000000,3.900000,3.925000,3.249536,39600
2002-06-14,3.917500,3.925000,3.900000,3.900000,3.228837,17600
2002-06-17,3.900000,3.925000,3.900000,3.912500,3.239187,26400
2002-06-18,3.925000,3.927500,3.925000,3.925000,3.249536,4000
2002-06-19,3.925000,3.925000,3.825000,3.825000,3.166744,67200
2002-06-20,3.875000,3.900000,3.862500,3.877500,3.210210,64000
2002-06-21,3.887500,3.887500,3.887500,3.887500,3.218489,1200
2002-06-24,3.885000,3.900000,3.885000,3.900000,3.228837,26000
2002-06-25,3.900000,3.900000,3.887500,3.897500,3.226768,22800
2002-06-26,3.887500,3.900000,3.855000,3.900000,3.228837,24000
2002-06-27,3.912500,3.920000,3.912500,3.912500,3.239187,5600
2002-06-28,3.907500,3.907500,3.900000,3.900000,3.228837,5600
2002-07-01,3.895000,3.895000,3.855000,3.855000,3.191581,15600
2002-07-02,3.862500,3.862500,3.825000,3.837500,3.177093,20000
2002-07-03,3.837500,3.837500,3.837500,3.837500,3.177093,400
2002-07-05,3.825000,3.825000,3.825000,3.825000,3.166744,800
2002-07-08,3.837500,3.862500,3.837500,3.850000,3.187443,9600
2002-07-09,3.850000,3.850000,3.850000,3.850000,3.187443,0
2002-07-10,3.850000,3.850000,3.842500,3.842500,3.181232,3600
2002-07-11,3.842500,3.842500,3.825000,3.825000,3.166744,10800
2002-07-12,3.812500,3.812500,3.780000,3.780000,3.129489,12400
2002-07-15,3.750000,3.750000,3.537500,3.740000,3.096373,652400
2002-07-16,3.677500,3.677500,3.650000,3.650000,3.021861,13200
2002-07-17,3.662500,3.662500,3.650000,3.650000,3.021861,1200
2002-07-18,3.625000,3.625000,3.575000,3.575000,2.959767,14800
2002-07-19,3.550000,3.550000,3.500000,3.510000,2.905954,19200
2002-07-22,3.500000,3.500000,3.492500,3.495000,2.893535,13600
2002-07-23,3.487500,3.487500,3.412500,3.412500,2.825233,18400
2002-07-24,3.400000,3.400000,3.212500,3.212500,2.659652,40800
2002-07-25,3.225000,3.225000,3.212500,3.217500,2.663791,12800
2002-07-26,3.217500,3.225000,3.200000,3.200000,2.649303,2000
2002-07-29,3.237500,3.237500,3.225000,3.237500,2.680349,36800
2002-07-30,3.225000,3.250000,3.225000,3.250000,2.690698,5200
2002-07-31,3.237500,3.237500,3.235000,3.235000,2.678279,1600
2002-08-01,3.225000,3.225000,3.225000,3.225000,2.670000,2400
2002-08-02,3.230000,3.230000,3.187500,3.197500,2.647233,28800
2002-08-05,3.222500,3.222500,3.167500,3.172500,2.626535,20000
2002-08-06,3.167500,3.180000,3.167500,3.180000,2.632744,12800
2002-08-07,3.192500,3.262500,3.185000,3.250000,2.690698,13200
2002-08-08,3.262500,3.262500,3.200000,3.212500,2.659652,39600
2002-08-09,3.205000,3.205000,3.192500,3.200000,2.649303,5600
2002-08-12,3.187500,3.187500,3.150000,3.150000,2.607908,19200
2002-08-13,3.162500,3.175000,3.162500,3.172500,2.626535,2000
2002-08-14,3.175000,3.190000,3.175000,3.190000,2.641022,4800
2002-08-15,3.200000,3.255000,3.197500,3.255000,2.694838,10000
2002-08-16,3.262500,3.287500,3.262500,3.287500,2.721745,3200
2002-08-19,3.300000,3.300000,3.287500,3.287500,2.721745,6000
2002-08-20,3.275000,3.287500,3.275000,3.275000,2.711396,7200
2002-08-21,3.275000,3.275000,3.275000,3.275000,2.711396,0
2002-08-22,3.282500,3.282500,3.282500,3.282500,2.717605,2400
2002-08-23,3.282500,3.282500,3.282500,3.282500,2.717605,4800
2002-08-26,3.282500,3.282500,3.245000,3.245000,2.686558,5200
2002-08-27,3.225000,3.225000,3.137500,3.137500,2.597558,32800
2002-08-28,3.162500,3.162500,3.115000,3.125000,2.587211,14000
2002-08-29,3.120000,3.137500,3.120000,3.137500,2.597558,2400
2002-08-30,3.162500,3.212500,3.160000,3.212500,2.659652,10800
2002-09-03,3.225000,3.225000,3.225000,3.225000,2.670000,42400
2002-09-04,3.222500,3.250000,3.222500,3.250000,2.690698,16000
2002-09-05,3.250000,3.255000,3.250000,3.255000,2.694838,58400
2002-09-06,3.255000,3.255000,3.237500,3.237500,2.680349,10800
2002-09-09,3.235000,3.235000,3.225000,3.225000,2.670000,3200
2002-09-10,3.225000,3.232500,3.225000,3.227500,2.672071,4400
2002-09-11,3.227500,3.227500,3.227500,3.227500,2.672071,0
2002-09-12,3.212500,3.217500,3.212500,3.217500,2.663791,9600
2002-09-13,3.207500,3.217500,3.200000,3.217500,2.663791,4000
2002-09-16,3.237500,3.237500,3.220000,3.222500,2.667930,5200
2002-09-17,3.212500,3.212500,3.200000,3.200000,2.649303,2400
2002-09-18,3.192500,3.192500,3.075000,3.075000,2.545814,42000
2002-09-19,3.075000,3.100000,3.000000,3.010000,2.492000,109200
2002-09-20,3.035000,3.042500,3.035000,3.037500,2.514769,16400
2002-09-23,3.025000,3.035000,3.025000,3.032500,2.510628,10400
2002-09-24,3.025000,3.025000,3.025000,3.025000,2.504419,800
2002-09-25,3.012500,3.070000,3.000000,3.037500,2.514769,20000
2002-09-26,3.050000,3.050000,3.042500,3.050000,2.525117,18400
2002-09-27,3.037500,3.050000,3.025000,3.050000,2.525117,11600
2002-09-30,3.037500,3.057500,3.025000,3.025000,2.504419,67200
2002-10-01,3.012500,3.012500,2.975000,2.995000,2.479581,34800
2002-10-02,2.992500,2.992500,2.992500,2.992500,2.477511,2000
2002-10-03,3.017500,3.017500,2.992500,3.000000,2.483721,20800
2002-10-04,2.997500,3.000000,2.985000,2.985000,2.471303,5600
2002-10-07,3.000000,3.000000,2.825000,2.837500,2.349186,26000
2002-10-08,2.837500,2.837500,2.787500,2.787500,2.307790,7600
2002-10-09,2.787500,2.787500,2.775000,2.775000,2.297442,23600
2002-10-10,2.762500,2.762500,2.750000,2.750000,2.276744,14800
2002-10-11,2.775000,2.775000,2.737500,2.737500,2.266396,22800
2002-10-14,2.750000,2.750000,2.737500,2.737500,2.266396,5600
2002-10-15,2.745000,2.775000,2.745000,2.772500,2.295372,52800
2002-10-16,2.750000,2.787500,2.750000,2.787500,2.307790,10800
2002-10-17,2.800000,2.805000,2.797500,2.805000,2.322279,2800
2002-10-18,2.800000,2.815000,2.800000,2.807500,2.324349,15600
2002-10-21,2.800000,2.810000,2.795000,2.800000,2.318140,18800
2002-10-22,2.812500,2.812500,2.812500,2.812500,2.328489,1200
2002-10-23,2.812500,2.825000,2.812500,2.825000,2.338838,18400
2002-10-24,2.832500,2.835000,2.825000,2.835000,2.347117,6400
2002-10-25,2.835000,2.835000,2.835000,2.835000,2.347117,0
2002-10-28,2.840000,2.867500,2.840000,2.867500,2.374024,30800
2002-10-29,2.872500,2.925000,2.872500,2.915000,2.413349,11200
2002-10-30,2.910000,2.995000,2.902500,2.995000,2.479581,34000
2002-10-31,3.000000,3.100000,3.000000,3.100000,2.566511,34400
2002-11-01,3.112500,3.112500,3.107500,3.110000,2.574791,4400
2002-11-04,3.100000,3.132500,3.100000,3.120000,2.583070,49200
2002-11-05,3.117500,3.145000,3.117500,3.145000,2.603768,9200
2002-11-06,3.125000,3.175000,3.125000,3.175000,2.628606,17600
2002-11-07,3.175000,3.212500,3.175000,3.212500,2.659652,16400
2002-11-08,3.225000,3.320000,3.220000,3.312500,2.742442,36000
2002-11-11,3.312500,3.317500,3.287500,3.302500,2.734163,27200
2002-11-12,3.327500,3.362500,3.327500,3.342500,2.767280,23600
2002-11-13,3.327500,3.335000,3.317500,3.317500,2.746583,6400
2002-11-14,3.310000,3.312500,3.275000,3.275000,2.711396,8400
2002-11-15,3.250000,3.252500,3.237500,3.252500,2.692768,13600
2002-11-18,3.255000,3.295000,3.255000,3.295000,2.727954,3600
2002-11-19,3.320000,3.350000,3.275000,3.312500,2.742442,151200
2002-11-20,3.312500,3.315000,3.247500,3.247500,2.688628,39600
2002-11-21,3.252500,3.260000,3.250000,3.250000,2.690698,26800
2002-11-22,3.257500,3.287500,3.237500,3.250000,2.690698,53600
2002-11-25,3.250000,3.250000,3.242500,3.242500,2.684488,3600
2002-11-26,3.242500,3.247500,3.237500,3.247500,2.688628,13600
2002-11-27,3.245000,3.245000,3.207500,3.215000,2.661721,10000
2002-11-29,3.190000,3.200000,3.187500,3.187500,2.638954,5600
2002-12-02,3.175000,3.195000,3.125000,3.125000,2.587211,13200
2002-12-03,3.125000,3.162500,3.117500,3.125000,2.587211,12800
2002-12-04,3.110000,3.110000,3.075000,3.075000,2.545814,6400
2002-12-05,3.082500,3.087500,3.077500,3.087500,2.556163,6800
2002-12-06,3.100000,3.100000,3.050000,3.050000,2.525117,37600
2002-12-09,3.037500,3.042500,3.030000,3.042500,2.518907,4400
2002-12-10,3.037500,3.037500,2.975000,2.975000,2.463024,36400
2002-12-11,2.975000,2.987500,2.950000,2.955000,2.446465,12800
2002-12-12,2.950000,2.950000,2.937500,2.937500,2.431977,12000
2002-12-13,2.942500,2.942500,2.900000,2.900000,2.400931,41600
2002-12-16,2.890000,2.905000,2.875000,2.900000,2.400931,14000
2002-12-17,2.902500,2.902500,2.875000,2.875000,2.380233,6000
2002-12-18,2.875000,2.885000,2.862500,2.862500,2.369884,26000
2002-12-19,2.875000,2.937500,2.875000,2.937500,2.431977,83200
2002-12-20,2.950000,2.950000,2.840000,2.910000,2.409210,135200
2002-12-23,2.925000,3.085000,2.925000,3.085000,2.554093,84800
2002-12-24,3.100000,3.145000,3.100000,3.145000,2.603768,21200
2002-12-26,3.157500,3.175000,3.127500,3.142500,2.601698,34000
2002-12-27,3.137500,3.137500,3.100000,3.112500,2.576861,16400
2002-12-30,3.100000,3.100000,3.020000,3.042500,2.518907,56000
2002-12-31,3.045000,3.110000,3.040000,3.105000,2.570651,31200
2003-01-02,3.100000,3.122500,3.100000,3.112500,2.576861,10400
2003-01-03,3.100000,3.110000,3.100000,3.110000,2.574791,4800
2003-01-06,3.087500,3.087500,2.975000,3.062500,2.535466,58400
2003-01-07,3.067500,3.067500,3.037500,3.050000,2.525117,6400
2003-01-08,3.062500,3.062500,3.062500,3.062500,2.535466,3200
2003-01-09,3.047500,3.062500,3.037500,3.055000,2.529256,56400
2003-01-10,3.045000,3.055000,3.045000,3.050000,2.525117,1600
2003-01-13,3.065000,3.065000,3.050000,3.050000,2.525117,4000
2003-01-14,3.037500,3.037500,3.037500,3.037500,2.514769,4400
2003-01-15,3.027500,3.030000,3.025000,3.030000,2.508558,5600
2003-01-16,3.025000,3.037500,3.025000,3.037500,2.514769,9200
2003-01-17,3.037500,3.060000,3.037500,3.060000,2.533395,6800
2003-01-21,3.060000,3.060000,3.037500,3.037500,2.514769,7600
2003-01-22,3.035000,3.035000,2.997500,2.997500,2.481652,16400
2003-01-23,3.000000,3.000000,2.997500,2.997500,2.481652,1200
2003-01-24,2.990000,2.990000,2.980000,2.980000,2.467163,8400
2003-01-27,2.980000,3.000000,2.975000,2.975000,2.463024,10800
2003-01-28,2.975000,2.975000,2.962500,2.962500,2.452675,6800
2003-01-29,2.962500,2.962500,2.942500,2.942500,2.436117,10000
2003-01-30,2.937500,2.942500,2.937500,2.942500,2.436117,2000
2003-01-31,2.950000,2.962500,2.950000,2.962500,2.452675,1200
2003-02-03,2.970000,2.975000,2.962500,2.962500,2.452675,16000
2003-02-04,2.962500,2.962500,2.950000,2.962500,2.452675,2400
2003-02-05,2.960000,2.960000,2.955000,2.955000,2.446465,3200
2003-02-06,2.955000,2.955000,2.950000,2.950000,2.442326,3600
2003-02-07,2.950000,2.950000,2.950000,2.950000,2.442326,0
2003-02-10,2.950000,2.950000,2.950000,2.950000,2.442326,800
2003-02-11,2.937500,2.937500,2.900000,2.900000,2.400931,8800
2003-02-12,2.875000,2.875000,2.865000,2.870000,2.376093,6800
2003-02-13,2.850000,2.852500,2.837500,2.837500,2.349186,18400
2003-02-14,2.837500,2.837500,2.837500,2.837500,2.349186,1200
2003-02-18,2.825000,2.837500,2.825000,2.835000,2.347117,10800
2003-02-19,2.835000,2.835000,2.835000,2.835000,2.347117,0
2003-02-20,2.827500,2.827500,2.800000,2.805000,2.322279,140000
2003-02-21,2.837500,2.837500,2.837500,2.837500,2.349186,400
2003-02-24,2.830000,2.830000,2.830000,2.830000,2.342977,1200
2003-02-25,2.830000,2.830000,2.830000,2.830000,2.342977,0
2003-02-26,2.832500,2.832500,2.825000,2.827500,2.340907,3600
2003-02-27,2.830000,2.855000,2.830000,2.855000,2.363674,104000
2003-02-28,2.837500,2.862500,2.837500,2.857500,2.365745,127600
2003-03-03,2.852500,2.852500,2.772500,2.772500,2.295372,194400
2003-03-04,2.775000,2.775000,2.775000,2.775000,2.297442,2800
2003-03-05,2.772500,2.772500,2.675000,2.682500,2.220861,22800
2003-03-06,2.625000,2.625000,2.600000,2.612500,2.162907,14800
2003-03-07,2.612500,2.612500,2.512500,2.517500,2.084255,12800
2003-03-10,2.512500,2.512500,2.475000,2.475000,2.049071,44400
2003-03-11,2.500000,2.500000,2.450000,2.450000,2.028373,20800
2003-03-12,2.450000,2.467500,2.412500,2.417500,2.001465,28800
2003-03-13,2.375000,2.375000,2.337500,2.357500,1.951791,35200
2003-03-14,2.350000,2.350000,2.312500,2.335000,1.933164,19200
2003-03-17,2.335000,2.337500,2.312500,2.312500,1.914536,15600
2003-03-18,2.315000,2.315000,2.250000,2.272500,1.881419,8800
2003-03-19,2.272500,2.310000,2.272500,2.310000,1.912466,13200
2003-03-20,2.300000,2.312500,2.295000,2.307500,1.910396,23200
2003-03-21,2.320000,2.357500,2.317500,2.352500,1.947652,34400
2003-03-24,2.350000,2.357500,2.347500,2.352500,1.947652,5600
2003-03-25,2.352500,2.352500,2.340000,2.340000,1.937303,7200
2003-03-26,2.345000,2.345000,2.292500,2.292500,1.897977,21600
2003-03-27,2.267500,2.270000,2.187500,2.187500,1.811046,54800
2003-03-28,2.187500,2.195000,2.102500,2.137500,1.769651,34400
2003-03-31,2.112500,2.112500,2.100000,2.100000,1.738605,17200
2003-04-01,2.100000,2.110000,2.100000,2.105000,1.742745,7600
2003-04-02,2.112500,2.112500,2.107500,2.107500,1.744815,11600
2003-04-03,2.110000,2.110000,2.097500,2.100000,1.738605,22800
2003-04-04,2.100000,2.127500,2.100000,2.120000,1.755163,54800
2003-04-07,2.125000,2.125000,2.100000,2.100000,1.738605,51600
2003-04-08,2.100000,2.125000,2.075000,2.120000,1.755163,105600
2003-04-09,2.125000,2.237500,2.122500,2.182500,1.806907,58000
2003-04-10,2.175000,2.187500,2.175000,2.182500,1.806907,48400
2003-04-11,2.212500,2.220000,2.212500,2.220000,1.837954,14800
2003-04-14,2.215000,2.215000,2.200000,2.215000,1.833814,11200
2003-04-15,2.212500,2.212500,2.175000,2.195000,1.817256,21600
2003-04-16,2.192500,2.192500,2.160000,2.160000,1.788280,13200
2003-04-17,2.165000,2.170000,2.075000,2.170000,1.796558,68000
2003-04-21,2.172500,2.210000,2.172500,2.195000,1.817256,99600
2003-04-22,2.187500,2.230000,2.187500,2.227500,1.844163,58000
2003-04-23,2.237500,2.275000,2.237500,2.275000,1.883489,22400
2003-04-24,2.280000,2.280000,2.250000,2.275000,1.883489,20800
2003-04-25,2.282500,2.312500,2.280000,2.312500,1.914536,85600
2003-04-28,2.325000,2.472500,2.312500,2.472500,2.047001,75200
2003-04-29,2.475000,2.575000,2.470000,2.572500,2.129791,42000
2003-04-30,2.597500,2.597500,2.547500,2.570000,2.127721,31200
2003-05-01,2.587500,2.605000,2.585000,2.600000,2.152558,18800
2003-05-02,2.595000,2.595000,2.585000,2.592500,2.146350,14000
2003-05-05,2.600000,2.700000,2.592500,2.677500,2.216722,22000
2003-05-06,2.652500,2.660000,2.650000,2.660000,2.202233,48400
2003-05-07,2.660000,2.670000,2.660000,2.670000,2.210512,4800
2003-05-08,2.680000,2.702500,2.680000,2.692500,2.229140,27200
2003-05-09,2.700000,2.700000,2.682500,2.687500,2.225000,28400
2003-05-12,2.675000,2.685000,2.675000,2.685000,2.222931,14800
2003-05-13,2.687500,2.712500,2.687500,2.707500,2.241559,35600
2003-05-14,2.717500,2.725000,2.687500,2.720000,2.251907,21600
2003-05-15,2.720000,2.725000,2.690000,2.692500,2.229140,39200
2003-05-16,2.675000,2.687500,2.670000,2.687500,2.225000,12400
2003-05-19,2.680000,2.697500,2.675000,2.675000,2.214652,12400
2003-05-20,2.675000,2.705000,2.675000,2.705000,2.239488,20800
2003-05-21,2.702500,2.705000,2.700000,2.700000,2.235349,10400
2003-05-22,2.687500,2.690000,2.687500,2.690000,2.227070,14800
2003-05-23,2.690000,2.690000,2.690000,2.690000,2.227070,0
2003-05-27,2.687500,2.770000,2.682500,2.770000,2.293302,40800
2003-05-28,2.775000,2.822500,2.775000,2.810000,2.326419,33600
2003-05-29,2.802500,2.812500,2.802500,2.810000,2.326419,15600
2003-05-30,2.810000,2.825000,2.810000,2.825000,2.338838,203200
2003-06-02,2.825000,2.865000,2.825000,2.857500,2.365745,10000
2003-06-03,2.862500,2.947500,2.862500,2.932500,2.427837,131600
2003-06-04,2.932500,2.947500,2.932500,2.947500,2.440257,1600
2003-06-05,2.940000,2.940000,2.925000,2.925000,2.421628,21600
2003-06-06,2.925000,2.925000,2.845000,2.845000,2.355396,38800
2003-06-09,2.837500,2.837500,2.762500,2.780000,2.301582,26400
2003-06-10,2.777500,2.842500,2.777500,2.842500,2.353326,12000
2003-06-11,2.837500,2.847500,2.827500,2.827500,2.340907,7600
2003-06-12,2.837500,2.837500,2.830000,2.832500,2.345047,10000
2003-06-13,2.827500,2.827500,2.822500,2.822500,2.336768,8000
2003-06-16,2.775000,2.837500,2.765000,2.837500,2.349186,57200
2003-06-17,2.837500,2.840000,2.837500,2.837500,2.349186,12000
2003-06-18,2.837500,2.837500,2.830000,2.830000,2.342977,5200
2003-06-19,2.855000,2.855000,2.842500,2.847500,2.357466,6800
2003-06-20,2.837500,2.837500,2.837500,2.837500,2.349186,5600
2003-06-23,2.825000,2.825000,2.810000,2.812500,2.328489,80000
2003-06-24,2.812500,2.825000,2.807500,2.820000,2.334698,8800
2003-06-25,2.815000,2.842500,2.805000,2.837500,2.349186,108000
2003-06-26,2.787500,2.805000,2.737500,2.800000,2.318140,222000
2003-06-27,2.805000,2.805000,2.750000,2.770000,2.293302,23600
2003-06-30,2.775000,2.775000,2.750000,2.752500,2.278815,6800
2003-07-01,2.750000,2.750000,2.750000,2.750000,2.276744,5600
2003-07-02,2.762500,2.762500,2.762500,2.762500,2.287093,14800
2003-07-03,2.787500,2.787500,2.787500,2.787500,2.307790,3200
2003-07-07,2.787500,2.787500,2.750000,2.750000,2.276744,19200
2003-07-08,2.737500,2.750000,2.722500,2.750000,2.276744,56800
2003-07-09,2.737500,2.750000,2.737500,2.737500,2.266396,35600
2003-07-10,2.727500,2.750000,2.725000,2.737500,2.266396,10800
2003-07-11,2.732500,2.732500,2.725000,2.725000,2.256047,26800
2003-07-14,2.725000,2.730000,2.725000,2.727500,2.258116,3200
2003-07-15,2.727500,2.732500,2.717500,2.725000,2.256047,8400
2003-07-16,2.717500,2.717500,2.712500,2.712500,2.245698,2800
2003-07-17,2.722500,2.725000,2.702500,2.702500,2.237418,9600
2003-07-18,2.702500,2.715000,2.702500,2.712500,2.245698,9200
2003-07-21,2.712500,2.712500,2.712500,2.712500,2.245698,0
2003-07-22,2.727500,2.750000,2.722500,2.750000,2.276744,24000
2003-07-23,2.745000,2.750000,2.745000,2.745000,2.272605,227200
2003-07-24,2.745000,2.745000,2.735000,2.735000,2.264325,44800
2003-07-25,2.730000,2.750000,2.725000,2.725000,2.256047,120800
2003-07-28,2.737500,2.750000,2.732500,2.745000,2.272605,61200
2003-07-29,2.745000,2.750000,2.732500,2.750000,2.276744,22400
2003-07-30,2.742500,2.750000,2.740000,2.742500,2.270535,48000
2003-07-31,2.737500,2.750000,2.737500,2.745000,2.272605,166800
2003-08-01,2.737500,2.737500,2.737500,2.737500,2.266396,2800
2003-08-04,2.737500,2.750000,2.730000,2.750000,2.276744,35600
2003-08-05,2.750000,2.750000,2.742500,2.742500,2.270535,20800
2003-08-06,2.737500,2.750000,2.732500,2.737500,2.266396,159200
2003-08-07,2.745000,2.745000,2.727500,2.737500,2.266396,94800
2003-08-08,2.732500,2.737500,2.732500,2.737500,2.266396,2000
2003-08-11,2.737500,2.737500,2.727500,2.727500,2.258116,6800
2003-08-12,2.732500,2.762500,2.732500,2.750000,2.276744,175600
2003-08-13,2.747500,2.762500,2.740000,2.750000,2.276744,174800
2003-08-14,2.737500,2.750000,2.737500,2.750000,2.276744,109600
2003-08-15,2.775000,3.075000,2.775000,3.062500,2.535466,982800
2003-08-18,3.125000,3.437500,3.125000,3.437500,2.845931,519200
2003-08-19,3.500000,3.675000,3.500000,3.587500,2.970117,465600
2003-08-20,3.587500,3.587500,3.462500,3.472500,2.874908,136000
2003-08-21,3.400000,3.450000,3.362500,3.405000,2.819024,41200
2003-08-22,3.412500,3.437500,3.370000,3.432500,2.841791,180800
2003-08-25,3.425000,3.462500,3.375000,3.462500,2.866628,44800
2003-08-26,3.470000,3.687500,3.470000,3.550000,2.939070,218000
2003-08-27,3.557500,3.557500,3.500000,3.550000,2.939070,128800
2003-08-28,3.537500,3.537500,3.412500,3.412500,2.825233,20000
2003-08-29,3.405000,3.412500,3.275000,3.387500,2.804536,42800
2003-09-02,3.412500,3.525000,3.412500,3.487500,2.887326,52400
2003-09-03,3.500000,3.500000,3.477500,3.487500,2.887326,16400
2003-09-04,3.487500,3.512500,3.487500,3.502500,2.899744,19200
2003-09-05,3.502500,3.562500,3.500000,3.562500,2.949419,15200
2003-09-08,3.562500,3.562500,3.500000,3.520000,2.914233,91200
2003-09-09,3.527500,3.550000,3.502500,3.550000,2.939070,11200
2003-09-10,3.532500,3.562500,3.525000,3.562500,2.949419,16800
2003-09-11,3.562500,3.595000,3.540000,3.572500,2.957698,21600
2003-09-12,3.575000,3.577500,3.560000,3.577500,2.961838,7200
2003-09-15,3.560000,3.562500,3.527500,3.560000,2.947350,14000
2003-09-16,3.557500,3.572500,3.450000,3.472500,2.874908,41600
2003-09-17,3.482500,3.505000,3.450000,3.450000,2.856280,35200
2003-09-18,3.447500,3.447500,3.437500,3.440000,2.848000,7600
2003-09-19,3.437500,3.455000,3.425000,3.435000,2.843860,2400
2003-09-22,3.430000,3.430000,3.425000,3.427500,2.837652,4800
2003-09-23,3.452500,3.455000,3.445000,3.450000,2.856280,110400
2003-09-24,3.462500,3.475000,3.450000,3.450000,2.856280,22400
2003-09-25,3.435000,3.437500,2.837500,2.992500,2.477511,580800
2003-09-26,3.012500,3.050000,2.700000,2.725000,2.256047,424400
2003-09-29,2.712500,2.775000,2.612500,2.687500,2.225000,309600
2003-09-30,2.700000,2.735000,2.687500,2.735000,2.264325,78400
2003-10-01,2.750000,2.887500,2.700000,2.755000,2.280884,133600
2003-10-02,2.770000,2.800000,2.770000,2.800000,2.318140,4000
2003-10-03,2.825000,2.887500,2.815000,2.872500,2.378163,20400
2003-10-06,2.875000,2.925000,2.875000,2.925000,2.421628,17600
2003-10-07,2.912500,3.060000,2.912500,3.045000,2.520977,50000
2003-10-08,3.057500,3.150000,3.057500,3.150000,2.607908,192800
2003-10-09,3.175000,3.187500,3.175000,3.175000,2.628606,5200
2003-10-10,3.175000,3.175000,3.162500,3.175000,2.628606,267600
2003-10-13,3.175000,3.205000,3.175000,3.205000,2.653443,18000
2003-10-14,3.215000,3.262500,3.207500,3.250000,2.690698,41600
2003-10-15,3.250000,3.312500,3.250000,3.312500,2.742442,10800
2003-10-16,3.337500,3.475000,3.190000,3.190000,2.641022,136800
2003-10-17,3.177500,3.250000,3.162500,3.250000,2.690698,31600
2003-10-20,3.237500,3.250000,3.237500,3.250000,2.690698,6400
2003-10-21,3.250000,3.250000,3.240000,3.250000,2.690698,33600
2003-10-22,3.250000,3.300000,3.180000,3.220000,2.665861,26000
2003-10-23,3.230000,3.230000,3.162500,3.200000,2.649303,17200
2003-10-24,3.205000,3.232500,3.200000,3.200000,2.649303,24000
2003-10-27,3.200000,3.202500,3.200000,3.202500,2.651372,10400
2003-10-28,3.202500,3.215000,3.202500,3.215000,2.661721,6800
2003-10-29,3.215000,3.215000,3.200000,3.200000,2.649303,14400
2003-10-30,3.200000,3.202500,3.200000,3.202500,2.651372,63600
2003-10-31,3.212500,3.212500,3.205000,3.205000,2.653443,25600
2003-11-03,3.195000,3.200000,3.187500,3.200000,2.649303,15200
2003-11-04,3.187500,3.187500,3.177500,3.177500,2.630675,5200
2003-11-05,3.177500,3.177500,3.162500,3.167500,2.622396,5200
2003-11-06,3.175000,3.185000,3.172500,3.175000,2.628606,14000
2003-11-07,3.182500,3.182500,3.172500,3.172500,2.626535,3600
2003-11-10,3.162500,3.170000,3.107500,3.107500,2.572722,16400
2003-11-11,3.092500,3.112500,3.075000,3.075000,2.545814,115200
2003-11-12,3.087500,3.087500,3.037500,3.060000,2.533395,190800
2003-11-13,3.050000,3.050000,3.025000,3.025000,2.504419,59200
2003-11-14,3.025000,3.047500,3.025000,3.047500,2.523047,23600
2003-11-17,3.037500,3.062500,3.027500,3.037500,2.514769,37600
2003-11-18,3.032500,3.047500,3.025000,3.025000,2.504419,9600
2003-11-19,3.037500,3.037500,3.037500,3.037500,2.514769,4000
2003-11-20,3.025000,3.025000,3.025000,3.025000,2.504419,14400
2003-11-21,3.025000,3.062500,3.025000,3.057500,2.531326,8400
2003-11-24,3.050000,3.062500,3.025000,3.025000,2.504419,26800
2003-11-25,3.025000,3.062500,3.025000,3.062500,2.535466,136000
2003-11-26,3.057500,3.062500,3.025000,3.042500,2.518907,6400
2003-11-28,3.042500,3.042500,3.042500,3.042500,2.518907,0
2003-12-01,3.042500,3.050000,3.042500,3.050000,2.525117,2400
2003-12-02,3.072500,3.125000,3.072500,3.125000,2.587211,20000
2003-12-03,3.150000,3.150000,3.150000,3.150000,2.607908,800
2003-12-04,3.175000,3.175000,3.152500,3.152500,2.609977,40400
2003-12-05,3.162500,3.175000,3.155000,3.155000,2.612046,3200
2003-12-08,3.187500,3.250000,3.187500,3.250000,2.690698,40000
2003-12-09,3.272500,3.325000,3.272500,3.325000,2.752792,4000
2003-12-10,3.325000,3.432500,3.287500,3.287500,2.721745,38800
2003-12-11,3.302500,3.320000,3.302500,3.320000,2.748651,2400
2003-12-12,3.320000,3.347500,3.300000,3.300000,2.732093,19200
2003-12-15,3.282500,3.282500,3.250000,3.255000,2.694838,9200
2003-12-16,3.225000,3.250000,3.200000,3.200000,2.649303,50000
2003-12-17,3.197500,3.200000,3.175000,3.187500,2.638954,112400
2003-12-18,3.185000,3.262500,3.185000,3.262500,2.701048,41200
2003-12-19,3.262500,3.265000,3.225000,3.250000,2.690698,33600
2003-12-22,3.262500,3.262500,3.262500,3.262500,2.701048,2000
2003-12-23,3.250000,3.250000,3.212500,3.247500,2.688628,24800
2003-12-24,3.247500,3.247500,3.247500,3.247500,2.688628,0
2003-12-26,3.250000,3.337500,3.250000,3.300000,2.732093,19600
2003-12-29,3.300000,3.300000,3.300000,3.300000,2.732093,0
2003-12-30,3.325000,3.325000,3.325000,3.325000,2.752792,1600
2003-12-31,3.325000,3.350000,3.325000,3.337500,2.763140,12400
2004-01-02,3.337500,3.340000,3.337500,3.340000,2.765209,14400
2004-01-05,3.315000,3.375000,3.315000,3.360000,2.781768,31200
2004-01-06,3.375000,3.375000,3.360000,3.375000,2.794186,14000
2004-01-07,3.390000,3.435000,3.390000,3.435000,2.843860,7600
2004-01-08,3.535000,3.717500,3.535000,3.675000,3.042559,200000
2004-01-09,3.675000,3.675000,3.600000,3.625000,3.001163,35200
2004-01-12,3.650000,3.695000,3.637500,3.640000,3.013583,23600
2004-01-13,3.652500,3.662500,3.650000,3.650000,3.021861,5600
2004-01-14,3.637500,4.037500,3.625000,4.015000,3.324047,138800
2004-01-15,3.990000,4.000000,3.805000,4.000000,3.311629,82800
2004-01-16,3.937500,4.000000,3.937500,3.957500,3.276443,35600
2004-01-20,3.932500,3.932500,3.830000,3.832500,3.172955,26000
2004-01-21,3.795000,3.842500,3.705000,3.800000,3.146047,34000
2004-01-22,3.775000,3.812500,3.687500,3.812500,3.156396,32800
2004-01-23,3.807500,3.807500,3.800000,3.802500,3.148117,4800
2004-01-26,3.777500,3.900000,3.777500,3.900000,3.228837,21600
2004-01-27,3.900000,3.950000,3.900000,3.925000,3.249536,17600
2004-01-28,3.912500,3.925000,3.900000,3.925000,3.249536,14400
2004-01-29,3.925000,3.955000,3.900000,3.912500,3.239187,27600
2004-01-30,3.925000,3.950000,3.900000,3.900000,3.228837,84800
2004-02-02,3.887500,3.887500,3.867500,3.875000,3.208141,13200
2004-02-03,3.862500,3.887500,3.837500,3.875000,3.208141,32000
2004-02-04,3.875000,3.875000,3.875000,3.875000,3.208141,10000
2004-02-05,3.882500,3.950000,3.882500,3.950000,3.270232,17600
2004-02-06,3.937500,4.125000,3.937500,4.107500,3.400628,118800
2004-02-09,4.125000,4.175000,4.125000,4.175000,3.456512,3200
2004-02-10,4.187500,4.320000,4.150000,4.312500,3.570349,70400
2004-02-11,4.325000,4.325000,4.217500,4.217500,3.491699,28400
2004-02-12,4.205000,4.205000,4.085000,4.087500,3.384071,24800
2004-02-13,4.085000,4.085000,4.062500,4.062500,3.363373,2800
2004-02-17,4.060000,4.060000,3.875000,3.925000,3.249536,21200
2004-02-18,3.900000,3.900000,3.900000,3.900000,3.228837,12800
2004-02-19,3.865000,3.865000,3.865000,3.865000,3.199861,2800
2004-02-20,3.855000,3.895000,3.855000,3.862500,3.197791,4400
2004-02-23,3.900000,3.900000,3.895000,3.895000,3.224698,1200
2004-02-24,3.925000,4.022500,3.925000,4.022500,3.330257,34400
2004-02-25,4.057500,4.062500,4.012500,4.062500,3.363373,50800
2004-02-26,4.062500,4.062500,4.012500,4.057500,3.359234,20400
2004-02-27,4.005000,4.005000,4.000000,4.000000,3.311629,3200
2004-03-01,4.022500,4.022500,3.950000,3.950000,3.270232,8800
2004-03-02,3.960000,3.960000,3.960000,3.960000,3.278512,4000
2004-03-03,3.925000,3.925000,3.887500,3.887500,3.218489,6400
2004-03-04,3.887500,3.900000,3.825000,3.862500,3.197791,21200
2004-03-05,3.862500,3.895000,3.862500,3.895000,3.224698,2800
2004-03-08,3.912500,3.925000,3.900000,3.925000,3.249536,30400
2004-03-09,3.922500,4.052500,3.922500,4.052500,3.355093,21600
2004-03-10,4.025000,4.025000,3.972500,3.972500,3.288861,8800
2004-03-11,3.975000,3.975000,3.950000,3.967500,3.284721,6000
2004-03-12,3.950000,3.962500,3.950000,3.962500,3.280582,18800
2004-03-15,3.915000,3.960000,3.915000,3.960000,3.278512,1200
2004-03-16,3.937500,3.937500,3.875000,3.875000,3.208141,5600
2004-03-17,3.850000,3.850000,3.762500,3.762500,3.115001,14800
2004-03-18,3.800000,3.845000,3.800000,3.825000,3.166744,4000
2004-03-19,3.775000,3.917500,3.775000,3.917500,3.243326,27600
2004-03-22,3.950000,3.960000,3.850000,3.900000,3.228837,7200
2004-03-23,3.862500,3.862500,3.850000,3.850000,3.187443,4000
2004-03-24,3.850000,3.850000,3.825000,3.825000,3.166744,2000
2004-03-25,3.875000,3.900000,3.850000,3.850000,3.187443,5200
2004-03-26,3.850000,3.912500,3.850000,3.912500,3.239187,24800
2004-03-29,3.875000,3.887500,3.875000,3.887500,3.218489,4800
2004-03-30,3.887500,4.062500,3.887500,4.000000,3.311629,54000
2004-03-31,4.012500,4.150000,4.012500,4.150000,3.435815,71200
2004-04-01,4.150000,4.175000,4.112500,4.125000,3.415118,22000
2004-04-02,4.187500,4.225000,4.125000,4.125000,3.415118,26800
2004-04-05,4.125000,4.125000,4.125000,4.125000,3.415118,2000
2004-04-06,4.100000,4.100000,4.100000,4.100000,3.394419,6400
2004-04-07,4.100000,4.125000,4.100000,4.125000,3.415118,84000
2004-04-08,4.100000,4.125000,4.075000,4.100000,3.394419,23200
2004-04-12,4.112500,4.112500,4.100000,4.100000,3.394419,49200
2004-04-13,4.110000,4.110000,4.100000,4.100000,3.394419,37200
2004-04-14,4.087500,4.100000,4.067500,4.067500,3.367511,36000
2004-04-15,4.050000,4.062500,4.025000,4.025000,3.332326,47200
2004-04-16,4.012500,4.062500,4.012500,4.062500,3.363373,25600
2004-04-19,4.062500,4.077500,4.062500,4.075000,3.373722,4000
2004-04-20,4.100000,4.125000,4.090000,4.090000,3.386141,12400
2004-04-21,4.062500,4.062500,4.025000,4.032500,3.338535,50000
2004-04-22,4.012500,4.050000,4.012500,4.037500,3.342674,64400
2004-04-23,4.050000,4.050000,4.050000,4.050000,3.353024,2000
2004-04-26,4.047500,4.050000,4.047500,4.050000,3.353024,28400
2004-04-27,4.025000,4.025000,4.025000,4.025000,3.332326,800
2004-04-28,4.000000,4.037500,3.937500,4.037500,3.342674,22800
2004-04-29,4.000000,4.000000,3.987500,4.000000,3.311629,4800
2004-04-30,4.002500,4.030000,3.950000,4.030000,3.336466,54400
2004-05-03,4.000000,4.000000,3.937500,4.000000,3.311629,7200
2004-05-04,3.950000,3.975000,3.950000,3.975000,3.290931,800
2004-05-05,3.925000,3.925000,3.900000,3.915000,3.241256,23200
2004-05-06,3.875000,3.902500,3.875000,3.902500,3.230907,50800
2004-05-07,3.900000,3.912500,3.887500,3.887500,3.218489,127200
2004-05-10,3.925000,4.072500,3.900000,4.072500,3.371651,31200
2004-05-11,4.025000,4.075000,4.025000,4.037500,3.342674,59200
2004-05-12,4.037500,4.037500,4.037500,4.037500,3.342674,0
2004-05-13,4.012500,4.025000,4.012500,4.025000,3.332326,16000
2004-05-14,4.000000,4.000000,3.787500,3.817500,3.160536,43200
2004-05-17,3.800000,3.800000,3.537500,3.600000,2.980465,101600
2004-05-18,3.562500,3.562500,3.562500,3.562500,2.949419,4000
2004-05-19,3.600000,3.687500,3.600000,3.687500,3.052908,7600
2004-05-20,3.675000,3.787500,3.675000,3.750000,3.104651,12800
2004-05-21,3.750000,3.750000,3.750000,3.750000,3.104651,0
2004-05-24,3.750000,3.750000,3.750000,3.750000,3.104651,0
2004-05-25,3.712500,3.712500,3.712500,3.712500,3.073605,4400
2004-05-26,3.687500,3.687500,3.600000,3.600000,2.980465,4800
2004-05-27,3.575000,3.700000,3.575000,3.700000,3.063257,15600
2004-05-28,3.685000,3.737500,3.685000,3.725000,3.083954,6400
2004-06-01,3.700000,3.700000,3.700000,3.700000,3.063257,400
2004-06-02,3.700000,3.700000,3.700000,3.700000,3.063257,0
2004-06-03,3.750000,3.752500,3.750000,3.750000,3.104651,22000
2004-06-04,3.750000,3.750000,3.750000,3.750000,3.104651,2000
2004-06-07,3.752500,3.752500,3.750000,3.750000,3.104651,3200
2004-06-08,3.737500,3.750000,3.737500,3.750000,3.104651,3200
2004-06-09,3.750000,3.787500,3.750000,3.762500,3.115001,8000
2004-06-10,3.755000,3.762500,3.755000,3.755000,3.108791,6800
2004-06-14,3.750000,3.750000,3.750000,3.750000,3.104651,18800
2004-06-15,3.752500,3.800000,3.752500,3.800000,3.146047,9200
2004-06-16,3.787500,3.787500,3.767500,3.787500,3.135699,3200
2004-06-17,3.805000,3.805000,3.800000,3.800000,3.146047,1200
2004-06-18,3.800000,3.800000,3.800000,3.800000,3.146047,400
2004-06-21,3.775000,3.775000,3.775000,3.775000,3.125350,2000
2004-06-22,3.775000,3.825000,3.762500,3.825000,3.166744,24800
2004-06-23,3.805000,3.805000,3.800000,3.800000,3.146047,5600
2004-06-24,3.837500,3.875000,3.775000,3.850000,3.187443,26000
2004-06-25,3.862500,3.862500,3.750000,3.812500,3.156396,57200
2004-06-28,3.850000,3.850000,3.812500,3.812500,3.156396,2000
2004-06-29,3.762500,3.762500,3.750000,3.750000,3.104651,13600
2004-06-30,3.800000,3.800000,3.800000,3.800000,3.146047,6000
2004-07-01,3.800000,3.925000,3.800000,3.925000,3.249536,22800
2004-07-02,3.975000,3.987500,3.962500,3.975000,3.290931,9600
2004-07-06,3.962500,3.975000,3.962500,3.975000,3.290931,7200
2004-07-07,3.950000,3.950000,3.925000,3.925000,3.249536,6800
2004-07-08,3.940000,3.940000,3.937500,3.937500,3.259884,1200
2004-07-09,3.937500,3.937500,3.937500,3.937500,3.259884,0
2004-07-12,3.912500,3.945000,3.900000,3.945000,3.266094,22400
2004-07-13,3.925000,3.925000,3.925000,3.925000,3.249536,800
2004-07-14,3.937500,3.937500,3.887500,3.887500,3.218489,8000
2004-07-15,3.887500,3.887500,3.887500,3.887500,3.218489,0
2004-07-16,3.910000,3.912500,3.910000,3.912500,3.239187,1200
2004-07-19,3.912500,3.912500,3.912500,3.912500,3.239187,0
2004-07-20,3.900000,3.900000,3.880000,3.897500,3.226768,8000
2004-07-21,3.897500,3.897500,3.897500,3.897500,3.226768,0
2004-07-22,3.875000,3.895000,3.850000,3.895000,3.224698,7600
2004-07-23,3.900000,3.900000,3.900000,3.900000,3.228837,15200
2004-07-26,3.887500,3.887500,3.887500,3.887500,3.218489,400
2004-07-27,3.912500,3.937500,3.912500,3.937500,3.259884,4000
2004-07-28,3.887500,3.887500,3.887500,3.887500,3.218489,4400
2004-07-29,3.912500,3.937500,3.900000,3.927500,3.251605,10800
2004-07-30,3.930000,3.942500,3.875000,3.942500,3.264024,20400
2004-08-02,3.925000,3.932500,3.902500,3.932500,3.255744,5600
2004-08-03,3.930000,3.930000,3.912500,3.922500,3.247465,27600
2004-08-04,3.937500,3.937500,3.912500,3.912500,3.239187,2800
2004-08-05,3.890000,3.890000,3.875000,3.875000,3.208141,1200
2004-08-06,3.862500,3.862500,3.862500,3.862500,3.197791,800
2004-08-09,3.850000,3.870000,3.850000,3.870000,3.204000,800
2004-08-10,3.870000,3.875000,3.862500,3.865000,3.199861,30800
2004-08-11,3.865000,3.865000,3.865000,3.865000,3.199861,0
2004-08-12,3.862500,3.862500,3.862500,3.862500,3.197791,400
2004-08-13,3.862500,3.862500,3.825000,3.825000,3.166744,4400
2004-08-16,3.802500,3.802500,3.700000,3.700000,3.063257,8800
2004-08-17,3.675000,3.680000,3.675000,3.680000,3.046698,2800
2004-08-18,3.682500,3.687500,3.682500,3.687500,3.052908,20000
2004-08-19,3.675000,3.687500,3.675000,3.675000,3.042559,20400
2004-08-20,3.650000,3.650000,3.562500,3.590000,2.972186,28400
2004-08-23,3.575000,3.642500,3.575000,3.642500,3.015651,23600
2004-08-24,3.645000,3.645000,3.612500,3.625000,3.001163,27600
2004-08-25,3.625000,3.625000,3.625000,3.625000,3.001163,0
2004-08-26,3.637500,3.650000,3.637500,3.650000,3.021861,2000
2004-08-27,3.650000,3.650000,3.650000,3.650000,3.021861,1600
2004-08-30,3.687500,3.700000,3.605000,3.605000,2.984606,11600
2004-08-31,3.630000,3.630000,3.562500,3.562500,2.949419,8800
2004-09-01,3.562500,3.562500,3.562500,3.562500,2.949419,400
2004-09-02,3.562500,3.575000,3.562500,3.562500,2.949419,2000
2004-09-03,3.557500,3.562500,3.552500,3.552500,2.941140,23600
2004-09-07,3.550000,3.550000,3.500000,3.500000,2.897675,4000
2004-09-08,3.500000,3.510000,3.437500,3.510000,2.905954,486400
2004-09-09,3.537500,3.537500,3.500000,3.500000,2.897675,2400
2004-09-10,3.475000,3.475000,3.437500,3.457500,2.862489,8000
2004-09-13,3.450000,3.487500,3.450000,3.487500,2.887326,2400
2004-09-14,3.487500,3.487500,3.487500,3.487500,2.887326,0
2004-09-15,3.437500,3.530000,3.437500,3.530000,2.922512,34800
2004-09-16,3.517500,3.562500,3.517500,3.562500,2.949419,1600
2004-09-17,3.540000,3.587500,3.537500,3.575000,2.959767,4400
2004-09-20,3.575000,3.575000,3.575000,3.575000,2.959767,0
2004-09-21,3.625000,3.650000,3.612500,3.625000,3.001163,13600
2004-09-22,3.635000,3.725000,3.635000,3.725000,3.083954,22000
2004-09-23,3.750000,3.950000,3.612500,3.662500,3.032210,86800
2004-09-24,3.687500,3.690000,3.517500,3.517500,2.912163,20000
2004-09-27,3.517500,3.555000,3.517500,3.520000,2.914233,50000
2004-09-28,3.500000,3.500000,3.487500,3.487500,2.887326,2800
2004-09-29,3.465000,3.487500,3.462500,3.462500,2.866628,7200
2004-09-30,3.440000,3.440000,3.427500,3.427500,2.837652,9200
2004-10-01,3.412500,3.425000,3.412500,3.425000,2.835581,3200
2004-10-04,3.425000,3.425000,3.425000,3.425000,2.835581,800
2004-10-05,3.425000,3.425000,3.425000,3.425000,2.835581,0
2004-10-06,3.425000,3.450000,3.425000,3.450000,2.856280,1200
2004-10-07,3.447500,3.447500,3.375000,3.375000,2.794186,7600
2004-10-08,3.350000,3.350000,3.325000,3.350000,2.773489,4400
2004-10-11,3.350000,3.350000,3.350000,3.350000,2.773489,0
2004-10-12,3.350000,3.350000,3.350000,3.350000,2.773489,0
2004-10-13,3.337500,3.357500,3.332500,3.350000,2.773489,12000
2004-10-14,3.375000,3.400000,3.375000,3.387500,2.804536,2400
2004-10-15,3.387500,3.387500,3.387500,3.387500,2.804536,0
2004-10-18,3.412500,3.462500,3.412500,3.450000,2.856280,8400
2004-10-19,3.450000,3.450000,3.450000,3.450000,2.856280,0
2004-10-20,3.425000,3.425000,3.400000,3.420000,2.831443,2000
2004-10-21,3.455000,3.455000,3.455000,3.455000,2.860419,400
2004-10-22,3.450000,3.475000,3.450000,3.475000,2.876977,800
2004-10-25,3.450000,3.450000,3.425000,3.425000,2.835581,3600
2004-10-26,3.447500,3.462500,3.425000,3.425000,2.835581,3200
2004-10-27,3.400000,3.400000,3.375000,3.375000,2.794186,18000
2004-10-28,3.375000,3.375000,3.375000,3.375000,2.794186,0
2004-10-29,3.375000,3.375000,3.375000,3.375000,2.794186,0
2004-11-01,3.375000,3.420000,3.375000,3.420000,2.831443,7200
2004-11-02,3.420000,3.420000,3.420000,3.420000,2.831443,0
2004-11-03,3.412500,3.500000,3.390000,3.500000,2.897675,9200
2004-11-04,3.500000,3.520000,3.500000,3.520000,2.914233,4800
2004-11-05,3.522500,3.525000,3.522500,3.525000,2.918373,4000
2004-11-08,3.512500,3.535000,3.512500,3.535000,2.926651,4000
2004-11-09,3.555000,3.555000,3.550000,3.550000,2.939070,10400
2004-11-10,3.537500,3.625000,3.537500,3.600000,2.980465,6800
2004-11-11,3.625000,3.625000,3.600000,3.600000,2.980465,1600
2004-11-12,3.600000,3.600000,3.600000,3.600000,2.980465,0
2004-11-15,3.575000,3.575000,3.502500,3.572500,2.957698,12000
2004-11-16,3.572500,3.687500,3.572500,3.687500,3.052908,24000
2004-11-17,3.675000,3.702500,3.662500,3.702500,3.065326,56800
2004-11-18,3.700000,3.762500,3.700000,3.750000,3.104651,15600
2004-11-19,3.737500,3.772500,3.725000,3.772500,3.123280,191600
2004-11-22,3.747500,3.852500,3.747500,3.852500,3.189512,10000
2004-11-23,3.875000,3.875000,3.852500,3.852500,3.189512,8800
2004-11-24,3.875000,3.887500,3.855000,3.855000,3.191581,4400
2004-11-26,3.855000,3.855000,3.855000,3.855000,3.191581,0
2004-11-29,3.850000,3.897500,3.850000,3.875000,3.208141,13600
2004-11-30,3.862500,3.862500,3.812500,3.812500,3.156396,4000
2004-12-01,3.812500,3.812500,3.812500,3.812500,3.156396,0
2004-12-02,3.812500,3.840000,3.812500,3.840000,3.179163,5600
2004-12-03,3.850000,3.850000,3.847500,3.847500,3.185373,5200
2004-12-06,3.825000,3.850000,3.825000,3.850000,3.187443,14800
2004-12-07,3.850000,3.875000,3.847500,3.875000,3.208141,38000
2004-12-08,3.900000,3.987500,3.900000,3.900000,3.228837,19600
2004-12-09,3.850000,3.850000,3.812500,3.812500,3.156396,4000
2004-12-10,3.812500,3.812500,3.812500,3.812500,3.156396,400
2004-12-13,3.837500,3.837500,3.837500,3.837500,3.177093,800
2004-12-14,3.817500,3.837500,3.805000,3.805000,3.150187,11200
2004-12-15,3.815000,3.815000,3.815000,3.815000,3.158466,800
2004-12-16,3.812500,3.872500,3.812500,3.872500,3.206070,12400
2004-12-17,3.855000,3.912500,3.855000,3.877500,3.210210,10800
2004-12-20,3.850000,3.850000,3.800000,3.825000,3.166744,12800
2004-12-21,3.815000,3.862500,3.800000,3.825000,3.166744,15600
2004-12-22,3.812500,3.872500,3.800000,3.862500,3.197791,23200
2004-12-23,3.862500,3.950000,3.862500,3.950000,3.270232,6800
2004-12-27,3.937500,3.937500,3.932500,3.935000,3.257814,5200
2004-12-28,3.947500,3.957500,3.925000,3.947500,3.268164,2000
2004-12-29,3.912500,4.012500,3.900000,4.012500,3.321977,14800
2004-12-30,3.950000,4.000000,3.950000,4.000000,3.311629,11200
2004-12-31,4.015000,4.062500,4.012500,4.062500,3.363373,4000
2005-01-03,4.025000,4.062500,4.002500,4.035000,3.340605,101600
2005-01-04,4.037500,4.037500,3.937500,3.962500,3.280582,65200
2005-01-05,3.927500,3.937500,3.912500,3.937500,3.259884,6800
2005-01-06,3.937500,4.037500,3.937500,4.012500,3.321977,52400
2005-01-07,3.990000,3.990000,3.950000,3.962500,3.280582,39200
2005-01-10,3.940000,3.962500,3.940000,3.962500,3.280582,3600
2005-01-11,3.942500,3.942500,3.940000,3.940000,3.261954,3200
2005-01-12,3.975000,4.000000,3.950000,4.000000,3.311629,42400
2005-01-13,3.980000,4.062500,3.977500,4.062500,3.363373,8000
2005-01-14,4.025000,4.037500,4.000000,4.037500,3.342674,7200
2005-01-18,4.012500,4.012500,4.000000,4.000000,3.311629,8800
2005-01-19,4.062500,4.062500,4.025000,4.025000,3.332326,7600
2005-01-20,4.025000,4.037500,4.025000,4.037500,3.342674,5200
2005-01-21,4.062500,4.087500,4.060000,4.062500,3.363373,30400
2005-01-24,4.025000,4.025000,4.012500,4.012500,3.321977,1200
2005-01-25,4.037500,4.037500,4.035000,4.037500,3.342674,3600
2005-01-26,4.037500,4.037500,3.975000,3.975000,3.290931,204800
2005-01-27,3.962500,3.975000,3.950000,3.950000,3.270232,78400
2005-01-28,3.967500,3.997500,3.930000,3.995000,3.307488,21200
2005-01-31,4.032500,4.147500,4.000000,4.057500,3.359234,92400
2005-02-01,4.057500,4.057500,4.025000,4.050000,3.353024,1600
2005-02-02,4.040000,4.057500,4.040000,4.052500,3.355093,28000
2005-02-03,4.055000,4.055000,4.000000,4.025000,3.332326,7200
2005-02-04,4.037500,4.037500,4.002500,4.002500,3.313698,4800
2005-02-07,4.037500,4.050000,3.997500,4.012500,3.321977,70000
2005-02-08,4.037500,4.037500,4.035000,4.035000,3.340605,2000
2005-02-09,4.035000,4.035000,3.975000,4.025000,3.332326,10800
2005-02-10,4.025000,4.025000,4.007500,4.007500,3.317837,1200
2005-02-11,4.000000,4.025000,4.000000,4.007500,3.317837,6000
2005-02-14,4.025000,4.037500,4.025000,4.037500,3.342674,3600
2005-02-15,4.035000,4.037500,4.025000,4.032500,3.338535,2400
2005-02-16,4.007500,4.030000,4.007500,4.030000,3.336466,4000
2005-02-17,4.012500,4.037500,4.000000,4.000000,3.311629,16000
2005-02-18,3.997500,4.000000,3.977500,3.977500,3.293000,20800
2005-02-22,3.977500,4.012500,3.977500,3.987500,3.301280,3600
2005-02-23,4.025000,4.100000,3.975000,4.045000,3.348884,38800
2005-02-24,4.020000,4.025000,3.962500,3.962500,3.280582,80000
2005-02-25,3.970000,4.070000,3.970000,4.065000,3.365442,27200
2005-02-28,4.037500,4.110000,4.037500,4.050000,3.353024,61600
2005-03-01,4.052500,4.087500,4.017500,4.017500,3.326117,52800
2005-03-02,4.015000,4.015000,3.975000,3.975000,3.290931,6000
2005-03-03,3.987500,3.987500,3.977500,3.987500,3.301280,4800
2005-03-04,3.987500,3.987500,3.987500,3.987500,3.301280,0
2005-03-07,3.837500,3.900000,3.837500,3.872500,3.206070,74400
2005-03-08,3.897500,3.897500,3.877500,3.895000,3.224698,1600
2005-03-09,3.912500,3.912500,3.837500,3.855000,3.191581,9200
2005-03-10,3.855000,3.922500,3.855000,3.922500,3.247465,12800
2005-03-11,3.902500,3.925000,3.900000,3.925000,3.249536,10000
2005-03-14,3.912500,3.950000,3.880000,3.900000,3.228837,18000
2005-03-15,3.887500,3.905000,3.875000,3.900000,3.228837,14400
2005-03-16,3.912500,3.912500,3.887500,3.897500,3.226768,8800
2005-03-17,3.925000,4.075000,3.925000,4.055000,3.357164,40000
2005-03-18,4.075000,4.100000,4.075000,4.100000,3.394419,6400
2005-03-21,4.112500,4.122500,4.062500,4.080000,3.377861,9600
2005-03-22,4.055000,4.060000,4.047500,4.060000,3.361303,2800
2005-03-23,4.075000,4.117500,4.000000,4.075000,3.373722,367600
2005-03-24,4.100000,4.185000,4.037500,4.172500,3.454443,77600
2005-03-28,4.187500,4.225000,4.150000,4.190000,3.468930,18400
2005-03-29,4.202500,4.212500,4.200000,4.200000,3.477210,12800
2005-03-30,4.225000,4.237500,4.212500,4.225000,3.497907,42400
2005-03-31,4.237500,4.625000,4.237500,4.537500,3.756629,65600
2005-04-01,4.562500,4.562500,4.400000,4.420000,3.659348,62000
2005-04-04,4.437500,4.437500,4.412500,4.412500,3.653141,54400
2005-04-05,4.417500,4.417500,4.362500,4.375000,3.622093,34800
2005-04-06,4.325000,4.347500,4.325000,4.347500,3.599326,12000
2005-04-07,4.350000,4.350000,4.312500,4.317500,3.574489,7200
2005-04-08,4.317500,4.317500,4.115000,4.130000,3.419256,50400
2005-04-11,4.150000,4.200000,4.125000,4.135000,3.423396,59200
2005-04-12,4.125000,4.125000,4.087500,4.087500,3.384071,6800
2005-04-13,4.062500,4.062500,4.000000,4.000000,3.311629,47200
2005-04-14,4.005000,4.005000,3.975000,3.975000,3.290931,4000
2005-04-15,3.952500,3.952500,3.862500,3.862500,3.197791,32000
2005-04-18,3.862500,3.877500,3.760000,3.775000,3.125350,50800
2005-04-19,3.775000,3.777500,3.775000,3.775000,3.125350,5200
2005-04-20,3.760000,3.772500,3.732500,3.732500,3.090163,44000
2005-04-21,3.750000,3.787500,3.750000,3.787500,3.135699,4800
2005-04-22,3.785000,3.825000,3.775000,3.817500,3.160536,34000
2005-04-25,3.837500,3.850000,3.815000,3.850000,3.187443,30800
2005-04-26,3.825000,3.887500,3.825000,3.845000,3.183302,39600
2005-04-27,3.837500,3.852500,3.837500,3.845000,3.183302,4400
2005-04-28,3.862500,3.862500,3.850000,3.852500,3.189512,11600
2005-04-29,3.862500,3.875000,3.862500,3.875000,3.208141,2400
2005-05-02,3.857500,3.865000,3.837500,3.857500,3.193652,31200
2005-05-03,3.850000,3.875000,3.850000,3.870000,3.204000,31200
2005-05-04,3.862500,3.862500,3.850000,3.850000,3.187443,1600
2005-05-05,3.827500,3.837500,3.792500,3.792500,3.139838,30400
2005-05-06,3.777500,3.777500,3.760000,3.760000,3.112931,6800
2005-05-09,3.760000,3.762500,3.757500,3.762500,3.115001,6400
2005-05-10,3.762500,3.770000,3.750000,3.750000,3.104651,16000
2005-05-11,3.775000,3.775000,3.737500,3.752500,3.106722,42400
2005-05-12,3.750000,3.775000,3.750000,3.750000,3.104651,41200
2005-05-13,3.762500,3.762500,3.750000,3.752500,3.106722,14400
2005-05-16,3.780000,3.837500,3.780000,3.837500,3.177093,21600
2005-05-17,3.812500,3.855000,3.812500,3.855000,3.191581,22000
2005-05-18,3.850000,3.875000,3.850000,3.875000,3.208141,2000
2005-05-19,3.862500,3.872500,3.850000,3.872500,3.206070,9600
2005-05-20,3.872500,3.915000,3.872500,3.915000,3.241256,4400
2005-05-23,3.925000,3.972500,3.925000,3.972500,3.288861,3200
2005-05-24,3.977500,4.112500,3.977500,4.012500,3.321977,22800
2005-05-25,4.000000,4.025000,4.000000,4.025000,3.332326,4800
2005-05-26,4.050000,4.050000,4.050000,4.050000,3.353024,1600
2005-05-27,4.025000,4.025000,4.025000,4.025000,3.332326,1600
2005-05-31,4.000000,4.005000,4.000000,4.002500,3.313698,6800
2005-06-01,4.030000,4.042500,4.005000,4.040000,3.344745,8000
2005-06-02,4.012500,4.012500,4.012500,4.012500,3.321977,800
2005-06-03,4.012500,4.012500,4.012500,4.012500,3.321977,0
2005-06-06,3.987500,3.987500,3.977500,3.980000,3.295070,42800
2005-06-07,3.980000,3.997500,3.980000,3.997500,3.309559,6400
2005-06-08,3.977500,3.977500,3.977500,3.977500,3.293000,36000
2005-06-09,3.977500,3.977500,3.977500,3.977500,3.293000,0
2005-06-10,3.975000,3.975000,3.937500,3.937500,3.259884,6000
2005-06-13,3.952500,3.955000,3.950000,3.955000,3.274373,6400
2005-06-14,3.955000,3.955000,3.955000,3.955000,3.274373,0
2005-06-15,3.955000,3.955000,3.955000,3.955000,3.274373,0
2005-06-16,3.980000,3.980000,3.965000,3.965000,3.282652,2000
2005-06-17,3.962500,3.962500,3.962500,3.962500,3.280582,2400
2005-06-20,3.962500,3.962500,3.962500,3.962500,3.280582,4000
2005-06-21,3.987500,3.997500,3.975000,3.997500,3.309559,10400
2005-06-22,4.000000,4.000000,4.000000,4.000000,3.311629,4800
2005-06-23,4.000000,4.050000,4.000000,4.050000,3.353024,44800
2005-06-24,4.375000,4.562500,4.375000,4.425000,3.663489,554400
2005-06-27,4.470000,4.475000,4.087500,4.442500,3.677977,298400
2005-06-28,4.462500,4.475000,4.375000,4.422500,3.661419,99600
2005-06-29,4.397500,4.397500,4.250000,4.290000,3.551723,53600
2005-06-30,4.290000,4.362500,4.275000,4.325000,3.580699,57200
2005-07-01,4.325000,4.375000,4.302500,4.360000,3.609675,15600
2005-07-05,4.385000,4.385000,4.367500,4.377500,3.624162,4400
2005-07-06,4.377500,4.392500,4.352500,4.377500,3.624162,24800
2005-07-07,4.362500,4.427500,4.337500,4.427500,3.665559,9200
2005-07-08,4.435000,4.460000,4.435000,4.460000,3.692466,21600
2005-07-11,4.460000,4.462500,4.387500,4.435000,3.671768,14800
2005-07-12,4.462500,4.462500,4.377500,4.412500,3.653141,12400
2005-07-13,4.430000,4.450000,4.400000,4.450000,3.684187,14000
2005-07-14,4.425000,4.437500,4.412500,4.437500,3.673837,27600
2005-07-15,4.437500,4.462500,4.425000,4.457500,3.690397,7200
2005-07-18,4.462500,4.527500,4.425000,4.512500,3.735929,28800
2005-07-19,4.537500,4.612500,4.520000,4.535000,3.754558,26800
2005-07-20,4.547500,4.547500,4.450000,4.450000,3.684187,22000
2005-07-21,4.437500,4.495000,4.437500,4.455000,3.688326,15200
2005-07-22,4.455000,4.525000,4.437500,4.502500,3.727653,20800
2005-07-25,4.465000,4.537500,4.465000,4.490000,3.717302,19200
2005-07-26,4.537500,4.537500,4.522500,4.522500,3.744210,2000
2005-07-27,4.487500,4.497500,4.450000,4.497500,3.723512,3200
2005-07-28,4.465000,4.522500,4.465000,4.500000,3.725583,20400
2005-07-29,4.550000,4.552500,4.465000,4.500000,3.725583,118800
2005-08-01,4.537500,4.687500,4.537500,4.552500,3.769046,97600
2005-08-02,4.587500,4.887500,4.587500,4.692500,3.884955,170800
2005-08-03,4.742500,4.750000,4.700000,4.745000,3.928419,57200
2005-08-04,4.747500,4.800000,4.737500,4.800000,3.973954,195600
2005-08-05,4.825000,4.862500,4.812500,4.832500,4.000862,48800
2005-08-08,4.862500,4.900000,4.800000,4.802500,3.976024,51600
2005-08-09,4.760000,4.775000,4.655000,4.750000,3.932560,54800
2005-08-10,4.762500,4.915000,4.762500,4.862500,4.025698,47600
2005-08-11,4.837500,4.985000,4.837500,4.937500,4.087791,58400
2005-08-12,4.925000,4.925000,4.887500,4.912500,4.067091,20000
2005-08-15,4.887500,4.987500,4.887500,4.962500,4.108489,20800
2005-08-16,4.975000,4.975000,4.900000,4.975000,4.118837,26000
2005-08-17,4.975000,5.187500,4.975000,5.092500,4.216116,128400
2005-08-18,5.112500,5.220000,5.075000,5.187500,4.294770,88400
2005-08-19,5.212500,5.212500,5.087500,5.135000,4.251303,207200
2005-08-22,5.125000,5.212500,5.087500,5.160000,4.271999,71600
2005-08-23,5.162500,5.162500,5.100000,5.145000,4.259582,49200
2005-08-24,5.150000,5.162500,5.025000,5.060000,4.189211,64800
2005-08-25,5.050000,5.050000,4.875000,4.947500,4.096070,131200
2005-08-26,4.962500,4.982500,4.805000,4.897500,4.054676,45600
2005-08-29,4.875000,4.930000,4.875000,4.930000,4.081582,26400
2005-08-30,4.937500,4.955000,4.882500,4.922500,4.075374,36400
2005-08-31,4.937500,5.112500,4.937500,5.112500,4.232674,63200
2005-09-01,5.092500,5.162500,5.075000,5.080000,4.205768,40800
2005-09-02,5.105000,5.122500,5.075000,5.115000,4.234746,24000
2005-09-06,5.120000,5.555000,5.100000,5.487500,4.543141,166000
2005-09-07,5.587500,5.587500,5.290000,5.300000,4.387908,52400
2005-09-08,5.297500,5.437500,5.297500,5.395000,4.466559,35600
2005-09-09,5.375000,5.437500,5.325000,5.350000,4.429305,20000
2005-09-12,5.250000,5.287500,5.175000,5.212500,4.315466,46800
2005-09-13,5.237500,5.287500,5.230000,5.285000,4.375489,34000
2005-09-14,5.285000,5.287500,5.250000,5.285000,4.375489,118000
2005-09-15,5.275000,5.325000,5.262500,5.312500,4.398256,26800
2005-09-16,5.372500,5.372500,5.287500,5.302500,4.389977,12000
2005-09-19,5.317500,5.360000,5.300000,5.332500,4.414814,18000
2005-09-20,5.337500,5.450000,5.287500,5.370000,4.445862,49600
2005-09-21,5.400000,5.442500,5.375000,5.420000,4.487257,6400
2005-09-22,5.395000,5.422500,5.362500,5.400000,4.470698,16400
2005-09-23,5.400000,5.400000,5.287500,5.300000,4.387908,21600
2005-09-26,5.275000,5.275000,5.187500,5.187500,4.294770,9600
2005-09-27,5.210000,5.262500,5.190000,5.262500,4.356859,9200
2005-09-28,5.287500,5.307500,5.057500,5.085000,4.209907,67200
2005-09-29,5.075000,5.112500,5.025000,5.100000,4.222326,12400
2005-09-30,5.075000,5.160000,5.075000,5.137500,4.253373,11200
2005-10-03,5.112500,5.140000,5.087500,5.125000,4.243024,28000
2005-10-04,5.075000,5.325000,5.075000,5.250000,4.346512,84800
2005-10-05,5.237500,5.237500,5.175000,5.225000,4.325815,27600
2005-10-06,5.212500,5.212500,5.120000,5.200000,4.305117,36000
2005-10-07,5.200000,5.225000,5.150000,5.175000,4.284420,59600
2005-10-10,5.150000,5.150000,5.037500,5.037500,4.170582,18400
2005-10-11,5.037500,5.085000,5.037500,5.050000,4.180931,7600
2005-10-12,5.050000,5.050000,4.900000,4.900000,4.056745,14800
2005-10-13,4.862500,4.862500,4.675000,4.747500,3.930490,38000
2005-10-14,4.745000,4.872500,4.745000,4.872500,4.033978,11600
2005-10-17,4.512500,4.752500,4.512500,4.675000,3.870464,126800
2005-10-18,4.650000,4.790000,4.650000,4.790000,3.965675,51200
2005-10-19,4.815000,4.847500,4.802500,4.835000,4.002930,9600
2005-10-20,4.835000,4.845000,4.787500,4.840000,4.007070,9600
2005-10-21,4.822500,4.825000,4.715000,4.715000,3.903583,20000
2005-10-24,4.700000,4.732500,4.700000,4.732500,3.918071,4800
2005-10-25,4.725000,4.725000,4.610000,4.625000,3.829071,11600
2005-10-26,4.587500,4.650000,4.210000,4.260000,3.526885,254000
2005-10-27,4.237500,4.282500,4.175000,4.282500,3.545512,26800
2005-10-28,4.275000,4.385000,4.175000,4.375000,3.622093,100800
2005-10-31,4.412500,4.422500,4.375000,4.402500,3.644861,46000
2005-11-01,4.430000,4.432500,4.337500,4.340000,3.593116,81200
2005-11-02,4.340000,4.355000,4.062500,4.185000,3.464791,143600
2005-11-03,4.205000,4.205000,4.125000,4.125000,3.415118,224400
2005-11-04,4.125000,4.127500,4.095000,4.125000,3.415118,184000
2005-11-07,4.125000,4.245000,4.125000,4.172500,3.454443,135600
2005-11-08,4.150000,4.237500,4.137500,4.180000,3.460652,123200
2005-11-09,4.177500,4.177500,4.017500,4.090000,3.386141,125600
2005-11-10,4.075000,4.085000,4.010000,4.050000,3.353024,95200
2005-11-11,4.087500,4.187500,4.077500,4.162500,3.446163,53600
2005-11-14,4.162500,4.185000,4.120000,4.185000,3.464791,9200
2005-11-15,4.212500,4.265000,4.200000,4.265000,3.531024,96800
2005-11-16,4.312500,4.365000,4.312500,4.355000,3.605536,10400
2005-11-17,4.400000,4.555000,4.400000,4.502500,3.727653,103600
2005-11-18,4.450000,4.482500,4.427500,4.455000,3.688326,34400
2005-11-21,4.450000,4.487500,4.420000,4.435000,3.671768,32400
2005-11-22,4.497500,4.530000,4.450000,4.530000,3.750420,56000
2005-11-23,4.500000,4.500000,4.465000,4.467500,3.698676,12800
2005-11-25,4.492500,4.492500,4.455000,4.475000,3.704884,5600
2005-11-28,4.500000,4.622500,4.485000,4.617500,3.822861,51200
2005-11-29,4.625000,4.825000,4.612500,4.795000,3.969814,50800
2005-11-30,4.812500,4.840000,4.795000,4.840000,4.007070,19600
2005-12-01,4.840000,4.840000,4.675000,4.675000,3.870464,37600
2005-12-02,4.675000,4.762500,4.675000,4.725000,3.911860,8000
2005-12-05,4.750000,4.750000,4.750000,4.750000,3.932560,400
2005-12-06,4.737500,4.762500,4.700000,4.740000,3.924281,21600
2005-12-07,4.737500,4.750000,4.700000,4.742500,3.926351,19200
2005-12-08,4.742500,4.742500,4.742500,4.742500,3.926351,0
2005-12-09,4.735000,4.735000,4.720000,4.720000,3.907720,6800
2005-12-12,4.712500,4.735000,4.707500,4.715000,3.903583,11200
2005-12-13,4.712500,4.720000,4.685000,4.700000,3.891164,22400
2005-12-14,4.695000,4.750000,4.695000,4.740000,3.924281,21200
2005-12-15,4.750000,4.750000,4.695000,4.707500,3.897372,14400
2005-12-16,4.710000,4.717500,4.710000,4.712500,3.901513,4000
2005-12-19,4.712500,4.712500,4.662500,4.670000,3.866327,23200
2005-12-20,4.650000,4.655000,4.575000,4.582500,3.793885,14000
2005-12-21,4.565000,4.565000,4.552500,4.555000,3.771117,4800
2005-12-22,4.550000,4.550000,4.537500,4.537500,3.756629,2000
2005-12-23,4.537500,4.540000,4.500000,4.540000,3.758698,18400
2005-12-27,4.525000,4.525000,4.500000,4.502500,3.727653,9200
2005-12-28,4.500000,4.575000,4.482500,4.555000,3.771117,43600
2005-12-29,4.537500,4.540000,4.400000,4.457500,3.690397,27600
2005-12-30,4.462500,4.510000,4.462500,4.510000,3.733860,21200
2006-01-03,4.487500,4.550000,4.470000,4.550000,3.766977,32000
2006-01-04,4.537500,4.700000,4.525000,4.700000,3.891164,49600
2006-01-05,4.712500,4.897500,4.712500,4.880000,4.040188,98400
2006-01-06,5.250000,5.377500,5.100000,5.220000,4.321675,536800
2006-01-09,5.275000,5.422500,5.225000,5.367500,4.443791,342400
2006-01-10,5.375000,5.510000,5.350000,5.450000,4.512094,107200
2006-01-11,5.450000,5.450000,5.375000,5.402500,4.472769,179200
2006-01-12,5.425000,5.550000,5.425000,5.512500,4.563839,89600
2006-01-13,5.550000,5.755000,5.550000,5.725000,4.739769,136000
2006-01-17,5.745000,6.062500,5.745000,5.937500,4.915699,148000
2006-01-18,5.962500,5.995000,5.862500,5.900000,4.884652,116800
2006-01-19,5.937500,5.947500,5.882500,5.942500,4.919838,50400
2006-01-20,5.975000,5.975000,5.800000,5.857500,4.849466,226800
2006-01-23,5.875000,5.875000,5.787500,5.800000,4.801862,168800
2006-01-24,5.800000,5.825000,5.660000,5.672500,4.696302,54400
2006-01-25,5.610000,5.627500,5.575000,5.625000,4.656979,125200
2006-01-26,5.622500,5.727500,5.615000,5.690000,4.710791,127200
2006-01-27,5.675000,5.975000,5.675000,5.952500,4.928116,55600
2006-01-30,5.952500,6.127500,5.952500,6.075000,5.029538,128400
2006-01-31,6.090000,6.165000,6.070000,6.155000,5.095770,48000
2006-02-01,6.112500,6.175000,6.077500,6.147500,5.089560,134000
2006-02-02,6.172500,6.172500,6.050000,6.062500,5.019186,42400
2006-02-03,6.075000,6.100000,5.992500,6.007500,4.973653,64400
2006-02-06,6.062500,6.210000,6.045000,6.157500,5.097838,74800
2006-02-07,6.150000,6.167500,6.062500,6.087500,5.039886,54400
2006-02-08,6.125000,6.125000,6.050000,6.065000,5.021255,10800
2006-02-09,6.062500,6.065000,6.012500,6.062500,5.019186,13200
2006-02-10,6.062500,6.062500,5.995000,5.995000,4.963303,13200
2006-02-13,5.962500,5.962500,5.905000,5.930000,4.909489,26400
2006-02-14,5.900000,5.925000,5.812500,5.880000,4.868094,23600
2006-02-15,5.880000,5.880000,5.880000,5.880000,4.868094,1200
2006-02-16,5.857500,5.857500,5.737500,5.765000,4.772884,239200
2006-02-17,5.762500,5.762500,5.700000,5.735000,4.748047,8800
2006-02-21,5.727500,5.787500,5.725000,5.735000,4.748047,18400
2006-02-22,5.725000,5.725000,5.630000,5.665000,4.690095,20400
2006-02-23,5.612500,5.650000,5.612500,5.650000,4.677676,12800
2006-02-24,5.577500,5.650000,5.567500,5.575000,4.615580,52800
2006-02-27,5.562500,5.575000,5.500000,5.545000,4.590745,40800
2006-02-28,5.557500,5.735000,5.557500,5.697500,4.717000,61200
2006-03-01,5.697500,5.697500,5.462500,5.500000,4.553489,73200
2006-03-02,5.525000,5.587500,5.350000,5.402500,4.472769,69600
2006-03-03,5.372500,5.372500,5.340000,5.362500,4.439651,10800
2006-03-06,5.375000,5.480000,5.335000,5.475000,4.532792,32800
2006-03-07,5.512500,5.675000,5.512500,5.650000,4.677676,40400
2006-03-08,5.662500,5.777500,5.447500,5.502500,4.555559,103600
2006-03-09,5.500000,5.500000,5.270000,5.342500,4.423094,82400
2006-03-10,5.362500,5.445000,5.357500,5.445000,4.507954,23200
2006-03-13,5.452500,5.525000,5.452500,5.520000,4.570048,23200
2006-03-14,5.487500,5.495000,5.475000,5.480000,4.536932,6800
2006-03-15,5.487500,5.492500,5.457500,5.475000,4.532792,10000
2006-03-16,5.487500,5.500000,5.420000,5.420000,4.487257,34400
2006-03-17,5.420000,5.487500,5.400000,5.487500,4.543141,12000
2006-03-20,5.475000,5.475000,5.435000,5.460000,4.520371,36800
2006-03-21,5.485000,5.485000,5.427500,5.437500,4.501745,52000
2006-03-22,5.440000,5.475000,5.440000,5.465000,4.524513,30400
2006-03-23,5.425000,5.612500,5.425000,5.582500,4.621789,158800
2006-03-24,5.605000,5.635000,5.575000,5.627500,4.659048,14000
2006-03-27,5.637500,5.792500,5.637500,5.792500,4.795653,33200
2006-03-28,5.810000,5.820000,5.687500,5.747500,4.758395,54800
2006-03-29,5.775000,5.812500,5.772500,5.800000,4.801862,82000
2006-03-30,5.800000,6.162500,5.800000,6.090000,5.041955,102400
2006-03-31,6.090000,6.180000,6.070000,6.150000,5.091628,81600
2006-04-03,6.135000,6.205000,6.135000,6.150000,5.091628,110000
2006-04-04,6.125000,6.125000,5.937500,5.937500,4.915699,60800
2006-04-05,5.947500,6.100000,5.905000,6.085000,5.037814,65600
2006-04-06,6.100000,6.207500,6.050000,6.200000,5.133023,89200
2006-04-07,6.337500,6.500000,6.100000,6.100000,5.050233,326400
2006-04-10,6.237500,6.287500,6.200000,6.200000,5.133023,243600
2006-04-11,6.220000,6.265000,6.162500,6.162500,5.101978,108800
2006-04-12,6.162500,6.175000,6.100000,6.135000,5.079210,76800
2006-04-13,6.135000,6.140000,6.087500,6.110000,5.058512,60400
2006-04-17,6.107500,6.120000,6.062500,6.097500,5.048164,66800
2006-04-18,6.035000,6.077500,5.827500,5.872500,4.861885,110800
2006-04-19,5.850000,5.850000,5.625000,5.750000,4.760466,81200
2006-04-20,5.725000,5.787500,5.725000,5.785000,4.789441,56400
2006-04-21,5.800000,6.052500,5.782500,6.052500,5.010908,322400
2006-04-24,6.062500,6.137500,6.030000,6.062500,5.019186,247200
2006-04-25,6.100000,6.105000,6.025000,6.060000,5.017115,34800
2006-04-26,6.060000,6.087500,6.037500,6.080000,5.033676,56400
2006-04-27,6.062500,6.100000,6.062500,6.095000,5.046094,9600
2006-04-28,6.065000,6.065000,5.987500,6.000000,4.967442,32000
2006-05-01,5.815000,5.825000,5.677500,5.795000,4.797723,214800
2006-05-02,5.792500,5.885000,5.762500,5.880000,4.868094,71600
2006-05-03,5.880000,5.900000,5.845000,5.892500,4.878442,41200
2006-05-04,5.895000,6.037500,5.895000,6.027500,4.990211,46400
2006-05-05,6.037500,6.112500,6.035000,6.080000,5.033676,34400
2006-05-08,6.082500,6.102500,6.040000,6.040000,5.000559,40400
2006-05-09,6.025000,6.062500,5.977500,6.062500,5.019186,57600
2006-05-10,6.075000,6.075000,6.005000,6.005000,4.971583,6000
2006-05-11,6.000000,6.000000,5.950000,5.950000,4.926048,48000
2006-05-12,5.937500,5.937500,5.795000,5.815000,4.814279,30400
2006-05-15,5.820000,5.820000,5.682500,5.710000,4.727349,22000
2006-05-16,5.675000,5.675000,5.622500,5.642500,4.671464,12800
2006-05-17,5.635000,5.642500,5.627500,5.627500,4.659048,2000
2006-05-18,5.625000,5.832500,5.610000,5.750000,4.760466,45600
2006-05-19,5.725000,5.725000,5.672500,5.672500,4.696302,10800
2006-05-22,5.687500,5.712500,5.630000,5.642500,4.671464,9200
2006-05-23,5.625000,5.647500,5.625000,5.625000,4.656979,4800
2006-05-24,5.607500,5.607500,5.550000,5.550000,4.594885,10000
2006-05-25,5.525000,5.525000,5.462500,5.492500,4.547279,23600
2006-05-26,5.487500,5.487500,5.452500,5.477500,4.534863,4400
2006-05-30,5.487500,5.675000,5.487500,5.612500,4.646628,57600
2006-05-31,5.587500,5.675000,5.587500,5.662500,4.688024,23600
2006-06-01,5.675000,5.815000,5.665000,5.755000,4.764605,58000
2006-06-02,5.725000,5.765000,5.710000,5.750000,4.760466,67200
2006-06-05,5.750000,5.772500,5.700000,5.725000,4.739769,53200
2006-06-06,5.727500,5.760000,5.725000,5.760000,4.768745,10000
2006-06-07,5.750000,5.760000,5.702500,5.725000,4.739769,61200
2006-06-08,5.715000,5.745000,5.707500,5.725000,4.739769,33200
2006-06-09,5.725000,5.725000,5.647500,5.650000,4.677676,50000
2006-06-12,5.662500,5.662500,5.525000,5.525000,4.574186,82400
2006-06-13,5.487500,5.487500,5.332500,5.342500,4.423094,178000
2006-06-14,5.337500,5.510000,5.335000,5.400000,4.470698,174000
2006-06-15,5.400000,5.465000,5.375000,5.417500,4.485188,72400
2006-06-16,5.417500,5.770000,5.412500,5.680000,4.702513,116800
2006-06-19,5.675000,5.775000,5.667500,5.737500,4.750118,30400
2006-06-20,5.750000,5.750000,5.712500,5.712500,4.729419,40000
2006-06-21,5.725000,5.987500,5.725000,5.970000,4.942607,90400
2006-06-22,5.950000,5.950000,5.935000,5.950000,4.926048,36800
2006-06-23,5.962500,6.235000,5.962500,6.012500,4.977792,154000
2006-06-26,6.010000,6.010000,5.897500,5.965000,4.938468,118000
2006-06-27,5.937500,5.937500,5.777500,5.825000,4.822560,48400
2006-06-28,5.812500,5.832500,5.625000,5.750000,4.760466,38400
2006-06-29,5.775000,6.125000,5.775000,6.125000,5.070932,92400
2006-06-30,6.687500,6.875000,6.450000,6.552500,5.424861,438400
2006-07-03,6.600000,6.780000,6.577500,6.632500,5.491092,240000
2006-07-05,6.662500,6.847500,6.502500,6.587500,5.453836,239600
2006-07-06,6.600000,6.700000,6.520000,6.595000,5.460047,158000
2006-07-07,6.570000,6.697500,6.450000,6.542500,5.416583,316800
2006-07-10,6.567500,6.905000,6.550000,6.905000,5.716700,198000
2006-07-11,6.917500,7.337500,6.917500,7.305000,6.047860,261200
2006-07-12,7.337500,7.412500,7.212500,7.332500,6.070630,172400
2006-07-13,7.357500,7.357500,7.165000,7.227500,5.983698,148400
2006-07-14,7.202500,7.212500,6.762500,6.902500,5.714629,245600
2006-07-17,6.940000,7.290000,6.940000,7.095000,5.874001,212000
2006-07-18,7.000000,7.297500,6.975000,7.250000,6.002326,156000
2006-07-19,7.275000,7.342500,7.247500,7.312500,6.054070,161200
2006-07-20,7.290000,7.362500,7.177500,7.220000,5.977489,156000
2006-07-21,7.212500,7.245000,7.047500,7.160000,5.927815,108800
2006-07-24,7.127500,7.375000,7.125000,7.300000,6.043722,207200
2006-07-25,7.302500,7.650000,7.302500,7.500000,6.209302,338000
2006-07-26,7.450000,7.800000,7.400000,7.747500,6.414211,286400
2006-07-27,7.750000,7.822500,7.525000,7.645000,6.329351,288000
2006-07-28,7.670000,7.890000,7.575000,7.622500,6.310723,251600
2006-07-31,7.685000,7.685000,7.325000,7.500000,6.209302,244800
2006-08-01,7.500000,7.537500,7.375000,7.482500,6.194815,144800
2006-08-02,7.535000,7.750000,7.535000,7.722500,6.393513,187600
2006-08-03,7.750000,7.750000,7.587500,7.632500,6.319000,55200
2006-08-04,7.637500,7.850000,7.637500,7.750000,6.416282,112400
2006-08-07,7.712500,7.740000,7.500000,7.625000,6.312792,153600
2006-08-08,7.650000,7.975000,7.650000,7.810000,6.465955,123600
2006-08-09,7.875000,7.990000,7.840000,7.882500,6.525979,80400
2006-08-10,7.837500,7.905000,7.550000,7.625000,6.312792,147600
2006-08-11,7.612500,7.827500,7.550000,7.670000,6.350048,202800
2006-08-14,7.695000,7.975000,7.670000,7.825000,6.478374,140400
2006-08-15,7.850000,8.170000,7.850000,7.987500,6.612909,129200
2006-08-16,7.987500,8.080000,7.912500,7.980000,6.606699,120400
2006-08-17,7.982500,7.982500,7.530000,7.795000,6.453537,308400
2006-08-18,7.857500,7.937500,7.652500,7.917500,6.554955,172000
2006-08-21,7.947500,7.955000,7.687500,7.837500,6.488722,125600
2006-08-22,7.825000,7.935000,7.825000,7.885000,6.528048,72400
2006-08-23,7.910000,7.987500,7.535000,7.680000,6.358326,117200
2006-08-24,7.650000,7.650000,7.127500,7.305000,6.047860,262800
2006-08-25,7.250000,7.665000,7.127500,7.522500,6.227932,172400
2006-08-28,7.475000,7.840000,7.450000,7.810000,6.465955,72000
2006-08-29,7.772500,7.987500,7.710000,7.905000,6.544605,102000
2006-08-30,7.867500,8.122500,7.867500,8.100000,6.706048,64400
2006-08-31,8.100000,8.125000,7.445000,7.687500,6.364537,319600
2006-09-01,7.650000,7.650000,7.505000,7.550000,6.250699,38000
2006-09-05,7.537500,8.287500,7.502500,8.100000,6.706048,239200
2006-09-06,8.162500,8.225000,7.962500,8.015000,6.635674,99200
2006-09-07,8.000000,8.000000,7.717500,7.910000,6.548745,68000
2006-09-08,7.892500,7.970000,7.647500,7.807500,6.463885,36000
2006-09-11,7.625000,7.662500,7.277500,7.480000,6.192746,142800
2006-09-12,7.462500,7.587500,7.450000,7.575000,6.271397,42000
2006-09-13,7.585000,7.787500,7.585000,7.787500,6.447326,31600
2006-09-14,7.787500,7.977500,7.785000,7.937500,6.571513,24000
2006-09-15,7.930000,8.205000,7.925000,7.950000,6.581861,94000
2006-09-18,7.912500,8.082500,7.795000,7.947500,6.579791,53600
2006-09-19,7.922500,8.250000,7.922500,8.125000,6.726747,41200
2006-09-20,8.187500,8.227500,8.125000,8.162500,6.757792,31200
2006-09-21,8.125000,8.125000,7.930000,8.000000,6.623258,28000
2006-09-22,8.000000,8.000000,7.837500,7.855000,6.503211,34800
2006-09-25,7.880000,7.880000,7.687500,7.687500,6.364537,14000
2006-09-26,7.650000,7.712500,7.430000,7.535000,6.238280,95200
2006-09-27,7.572500,7.572500,7.472500,7.485000,6.196884,28000
2006-09-28,7.537500,8.025000,7.537500,7.987500,6.612909,145600
2006-09-29,8.875000,9.595000,8.875000,9.125000,7.554651,1168000
2006-10-02,9.175000,9.462500,9.065000,9.175000,7.596048,569600
2006-10-03,9.125000,9.392500,9.000000,9.230000,7.641584,340400
2006-10-04,9.262500,9.280000,9.062500,9.162500,7.585698,103600
2006-10-05,9.127500,9.237500,8.950000,9.162500,7.585698,162400
2006-10-06,9.125000,9.317500,9.125000,9.210000,7.625023,70800
2006-10-09,9.210000,9.827500,9.210000,9.687500,8.020351,363600
2006-10-10,9.625000,9.750000,9.490000,9.512500,7.875465,234400
2006-10-11,9.462500,9.490000,9.295000,9.365000,7.753348,163200
2006-10-12,9.367500,9.387500,9.315000,9.372500,7.759557,112800
2006-10-13,9.372500,9.387500,9.100000,9.250000,7.658142,262000
2006-10-16,9.300000,9.375000,9.245000,9.287500,7.689189,199200
2006-10-17,9.337500,9.725000,9.300000,9.710000,8.038979,818000
2006-10-18,9.775000,9.962500,9.650000,9.690000,8.022420,217200
2006-10-19,9.740000,9.812500,9.542500,9.690000,8.022420,74400
2006-10-20,9.692500,9.697500,9.472500,9.542500,7.900301,87200
2006-10-23,9.567500,9.735000,9.567500,9.650000,7.989302,184800
2006-10-24,9.617500,9.812500,9.617500,9.800000,8.113490,232000
2006-10-25,9.850000,9.975000,9.697500,9.760000,8.080376,210800
2006-10-26,9.787500,9.792500,9.640000,9.717500,8.045186,50000
2006-10-27,9.710000,9.750000,9.462500,9.492500,7.858907,91200
2006-10-30,9.575000,9.742500,9.450000,9.595000,7.943769,72800
2006-10-31,9.612500,9.642500,9.450000,9.452500,7.825793,375600
2006-11-01,9.497500,9.662500,8.815000,8.862500,7.337327,330400
2006-11-02,8.862500,9.105000,8.650000,8.877500,7.349742,218400
2006-11-03,8.827500,9.185000,8.827500,9.122500,7.552584,206400
2006-11-06,9.185000,9.432500,9.092500,9.397500,7.780256,236400
2006-11-07,9.410000,9.462500,9.250000,9.262500,7.668488,113200
2006-11-08,9.225000,9.535000,9.175000,9.432500,7.809234,65200
2006-11-09,9.332500,9.412500,9.255000,9.350000,7.740929,110400
2006-11-10,9.350000,9.357500,9.262500,9.302500,7.701604,34000
2006-11-13,9.312500,9.412500,9.210000,9.250000,7.658142,152800
2006-11-14,9.200000,9.660000,9.200000,9.597500,7.945837,121600
2006-11-15,9.612500,9.927500,9.612500,9.867500,8.169374,162000
2006-11-16,9.892500,9.990000,9.855000,9.957500,8.243888,124400
2006-11-17,9.927500,10.225000,9.880000,10.050000,8.320470,258800
2006-11-20,10.187500,10.187500,10.002500,10.032500,8.305981,139600
2006-11-21,10.037500,10.122500,9.970000,10.085000,8.349441,72400
2006-11-22,10.050000,10.125000,9.950000,10.037500,8.310116,54800
2006-11-24,10.062500,10.070000,10.000000,10.010000,8.287350,11600
2006-11-27,10.060000,10.095000,9.987500,10.092500,8.355652,73600
2006-11-28,10.092500,10.500000,10.040000,10.400000,8.610233,353600
2006-11-29,10.450000,10.687500,10.305000,10.360000,8.577115,180400
2006-11-30,10.335000,10.695000,10.315000,10.655000,8.821351,283200
2006-12-01,10.665000,10.715000,10.445000,10.625000,8.796513,134800
2006-12-04,11.025000,11.462500,11.000000,11.225000,9.293257,554800
2006-12-05,11.325000,11.560000,11.207500,11.245000,9.309817,514000
2006-12-06,11.307500,11.725000,11.300000,11.622500,9.622354,180800
2006-12-07,11.685000,11.800000,11.650000,11.702500,9.688584,274400
2006-12-08,11.750000,11.812500,11.570000,11.652500,9.647187,239600
2006-12-11,11.750000,12.040000,11.715000,11.917500,9.866584,240000
2006-12-12,11.967500,12.180000,11.727500,11.867500,9.825190,229200
2006-12-13,11.902500,12.375000,11.862500,12.315000,10.195676,196800
2006-12-14,12.492500,13.107500,12.425000,12.617500,10.446119,319600
2006-12-15,12.600000,12.997500,12.427500,12.677500,10.495792,389200
2006-12-18,12.740000,13.155000,12.517500,12.625000,10.452326,312400
2006-12-19,12.475000,12.925000,12.175000,12.915000,10.692418,236000
2006-12-20,12.965000,13.250000,12.940000,12.955000,10.725537,266800
2006-12-21,12.955000,13.137500,12.730000,13.000000,10.762793,219600
2006-12-22,13.002500,13.107500,12.852500,12.855000,10.642746,167200
2006-12-26,12.880000,13.000000,12.627500,12.682500,10.499933,293600
2006-12-27,12.682500,12.750000,12.457500,12.715000,10.526837,189600
2006-12-28,12.575000,13.037500,12.575000,12.950000,10.721397,226800
2006-12-29,12.802500,12.947500,12.797500,12.800000,10.597213,94000
2007-01-03,12.897500,13.125000,12.855000,12.875000,10.659306,380800
2007-01-04,12.975000,12.975000,12.327500,12.720000,10.530977,462400
2007-01-05,13.250000,13.882500,12.302500,12.750000,10.555817,1532800
2007-01-08,13.000000,13.050000,12.577500,12.625000,10.452326,523200
2007-01-09,12.625000,12.862500,12.500000,12.532500,10.375745,388000
2007-01-10,12.540000,12.685000,12.287500,12.657500,10.479233,402400
2007-01-11,12.657500,12.785000,12.562500,12.785000,10.584791,346000
2007-01-12,12.785000,12.935000,12.695000,12.850000,10.638608,215200
2007-01-16,12.997500,13.060000,12.875000,13.015000,10.775209,343200
2007-01-17,13.015000,13.015000,12.625000,12.877500,10.661374,506800
2007-01-18,12.877500,13.012500,12.725000,12.805000,10.601351,392800
2007-01-19,11.637500,12.000000,10.750000,11.067500,9.162861,1924000
2007-01-22,11.085000,11.250000,10.570000,10.650000,8.817215,891600
2007-01-23,10.550000,10.797500,10.375000,10.650000,8.817215,437600
2007-01-24,10.652500,10.750000,10.525000,10.600000,8.775815,346000
2007-01-25,10.622500,10.687500,10.485000,10.560000,8.742701,238400
2007-01-26,10.525000,10.557500,10.390000,10.555000,8.738563,153200
2007-01-29,10.600000,10.600000,10.375000,10.465000,8.664050,245600
2007-01-30,10.490000,10.525000,10.267500,10.347500,8.566766,197600
2007-01-31,10.345000,10.357500,9.800000,10.007500,8.285279,408400
2007-02-01,9.875000,10.157500,9.812500,10.015000,8.291490,275200
2007-02-02,10.070000,10.410000,10.070000,10.212500,8.454999,458800
2007-02-05,10.212500,10.265000,10.087500,10.190000,8.436373,262800
2007-02-06,10.177500,10.402500,10.167500,10.375000,8.589540,169600
2007-02-07,10.410000,10.792500,10.410000,10.602500,8.777884,312000
2007-02-08,10.450000,10.502500,10.265000,10.392500,8.604025,168800
2007-02-09,10.330000,10.395000,10.137500,10.247500,8.483976,177600
2007-02-12,10.245000,10.245000,9.865000,10.127500,8.384627,226800
2007-02-13,10.132500,10.187500,9.942500,10.005000,8.283210,59200
2007-02-14,9.917500,10.195000,9.905000,10.192500,8.438444,100400
2007-02-15,10.130000,10.162500,10.050000,10.077500,8.343235,70800
2007-02-16,10.090000,10.122500,9.927500,10.090000,8.353583,122000
2007-02-20,10.075000,10.187500,9.977500,10.140000,8.394980,112400
2007-02-21,10.030000,10.420000,9.997500,10.230000,8.469491,77600
2007-02-22,10.230000,10.722500,10.195000,10.587500,8.765467,187200
2007-02-23,10.625000,10.672500,10.502500,10.590000,8.767533,88000
2007-02-26,10.580000,10.872500,10.580000,10.850000,8.982792,151200
2007-02-27,10.562500,10.845000,9.952500,10.022500,8.297703,224000
2007-02-28,10.425000,10.425000,10.050000,10.125000,8.382562,136000
2007-03-01,10.075000,10.175000,9.875000,10.082500,8.347372,106400
2007-03-02,10.020000,10.105000,9.942500,10.002500,8.281140,74400
2007-03-05,9.762500,9.815000,8.755000,9.472500,7.842349,280800
2007-03-06,9.497500,9.945000,9.497500,9.742500,8.065885,120400
2007-03-07,9.737500,9.945000,9.620000,9.762500,8.082444,60400
2007-03-08,9.875000,9.922500,9.597500,9.650000,7.989302,97200
2007-03-09,9.750000,9.850000,9.635000,9.637500,7.978956,71200
2007-03-12,9.472500,9.817500,9.162500,9.802500,8.115560,144800
2007-03-13,9.712500,9.895000,9.555000,9.560000,7.914793,47600
2007-03-14,9.737500,9.872500,9.270000,9.655000,7.993443,142400
2007-03-15,9.705000,10.050000,9.705000,9.867500,8.169374,80400
2007-03-16,9.890000,9.935000,9.625000,9.787500,8.103140,55200
2007-03-19,10.000000,10.220000,9.937500,10.057500,8.326676,134800
2007-03-20,10.057500,10.125000,9.985000,10.062500,8.330812,38400
2007-03-21,10.125000,10.190000,10.050000,10.140000,8.394980,56000
2007-03-22,10.190000,10.240000,9.962500,9.985000,8.266652,54400
2007-03-23,9.992500,10.012500,9.750000,9.905000,8.200418,68400
2007-03-26,9.850000,10.470000,9.850000,10.375000,8.589540,80000
2007-03-27,10.350000,10.497500,10.227500,10.277500,8.508818,58400
2007-03-28,10.290000,10.375000,10.177500,10.220000,8.461207,113600
2007-03-29,10.250000,10.537500,10.250000,10.312500,8.537790,54800
2007-03-30,10.280000,10.787500,10.175000,10.500000,8.693025,378400
2007-04-02,10.500000,11.220000,10.497500,11.215000,9.284979,278800
2007-04-03,11.315000,11.577500,11.212500,11.470000,9.496095,279600
2007-04-04,11.500000,12.090000,11.450000,12.037500,9.965934,358800
2007-04-05,12.022500,12.365000,11.700000,11.700000,9.686513,430000
2007-04-09,12.150000,12.250000,11.800000,11.987500,9.924536,568000
2007-04-10,12.550000,12.875000,12.177500,12.190000,10.092188,1232000
2007-04-11,12.500000,12.600000,12.300000,12.537500,10.379888,393200
2007-04-12,12.500000,13.000000,12.435000,12.845000,10.634471,529200
2007-04-13,12.875000,12.937500,12.625000,12.815000,10.609627,353600
2007-04-16,13.180000,13.500000,13.180000,13.350000,11.052561,361200
2007-04-17,13.500000,13.602500,13.285000,13.307500,11.017369,208000
2007-04-18,13.347500,13.445000,13.132500,13.250000,10.969767,392400
2007-04-19,13.250000,13.685000,13.182500,13.457500,11.141559,432000
2007-04-20,13.625000,13.707500,13.560000,13.650000,11.300931,147200
2007-04-23,13.650000,14.222500,13.650000,14.025000,11.611397,315200
2007-04-24,14.080000,14.235000,13.650000,13.695000,11.338187,298800
2007-04-25,13.675000,14.187500,13.675000,13.975000,11.570002,443600
2007-04-26,13.912500,14.207500,13.800000,14.095000,11.669354,213200
2007-04-27,14.095000,14.155000,13.892500,13.910000,11.516187,159600
2007-04-30,14.050000,14.525000,13.912500,14.275000,11.818374,310800
2007-05-01,14.387500,14.495000,13.255000,13.915000,11.520328,468800
2007-05-02,13.975000,14.495000,13.975000,14.290000,11.830793,292800
2007-05-03,14.500000,14.667500,14.407500,14.620000,12.104001,366800
2007-05-04,14.750000,14.800000,14.525000,14.562500,12.056398,259600
2007-05-07,14.800000,15.250000,14.685000,14.850000,12.294421,406200
2007-05-08,15.000000,15.000000,13.855000,14.075000,11.652793,819400
2007-05-09,13.980000,14.760000,13.980000,14.505000,12.008791,348200
2007-05-10,14.500000,14.500000,13.965000,14.245000,11.793537,186200
2007-05-11,14.185000,14.700000,13.655000,14.405000,11.926003,159200
2007-05-14,14.675000,14.850000,14.120000,14.150000,11.714887,262600
2007-05-15,14.160000,14.320000,13.290000,13.560000,11.226419,410000
2007-05-16,13.480000,13.750000,13.155000,13.350000,11.052561,350000
2007-05-17,13.350000,13.540000,13.150000,13.185000,10.915954,161800
2007-05-18,13.185000,13.395000,12.655000,12.815000,10.609627,419600
2007-05-21,12.925000,13.790000,12.800000,13.750000,11.383725,341400
2007-05-22,14.710000,14.995000,14.380000,14.985000,12.406186,621200
2007-05-23,15.170000,16.650000,15.165000,15.430000,12.774607,860800
2007-05-24,15.800000,16.145000,15.350000,15.610000,12.923630,479800
2007-05-25,15.850000,15.875000,15.650000,15.875000,13.143025,191800
2007-05-29,15.875000,16.235001,15.700000,15.750000,13.039536,276600
2007-05-30,15.950000,16.795000,15.825000,16.745001,13.863305,590000
2007-05-31,17.125000,17.309999,16.700001,16.975000,14.053720,396000
2007-06-01,17.200001,18.065001,17.200001,17.750000,14.695350,482000
2007-06-04,18.365000,18.680000,18.000000,18.125000,15.005815,454800
2007-06-05,18.250000,18.264999,17.620001,17.740000,14.687071,487000
2007-06-06,17.740000,18.059999,17.504999,17.870001,14.794704,295400
2007-06-07,17.870001,18.000000,15.020000,15.215000,12.596611,1469200
2007-06-08,15.025000,16.615000,14.515000,16.495001,13.656326,1084600
2007-06-11,16.495001,16.495001,15.425000,15.475000,12.811864,528400
2007-06-12,14.955000,14.995000,13.830000,13.900000,11.507907,1438800
2007-06-13,14.215000,14.475000,13.835000,14.245000,11.793537,619600
2007-06-14,13.895000,14.245000,13.735000,13.835000,11.454095,471000
2007-06-15,13.955000,14.800000,13.955000,14.735000,12.199212,557600
2007-06-18,15.050000,15.700000,14.800000,15.090000,12.493119,653600
2007-06-19,15.065000,15.595000,15.055000,15.270000,12.642144,465200
2007-06-20,15.490000,15.680000,14.865000,14.940000,12.368933,539800
2007-06-21,14.940000,15.380000,14.615000,14.800000,12.253026,414200
2007-06-22,14.650000,14.875000,14.500000,14.630000,12.112285,1413000
2007-06-25,14.995000,15.080000,14.270000,14.520000,12.021212,405400
2007-06-26,14.500000,14.965000,14.500000,14.590000,12.079169,352800
2007-06-27,14.500000,15.120000,14.270000,15.110000,12.509674,243800
2007-06-28,15.120000,15.615000,15.005000,15.410000,12.758047,428800
2007-06-29,15.750000,16.940001,15.505000,16.825001,13.929540,1502000
2007-07-02,17.250000,17.969999,16.940001,17.695000,14.649815,1018800
2007-07-03,17.594999,17.740000,17.250000,17.635000,14.600140,356600
2007-07-05,17.684999,18.190001,17.650000,18.030001,14.927168,525000
2007-07-06,18.125000,18.865000,17.930000,18.555000,15.361818,491400
2007-07-09,18.555000,19.049999,18.555000,18.905001,15.651587,494400
2007-07-10,18.799999,19.040001,18.190001,18.290001,15.142426,494400
2007-07-11,18.295000,19.725000,18.160000,19.695000,16.305632,933200
2007-07-12,19.950001,20.680000,19.930000,20.465000,16.943123,564000
2007-07-13,20.475000,20.725000,19.004999,19.055000,15.775772,970200
2007-07-16,18.580000,19.665001,18.240000,19.084999,15.800603,815600
2007-07-17,18.650000,19.375000,18.620001,18.750000,15.523254,452000
2007-07-18,18.650000,20.280001,18.525000,20.165001,16.694744,655200
2007-07-19,20.000000,20.790001,19.500000,20.110001,16.649220,467200
2007-07-20,20.065001,20.065001,19.160000,19.684999,16.297348,462000
2007-07-23,19.480000,20.065001,19.275000,19.440001,16.094509,393400
2007-07-24,18.995001,19.170000,18.000000,18.215000,15.080332,508400
2007-07-25,18.280001,18.655001,17.125000,17.850000,14.778145,627400
2007-07-26,17.405001,17.680000,16.629999,17.100000,14.157211,757400
2007-07-27,16.924999,17.549999,16.745001,17.299999,14.322796,603000
2007-07-30,16.870001,17.965000,16.850000,17.770000,14.711909,465800
2007-07-31,18.215000,18.219999,17.600000,17.750000,14.695350,405200
2007-08-01,17.600000,17.684999,16.639999,16.930000,14.016462,500200
2007-08-02,17.000000,17.180000,16.500000,16.825001,13.929540,427200
2007-08-03,16.750000,16.995001,15.555000,15.675000,12.977445,441200
2007-08-06,15.815000,16.165001,15.145000,15.740000,13.031258,470000
2007-08-07,15.400000,15.550000,14.800000,15.395000,12.745628,385600
2007-08-08,15.480000,15.575000,14.445000,15.125000,12.522096,598200
2007-08-09,14.745000,14.790000,13.570000,13.935000,11.536884,588000
2007-08-10,13.820000,14.775000,13.585000,13.765000,11.396141,595000
2007-08-13,13.775000,15.230000,13.700000,14.820000,12.269580,442800
2007-08-14,14.635000,14.915000,13.330000,13.560000,11.226419,451400
2007-08-15,13.560000,14.375000,13.045000,13.095000,10.841445,426400
2007-08-16,13.005000,14.250000,12.090000,14.100000,11.673491,504000
2007-08-17,14.615000,15.000000,13.170000,14.160000,11.723163,433400
2007-08-20,14.510000,14.580000,13.565000,14.150000,11.714887,331200
2007-08-21,14.195000,16.250000,14.050000,15.870000,13.138885,649600
2007-08-22,16.000000,17.299999,15.820000,16.684999,13.813630,668200
2007-08-23,16.709999,18.500000,15.420000,15.695000,12.994002,523000
2007-08-24,15.825000,15.910000,15.030000,15.595000,12.911214,414800
2007-08-27,15.525000,15.585000,14.650000,14.925000,12.356515,374200
2007-08-28,14.750000,14.750000,13.755000,13.885000,11.495489,487400
2007-08-29,14.230000,14.320000,13.890000,14.140000,11.706605,363400
2007-08-30,13.790000,14.665000,13.580000,14.380000,11.905304,378800
2007-08-31,14.775000,14.875000,13.950000,14.200000,11.756282,285600
2007-09-04,14.300000,14.610000,14.195000,14.320000,11.855631,265200
2007-09-05,14.125000,14.125000,13.715000,13.845000,11.462378,308600
2007-09-06,13.855000,14.270000,13.535000,13.865000,11.478931,260400
2007-09-07,13.400000,13.570000,13.150000,13.175000,10.907673,208000
2007-09-10,13.200000,13.550000,12.375000,12.555000,10.394376,451400
2007-09-11,12.805000,13.085000,12.515000,12.930000,10.704841,307200
2007-09-12,12.875000,13.395000,12.735000,13.295000,11.007025,301000
2007-09-13,13.495000,13.495000,13.075000,13.275000,10.990466,253400
2007-09-14,12.945000,13.045000,12.670000,13.000000,10.762793,259600
2007-09-17,12.950000,13.050000,12.750000,13.035000,10.791769,167800
2007-09-18,13.080000,13.745000,12.750000,13.675000,11.321632,288600
2007-09-19,14.000000,14.375000,13.820000,14.375000,11.901166,512200
2007-09-20,14.205000,14.530000,13.725000,13.810000,11.433399,551200
2007-09-21,14.000000,15.420000,13.955000,15.325000,12.687674,792400
2007-09-24,15.325000,15.440000,14.890000,15.200000,12.584188,553000
2007-09-25,15.285000,16.420000,15.285000,16.195000,13.407959,713800
2007-09-26,16.195000,16.485001,15.880000,15.930000,13.188561,328400
2007-09-27,16.045000,17.065001,16.000000,16.740000,13.859162,555200
2007-09-28,17.834999,18.945000,17.375000,17.480000,14.471814,1472800
2007-10-01,17.775000,18.125000,17.495001,17.920000,14.836099,405200
2007-10-02,17.924999,18.445000,17.520000,18.415001,15.245909,464600
2007-10-03,18.264999,18.705000,17.379999,17.415001,14.418005,527600
2007-10-04,17.450001,17.830000,17.450001,17.820000,14.753304,337600
2007-10-05,17.969999,18.594999,17.665001,17.754999,14.699484,363400
2007-10-08,17.650000,17.725000,16.445000,16.639999,13.776375,536400
2007-10-09,16.719999,17.570000,16.674999,17.570000,14.546327,479800
2007-10-10,17.424999,17.424999,17.004999,17.280001,14.306239,255000
2007-10-11,17.290001,17.750000,16.174999,16.355000,13.540418,338200
2007-10-12,16.520000,16.790001,16.184999,16.735001,13.855024,254800
2007-10-15,16.645000,16.865000,16.299999,16.655001,13.788791,209000
2007-10-16,16.504999,16.930000,16.275000,16.799999,13.908839,207600
2007-10-17,16.940001,17.020000,16.500000,16.975000,14.053720,230000
2007-10-18,17.090000,17.090000,16.184999,16.405001,13.581818,527000
2007-10-19,16.309999,16.330000,15.335000,15.375000,12.729074,304400
2007-10-22,15.000000,15.425000,14.710000,15.390000,12.741490,339200
2007-10-23,15.540000,16.125000,15.460000,15.955000,13.209256,246800
2007-10-24,15.775000,15.950000,14.930000,15.465000,12.803584,254000
2007-10-25,15.575000,15.735000,14.945000,15.030000,12.443444,210400
2007-10-26,15.220000,15.675000,15.130000,15.555000,12.878095,163600
2007-10-29,15.765000,16.709999,15.740000,16.535000,13.689447,287000
2007-10-30,16.495001,16.545000,15.950000,16.135000,13.358283,226800
2007-10-31,16.180000,17.100000,16.004999,17.049999,14.115815,381600
2007-11-01,16.805000,16.934999,15.705000,15.835000,13.109910,415400
2007-11-02,16.225000,16.495001,15.225000,15.840000,13.114050,274200
2007-11-05,15.915000,15.915000,15.120000,15.630000,12.940188,282200
2007-11-06,15.860000,15.860000,15.155000,15.445000,12.787025,208400
2007-11-07,15.250000,15.250000,14.495000,14.500000,12.004653,203200
2007-11-08,14.675000,15.250000,14.150000,15.215000,12.596611,501000
2007-11-09,14.765000,15.110000,14.265000,14.475000,11.983955,411600
2007-11-12,14.425000,14.620000,13.255000,13.510000,11.185026,648000
2007-11-13,13.355000,14.800000,13.355000,14.370000,11.897023,318400
2007-11-14,14.490000,15.175000,14.330000,14.405000,11.926003,358600
2007-11-15,14.310000,14.585000,13.715000,14.085000,11.661070,326600
2007-11-16,14.075000,14.115000,13.525000,14.000000,11.590701,381600
2007-11-19,13.620000,13.715000,13.295000,13.360000,11.060837,354000
2007-11-20,13.600000,13.855000,12.765000,13.320000,11.027719,336000
2007-11-21,13.100000,13.100000,12.655000,12.900000,10.679998,237200
2007-11-23,13.005000,13.410000,13.000000,13.410000,11.102234,210200
2007-11-26,13.455000,13.535000,12.555000,12.595000,10.427493,370600
2007-11-27,12.610000,13.255000,12.205000,13.180000,10.911815,371200
2007-11-28,13.300000,14.175000,13.080000,14.065000,11.644513,357600
2007-11-29,14.070000,14.375000,13.635000,13.745000,11.379584,194200
2007-11-30,14.245000,14.245000,13.365000,13.390000,11.085677,205000
2007-12-03,13.390000,13.685000,13.105000,13.540000,11.209861,209800
2007-12-04,13.440000,13.440000,12.925000,12.995000,10.758653,206800
2007-12-05,13.175000,13.540000,13.060000,13.450000,11.135349,258800
2007-12-06,13.375000,14.650000,13.230000,14.650000,12.128839,404800
2007-12-07,14.645000,14.865000,14.220000,14.535000,12.033628,257400
2007-12-10,14.535000,15.215000,14.435000,15.175000,12.563493,333000
2007-12-11,15.135000,15.580000,14.860000,15.035000,12.447586,448000
2007-12-12,15.485000,15.565000,14.765000,15.185000,12.571768,333000
2007-12-13,14.975000,15.040000,14.190000,14.685000,12.157814,217200
2007-12-14,14.400000,14.980000,14.000000,14.065000,11.644513,196400
2007-12-17,13.950000,14.005000,13.505000,13.505000,11.180891,287400
2007-12-18,13.800000,13.950000,13.250000,13.745000,11.379584,353000
2007-12-19,13.695000,13.975000,13.255000,13.735000,11.371303,264800
2007-12-20,13.900000,14.160000,13.275000,14.070000,11.648652,269600
2007-12-21,14.360000,14.700000,13.800000,14.600000,12.087444,477600
2007-12-24,14.490000,15.100000,14.490000,14.995000,12.414468,134600
2007-12-26,14.555000,15.220000,14.355000,15.000000,12.418605,238000
2007-12-27,15.045000,15.045000,14.515000,14.545000,12.041908,170200
2007-12-28,14.610000,15.000000,14.600000,14.740000,12.203349,209800
2007-12-31,14.725000,14.725000,14.060000,14.175000,11.735585,274200
2008-01-02,14.205000,14.350000,13.405000,13.690000,11.334050,383800
2008-01-03,13.805000,14.595000,13.710000,14.425000,11.942559,506000
2008-01-04,15.305000,16.285000,15.000000,16.264999,13.465907,2130200
2008-01-07,16.629999,17.100000,15.210000,16.830000,13.933677,1401800
2008-01-08,16.660000,17.360001,16.660000,16.780001,13.892284,858000
2008-01-09,16.650000,17.219999,16.424999,17.125000,14.177910,677000
2008-01-10,16.900000,17.475000,16.795000,17.344999,14.360050,464200
2008-01-11,17.174999,17.594999,16.455000,16.760000,13.875719,523600
2008-01-14,16.900000,17.555000,16.795000,17.170000,14.215162,427000
2008-01-15,17.025000,17.424999,16.840000,17.084999,14.144790,556400
2008-01-16,16.865000,17.084999,16.160000,16.424999,13.598373,490800
2008-01-17,16.430000,16.520000,15.605000,15.750000,13.039536,368600
2008-01-18,14.285000,15.970000,13.330000,15.825000,13.101627,1926600
2008-01-22,15.450000,16.195000,15.190000,15.750000,13.039536,586400
2008-01-23,15.345000,16.305000,15.040000,16.205000,13.416233,541600
2008-01-24,16.240000,17.594999,16.240000,17.025000,14.095118,550000
2008-01-25,17.424999,17.570000,16.495001,16.625000,13.763954,348000
2008-01-28,16.625000,17.115000,16.285000,16.865000,13.962654,170600
2008-01-29,17.000000,17.500000,16.545000,16.750000,13.867442,285600
2008-01-30,16.754999,17.049999,16.250000,16.540001,13.693584,273600
2008-01-31,16.260000,17.299999,16.000000,16.889999,13.983349,461200
2008-02-01,17.105000,17.795000,17.020000,17.370001,14.380745,454200
2008-02-04,17.540001,17.950001,17.250000,17.920000,14.836099,404000
2008-02-05,17.875000,17.875000,17.285000,17.459999,14.455255,469000
2008-02-06,17.355000,17.825001,16.750000,16.785000,13.896421,321000
2008-02-07,16.770000,16.955000,16.219999,16.645000,13.780514,224800
2008-02-08,16.670000,16.680000,15.870000,16.450001,13.619074,221600
2008-02-11,16.264999,17.120001,16.264999,16.695000,13.821910,229800
2008-02-12,16.750000,17.155001,16.415001,16.625000,13.763954,211200
2008-02-13,16.610001,17.110001,16.555000,17.045000,14.111676,199800
2008-02-14,17.290001,17.290001,16.705000,17.055000,14.119957,339200
2008-02-15,16.930000,17.000000,16.514999,16.700001,13.826047,272400
2008-02-19,17.000000,17.250000,16.500000,17.094999,14.153069,322200
2008-02-20,17.014999,17.105000,16.684999,17.014999,14.086835,375600
2008-02-21,17.075001,17.139999,16.555000,16.670000,13.801209,230200
2008-02-22,16.775000,16.905001,16.165001,16.840000,13.941958,222200
2008-02-25,17.004999,17.004999,16.000000,16.670000,13.801209,234200
2008-02-26,16.594999,17.025000,16.594999,16.980000,14.057861,360800
2008-02-27,16.775000,18.750000,16.775000,18.670000,15.457026,871200
2008-02-28,18.775000,18.875000,17.575001,18.445000,15.270743,523600
2008-02-29,18.200001,18.309999,17.575001,17.709999,14.662235,272600
2008-03-03,17.605000,18.090000,17.605000,17.990000,14.894049,336000
2008-03-04,18.000000,18.299999,17.555000,18.145000,15.022376,528400
2008-03-05,18.250000,18.469999,17.930000,18.465000,15.287300,284800
2008-03-06,18.465000,18.465000,17.680000,17.764999,14.707770,325000
2008-03-07,17.530001,17.785000,17.129999,17.410000,14.413860,238400
2008-03-10,17.504999,17.799999,16.575001,16.725000,13.846746,313600
2008-03-11,17.535000,17.955000,16.875000,17.725000,14.674655,501600
2008-03-12,17.684999,17.990000,17.580000,17.780001,14.720187,292600
2008-03-13,17.764999,18.325001,17.309999,18.299999,15.150704,442400
2008-03-14,18.325001,18.325001,17.535000,17.930000,14.844379,308400
2008-03-17,17.455000,18.330000,17.350000,17.934999,14.848512,283400
2008-03-18,18.469999,19.504999,18.165001,19.500000,16.144192,597800
2008-03-19,19.600000,19.600000,17.260000,17.344999,14.360050,730200
2008-03-20,17.410000,17.799999,16.889999,17.325001,14.343493,630400
2008-03-24,17.195000,18.430000,16.875000,17.915001,14.831955,482800
2008-03-25,17.895000,18.850000,17.820000,18.455000,15.279026,351600
2008-03-26,18.260000,18.485001,17.504999,18.225000,15.088609,346600
2008-03-27,18.360001,18.530001,17.605000,17.705000,14.658095,256400
2008-03-28,17.750000,18.750000,17.750000,18.340000,15.183814,337600
2008-03-31,18.375000,18.434999,17.250000,17.790001,14.728471,337400
2008-04-01,18.004999,18.965000,18.004999,18.924999,15.668137,436000
2008-04-02,19.170000,19.514999,18.750000,19.170000,15.870978,351000
2008-04-03,18.850000,19.475000,18.850000,19.250000,15.937204,361600
2008-04-04,18.750000,18.750000,14.855000,15.940000,13.196836,4027000
2008-04-07,15.865000,16.600000,15.610000,15.815000,13.093350,1318400
2008-04-08,15.935000,15.935000,15.230000,15.345000,12.704235,789600
2008-04-09,15.210000,15.665000,14.410000,14.620000,12.104001,741200
2008-04-10,14.645000,15.000000,14.285000,14.890000,12.327537,619000
2008-04-11,14.635000,14.690000,13.745000,14.125000,11.694188,732200
2008-04-14,14.140000,14.220000,13.180000,13.360000,11.060837,809800
2008-04-15,13.315000,13.875000,13.075000,13.800000,11.425119,591400
2008-04-16,13.905000,14.450000,13.690000,14.250000,11.797676,612800
2008-04-17,14.175000,14.290000,13.900000,14.135000,11.702470,384200
2008-04-18,14.350000,14.740000,14.130000,14.595000,12.083302,490000
2008-04-21,14.570000,14.570000,14.080000,14.225000,11.776980,182200
2008-04-22,14.030000,14.235000,13.845000,14.030000,11.615539,197200
2008-04-23,14.190000,14.190000,13.875000,13.965000,11.561724,225000
2008-04-24,14.000000,14.115000,13.565000,13.975000,11.570002,245200
2008-04-25,14.090000,14.230000,13.595000,14.115000,11.685908,328000
2008-04-28,14.005000,14.375000,13.935000,14.105000,11.677631,326600
2008-04-29,14.105000,14.180000,13.510000,13.645000,11.296795,361200
2008-04-30,13.710000,13.745000,13.275000,13.340000,11.044282,453800
2008-05-01,13.340000,13.870000,13.300000,13.795000,11.420977,352800
2008-05-02,13.995000,14.120000,13.775000,13.940000,11.541025,300600
2008-05-05,13.860000,13.985000,13.625000,13.745000,11.379584,262800
2008-05-06,13.685000,14.100000,13.575000,13.905000,11.512048,234400
2008-05-07,13.970000,14.290000,13.865000,14.020000,11.607260,348400
2008-05-08,14.055000,14.090000,13.650000,14.035000,11.619675,703000
2008-05-09,14.000000,14.245000,13.900000,14.225000,11.776980,304200
2008-05-12,14.140000,14.590000,14.025000,14.275000,11.818374,432000
2008-05-13,14.375000,14.850000,14.215000,14.705000,12.174373,402200
2008-05-14,14.695000,15.080000,14.625000,14.775000,12.232327,412000
2008-05-15,14.775000,15.010000,14.600000,14.945000,12.373070,202400
2008-05-16,14.995000,15.125000,14.810000,15.000000,12.418605,228600
2008-05-19,15.120000,15.125000,14.750000,14.780000,12.236465,315200
2008-05-20,14.625000,14.785000,14.255000,14.760000,12.219913,300600
2008-05-21,14.800000,15.080000,14.665000,14.770000,12.228187,230200
2008-05-22,14.770000,15.060000,14.715000,14.960000,12.385492,174200
2008-05-23,14.825000,14.835000,14.325000,14.470000,11.979815,209200
2008-05-27,14.460000,15.000000,14.415000,14.905000,12.339958,193800
2008-05-28,14.895000,14.905000,14.525000,14.845000,12.290280,173000
2008-05-29,14.725000,14.795000,14.605000,14.670000,12.145397,221200
2008-05-30,14.710000,15.900000,14.660000,15.690000,12.989861,616200
2008-06-02,15.700000,15.805000,15.335000,15.620000,12.931911,301000
2008-06-03,15.710000,16.110001,15.495000,16.049999,13.287909,367600
2008-06-04,15.925000,16.160000,15.690000,15.905000,13.167861,431400
2008-06-05,15.930000,16.750000,15.930000,16.730000,13.850888,335000
2008-06-06,16.510000,16.610001,16.040001,16.084999,13.316886,365000
2008-06-09,16.020000,16.500000,16.010000,16.305000,13.499022,218600
2008-06-10,16.254999,16.900000,16.240000,16.840000,13.941958,436000
2008-06-11,16.775000,16.955000,16.565001,16.750000,13.867442,477000
2008-06-12,16.825001,17.250000,16.809999,16.865000,13.962654,427200
2008-06-13,17.110001,17.430000,17.000000,17.225000,14.260698,778200
2008-06-16,17.090000,17.459999,17.045000,17.330000,14.347631,523600
2008-06-17,17.320000,17.934999,17.270000,17.625000,14.591865,343800
2008-06-18,17.650000,17.695000,17.020000,17.105000,14.161354,335400
2008-06-19,17.200001,17.910000,17.180000,17.735001,14.682932,454200
2008-06-20,17.629999,17.775000,17.309999,17.510000,14.496649,339200
2008-06-23,17.620001,17.980000,17.495001,17.590000,14.562887,306200
2008-06-24,17.469999,17.625000,16.295000,17.080000,14.140651,786800
2008-06-25,17.135000,17.870001,17.135000,17.850000,14.778145,641600
2008-06-26,17.700001,17.745001,15.910000,16.135000,13.358283,769600
2008-06-27,18.495001,20.405001,18.495001,19.750000,16.351164,4336800
2008-06-30,19.635000,20.695000,19.635000,19.950001,16.516741,1015800
2008-07-01,20.014999,22.465000,19.885000,22.075001,18.276051,1764400
2008-07-02,21.830000,21.830000,20.549999,21.450001,17.758606,996200
2008-07-03,21.245001,21.480000,20.315001,20.485001,16.959677,314400
2008-07-07,20.490000,21.684999,20.490000,21.344999,17.671680,803400
2008-07-08,22.170000,22.485001,21.504999,21.959999,18.180843,1236200
2008-07-09,22.135000,22.715000,21.590000,21.674999,17.944887,835400
2008-07-10,21.690001,22.264999,21.680000,22.150000,18.338144,517200
2008-07-11,22.430000,22.730000,22.025000,22.410000,18.553396,599200
2008-07-14,23.150000,23.209999,21.879999,22.035000,18.242929,626600
2008-07-15,22.025000,22.500000,21.250000,22.065001,18.267775,826800
2008-07-16,22.309999,22.490000,21.670000,22.424999,18.565817,497000
2008-07-17,22.730000,22.770000,22.209999,22.545000,18.665165,426000
2008-07-18,22.424999,23.495001,22.375000,22.700001,18.793489,703600
2008-07-21,23.139999,23.754999,22.750000,23.385000,19.360609,479800
2008-07-22,23.445000,23.650000,22.844999,23.605000,19.542746,307200
2008-07-23,23.655001,23.655001,21.500000,21.750000,18.006979,651600
2008-07-24,21.745001,22.455000,20.735001,20.809999,17.228750,509000
2008-07-25,20.870001,21.625000,20.655001,21.570000,17.857952,516800
2008-07-28,21.370001,21.934999,21.315001,21.575001,17.862093,227400
2008-07-29,21.639999,21.850000,20.834999,21.500000,17.800003,270000
2008-07-30,21.865000,22.969999,21.865000,22.375000,18.524424,427800
2008-07-31,22.000000,23.080000,22.000000,22.885000,18.946657,468600
2008-08-01,22.655001,23.430000,22.434999,23.110001,19.132936,423600
2008-08-04,23.735001,24.250000,21.799999,22.020000,18.230518,489600
2008-08-05,22.340000,23.120001,21.879999,22.465000,18.598936,427600
2008-08-06,22.350000,23.040001,22.350000,23.004999,19.046005,326800
2008-08-07,22.969999,22.969999,20.965000,21.240000,17.584747,454000
2008-08-08,21.000000,21.594999,20.500000,21.285000,17.622002,491000
2008-08-11,21.195000,21.750000,21.040001,21.605000,17.886934,555400
2008-08-12,21.629999,22.445000,21.625000,22.195000,18.375401,337600
2008-08-13,21.959999,22.799999,21.959999,22.420000,18.561680,332400
2008-08-14,22.469999,22.830000,21.754999,22.065001,18.267775,689800
2008-08-15,22.120001,22.555000,22.065001,22.490000,18.619635,302800
2008-08-18,22.730000,23.230000,22.090000,22.205000,18.383675,324200
2008-08-19,21.965000,22.250000,21.160000,22.070000,18.271914,365800
2008-08-20,21.920000,22.959999,21.740000,22.920000,18.975634,379800
2008-08-21,22.670000,22.985001,21.629999,22.650000,18.752096,380600
2008-08-22,22.920000,23.120001,21.754999,22.625000,18.731396,443800
2008-08-25,22.450001,22.865000,21.500000,21.799999,18.048376,414800
2008-08-26,21.754999,21.879999,20.875000,20.985001,17.373625,432600
2008-08-27,21.174999,22.049999,21.174999,21.855000,18.093906,407600
2008-08-28,21.805000,22.495001,21.605000,22.395000,18.540985,256200
2008-08-29,22.340000,22.400000,21.639999,21.725000,17.986282,112600
2008-09-02,22.209999,22.570000,21.280001,21.535000,17.828978,295600
2008-09-03,21.455000,21.855000,19.750000,20.129999,16.665764,476800
2008-09-04,19.915001,19.915001,18.020000,18.980000,15.713675,954800
2008-09-05,18.809999,18.895000,17.840000,18.844999,15.601914,424800
2008-09-08,19.559999,19.559999,18.275000,18.410000,15.241769,724400
2008-09-09,18.340000,18.530001,16.959999,17.105000,14.161354,724000
2008-09-10,17.070000,18.174999,17.070000,17.795000,14.732611,359800
2008-09-11,17.254999,18.280001,16.799999,17.924999,14.840234,392200
2008-09-12,17.695000,18.825001,17.650000,18.690001,15.473586,289600
2008-09-15,18.365000,18.365000,16.975000,17.264999,14.293815,670600
2008-09-16,17.370001,19.110001,17.139999,19.105000,15.817167,627600
2008-09-17,18.605000,18.910000,17.700001,18.245001,15.105168,712400
2008-09-18,18.500000,20.040001,18.014999,19.770000,16.367727,609800
2008-09-19,20.020000,21.575001,20.020000,20.990000,17.377769,715800
2008-09-22,20.780001,21.840000,20.625000,21.700001,17.965584,389000
2008-09-23,21.565001,21.950001,20.889999,21.475000,17.779306,499400
2008-09-24,21.475000,21.945000,20.445000,20.450001,16.930695,371000
2008-09-25,20.625000,20.680000,18.030001,19.200001,15.895817,1129600
2008-09-26,21.360001,21.900000,19.860001,21.465000,17.771027,1503600
2008-09-29,21.245001,21.565001,18.865000,19.860001,16.442236,763600
2008-09-30,20.160000,20.889999,19.420000,20.684999,17.125252,696600
2008-10-01,20.795000,21.500000,20.230000,20.575001,17.034185,389000
2008-10-02,20.615000,20.615000,18.514999,18.660000,15.448750,407000
2008-10-03,18.665001,20.594999,18.665001,18.955000,15.692984,585400
2008-10-06,18.325001,18.325001,16.254999,17.514999,14.500798,806200
2008-10-07,17.254999,17.270000,15.510000,15.585000,12.902935,567200
2008-10-08,15.120000,16.535000,13.760000,15.425000,12.770469,497000
2008-10-09,15.745000,16.225000,14.255000,14.325000,11.859771,344600
2008-10-10,13.585000,15.760000,12.500000,15.490000,12.824281,543000
2008-10-13,16.250000,17.830000,16.010000,17.830000,14.761587,214600
2008-10-14,17.865000,18.315001,16.975000,17.549999,14.529768,347200
2008-10-15,17.180000,17.180000,15.600000,15.600000,12.915350,357400
2008-10-16,16.375000,16.715000,14.745000,16.625000,13.763954,508600
2008-10-17,16.049999,17.340000,15.565000,16.120001,13.345864,307200
2008-10-20,15.875000,17.209999,15.750000,17.174999,14.219306,290400
2008-10-21,16.875000,17.080000,15.970000,16.545000,13.697721,318800
2008-10-22,16.325001,16.325001,14.755000,15.125000,12.522096,321200
2008-10-23,15.320000,15.375000,13.505000,14.175000,11.735585,474200
2008-10-24,12.985000,13.785000,12.760000,13.370000,11.069121,315600
2008-10-27,13.375000,13.530000,12.190000,12.190000,10.092188,353200
2008-10-28,12.205000,13.245000,11.465000,13.245000,10.965629,485000
2008-10-29,13.230000,14.640000,13.105000,13.745000,11.379584,376600
2008-10-30,14.275000,14.330000,13.575000,14.295000,11.834935,232200
2008-10-31,14.200000,14.675000,13.860000,14.590000,12.079169,376000
2008-11-03,14.210000,15.070000,14.210000,14.405000,11.926003,364000
2008-11-04,14.380000,15.110000,13.770000,14.260000,11.805955,443800
2008-11-05,14.020000,14.275000,13.015000,13.105000,10.849722,290200
2008-11-06,13.010000,13.180000,12.570000,12.705000,10.518560,471600
2008-11-07,12.850000,13.610000,12.705000,13.455000,11.139490,204200
2008-11-10,13.785000,13.975000,12.900000,13.475000,11.156048,399400
2008-11-11,13.330000,13.330000,12.270000,12.320000,10.199816,293400
2008-11-12,12.140000,12.140000,10.760000,10.860000,8.991071,508200
2008-11-13,10.795000,11.870000,10.150000,11.860000,9.818977,758000
2008-11-14,11.655000,12.265000,11.085000,11.105000,9.193910,490800
2008-11-17,11.040000,11.260000,10.105000,10.120000,8.378423,542000
2008-11-18,10.175000,10.430000,9.250000,9.620000,7.964466,676200
2008-11-19,9.615000,9.615000,8.570000,8.675000,7.182094,655800
2008-11-20,8.325000,8.570000,7.985000,8.285000,6.859212,708000
2008-11-21,8.475000,8.475000,7.545000,8.200000,6.788838,676800
2008-11-24,8.535000,9.945000,8.265000,9.720000,8.047255,532800
2008-11-25,10.140000,10.425000,9.645000,10.375000,8.589540,758000
2008-11-26,10.460000,11.940000,9.975000,11.750000,9.727907,559000
2008-11-28,11.515000,12.030000,11.405000,12.030000,9.959723,173400
2008-12-01,11.700000,11.700000,9.755000,9.840000,8.146606,480800
2008-12-02,10.035000,10.565000,9.605000,10.550000,8.734422,368800
2008-12-03,10.550000,11.095000,10.000000,10.770000,8.916560,324400
2008-12-04,10.625000,10.810000,9.420000,9.695000,8.026557,342400
2008-12-05,9.505000,9.595000,8.805000,9.410000,7.790607,587200
2008-12-08,9.760000,11.050000,9.640000,10.875000,9.003489,505600
2008-12-09,10.780000,11.275000,10.070000,10.455000,8.655769,341000
2008-12-10,10.545000,11.290000,10.455000,11.090000,9.181490,340400
2008-12-11,10.875000,12.095000,10.715000,11.350000,9.396745,483000
2008-12-12,10.800000,12.000000,10.800000,11.705000,9.690652,248400
2008-12-15,11.565000,11.870000,10.660000,10.845000,8.978653,310800
2008-12-16,11.110000,12.235000,10.900000,12.160000,10.067351,334200
2008-12-17,11.955000,12.790000,11.850000,12.415000,10.278463,372600
2008-12-18,12.300000,12.565000,11.890000,12.230000,10.125302,322400
2008-12-19,12.430000,13.000000,12.070000,12.455000,10.311584,490200
2008-12-22,12.540000,12.540000,11.160000,11.655000,9.649257,332800
2008-12-23,11.790000,12.290000,11.330000,11.510000,9.529210,293600
2008-12-24,11.795000,12.385000,11.285000,12.180000,10.083910,221600
2008-12-26,12.185000,12.310000,11.640000,11.995000,9.930743,311200
2008-12-29,11.855000,11.970000,11.100000,11.250000,9.313957,361000
2008-12-30,11.130000,12.210000,11.085000,12.195000,10.096328,358000
2008-12-31,12.195000,12.760000,12.150000,12.550000,10.390233,358200
2009-01-02,12.370000,13.120000,12.370000,12.725000,10.535121,428600
2009-01-05,12.725000,13.195000,12.535000,13.040000,10.795906,506400
2009-01-06,13.015000,13.120000,12.230000,12.560000,10.398513,627000
2009-01-07,12.420000,12.560000,11.905000,12.070000,9.992841,589400
2009-01-08,11.930000,12.460000,11.630000,12.375000,10.245351,484000
2009-01-09,13.285000,14.485000,13.280000,13.850000,11.466514,1645600
2009-01-12,13.880000,14.145000,13.105000,13.150000,10.886982,544800
2009-01-13,13.250000,13.650000,13.250000,13.490000,11.168466,425000
2009-01-14,13.345000,13.345000,12.375000,12.705000,10.518560,394200
2009-01-15,12.730000,13.415000,12.215000,13.115000,10.858004,544800
2009-01-16,12.605000,12.880000,11.825000,12.290000,10.174977,795000
2009-01-20,12.245000,12.245000,11.440000,11.535000,9.549910,576000
2009-01-21,11.620000,12.270000,11.310000,12.200000,10.100467,466800
2009-01-22,11.995000,11.995000,11.205000,11.415000,9.450560,403200
2009-01-23,11.000000,12.180000,10.735000,11.740000,9.719629,543600
2009-01-26,11.745000,12.465000,11.440000,11.705000,9.690652,347200
2009-01-27,11.725000,11.980000,11.220000,11.500000,9.520932,279400
2009-01-28,11.705000,11.910000,11.370000,11.750000,9.727907,548400
2009-01-29,11.520000,11.680000,11.270000,11.320000,9.371908,314000
2009-01-30,11.495000,11.670000,11.000000,11.200000,9.272561,302400
2009-02-02,10.970000,11.250000,10.695000,11.140000,9.222886,341400
2009-02-03,11.050000,11.275000,10.730000,11.150000,9.231160,319400
2009-02-04,11.095000,11.595000,10.970000,11.305000,9.359492,302600
2009-02-05,11.430000,11.740000,10.975000,11.520000,9.537490,283000
2009-02-06,11.395000,12.155000,11.285000,12.040000,9.968000,272600
2009-02-09,11.950000,12.420000,11.845000,12.150000,10.059075,206000
2009-02-10,12.090000,12.440000,11.435000,11.630000,9.628558,365800
2009-02-11,11.670000,11.920000,11.225000,11.450000,9.479537,229000
2009-02-12,11.260000,11.595000,10.925000,11.570000,9.578882,268400
2009-02-13,11.570000,11.795000,11.465000,11.605000,9.607862,303000
2009-02-17,11.295000,11.295000,10.625000,11.000000,9.106977,380400
2009-02-18,11.115000,11.345000,10.680000,10.865000,8.995209,266800
2009-02-19,10.995000,11.290000,10.705000,10.795000,8.937257,311600
2009-02-20,10.540000,10.795000,10.290000,10.545000,8.730282,412400
2009-02-23,10.690000,10.800000,9.705000,9.855000,8.159024,406800
2009-02-24,9.995000,10.655000,9.880000,10.475000,8.672326,371400
2009-02-25,10.340000,10.650000,9.755000,9.905000,8.200418,355800
2009-02-26,10.120000,10.200000,9.900000,10.000000,8.279076,409800
2009-02-27,9.835000,10.325000,9.770000,10.120000,8.378423,386200
2009-03-02,9.880000,9.880000,8.870000,9.060000,7.500840,533600
2009-03-03,9.195000,9.285000,8.780000,8.895000,7.364235,340200
2009-03-04,9.100000,9.785000,9.025000,9.515000,7.877534,328600
2009-03-05,9.255000,9.375000,8.585000,8.670000,7.177954,416600
2009-03-06,8.820000,9.025000,8.300000,8.560000,7.086885,259200
2009-03-09,8.640000,8.760000,8.400000,8.480000,7.020653,473800
2009-03-10,8.855000,9.770000,8.810000,9.675000,8.010000,1420200
2009-03-11,9.715000,10.415000,9.670000,10.200000,8.444652,564000
2009-03-12,10.255000,11.020000,9.945000,10.945000,9.061444,636800
2009-03-13,11.050000,11.180000,10.790000,11.135000,9.218745,284600
2009-03-16,11.465000,11.600000,10.660000,10.875000,9.003489,3022800
2009-03-17,10.710000,11.685000,10.560000,11.635000,9.632699,709000
2009-03-18,11.535000,12.705000,11.170000,12.530000,10.373676,527800
2009-03-19,12.785000,13.110000,12.570000,12.755000,10.559956,336000
2009-03-20,12.725000,12.940000,12.195000,12.435000,10.295026,433200
2009-03-23,12.780000,13.785000,12.780000,13.780000,11.408562,472600
2009-03-24,14.350000,14.350000,13.175000,13.240000,10.961491,463600
2009-03-25,13.420000,13.810000,13.230000,13.800000,11.425119,503800
2009-03-26,13.785000,14.375000,13.785000,14.230000,11.781116,568800
2009-03-27,14.170000,14.625000,13.960000,14.120000,11.690049,558600
2009-03-30,13.680000,13.990000,12.810000,13.165000,10.899396,577600
2009-03-31,13.375000,13.785000,13.095000,13.195000,10.924235,616000
2009-04-01,12.910000,13.625000,12.600000,13.325000,11.031863,709000
2009-04-02,13.730000,14.000000,13.370000,13.550000,11.218143,878200
2009-04-03,13.625000,13.640000,12.400000,13.265000,10.982184,1032200
2009-04-06,13.080000,13.165000,12.605000,12.945000,10.717255,575200
2009-04-07,12.505000,12.745000,12.260000,12.315000,10.195676,570800
2009-04-08,12.325000,12.550000,12.000000,12.535000,10.377815,424600
2009-04-09,12.870000,13.490000,12.690000,13.435000,11.122935,483200
2009-04-13,13.270000,13.545000,12.830000,13.390000,11.085677,538600
2009-04-14,13.140000,13.680000,12.925000,13.150000,10.886982,365400
2009-04-15,13.090000,13.565000,13.035000,13.490000,11.168466,267400
2009-04-16,13.610000,14.100000,13.380000,13.885000,11.495489,248000
2009-04-17,13.965000,14.275000,13.825000,14.045000,11.627955,275200
2009-04-20,13.870000,13.870000,12.695000,13.050000,10.804191,496200
2009-04-21,12.885000,13.780000,12.770000,13.560000,11.226419,404600
2009-04-22,13.210000,14.750000,13.210000,14.205000,11.760420,762600
2009-04-23,14.260000,14.390000,13.615000,13.995000,11.586561,464200
2009-04-24,14.135000,14.810000,13.700000,14.455000,11.967397,464400
2009-04-27,14.355000,14.475000,13.960000,14.230000,11.781116,404400
2009-04-28,14.095000,14.975000,13.840000,14.730000,12.195071,695600
2009-04-29,14.930000,15.725000,14.655000,15.415000,12.762190,718600
2009-04-30,15.610000,16.205000,15.460000,15.465000,12.803584,443200
2009-05-01,15.475000,16.129999,15.475000,15.840000,13.114050,530200
2009-05-04,16.135000,16.875000,15.875000,16.840000,13.941958,454400
2009-05-05,16.855000,17.270000,16.565001,16.834999,13.937818,382400
2009-05-06,17.115000,17.290001,16.410000,16.620001,13.759817,266400
2009-05-07,16.965000,16.975000,15.790000,15.995000,13.242374,239000
2009-05-08,16.360001,16.820000,15.575000,16.405001,13.581818,309400
2009-05-11,15.860000,16.740000,15.860000,16.299999,13.494889,381400
2009-05-12,16.375000,16.480000,15.630000,16.010000,13.254791,156400
2009-05-13,15.740000,15.785000,14.885000,15.190000,12.575911,242200
2009-05-14,15.105000,15.285000,14.450000,15.020000,12.435164,532000
2009-05-15,15.140000,15.470000,14.950000,15.125000,12.522096,312000
2009-05-18,15.310000,15.985000,15.280000,15.930000,13.188561,271600
2009-05-19,15.840000,16.195000,15.570000,15.800000,13.080930,235800
2009-05-20,16.000000,16.834999,16.000000,16.355000,13.540418,362800
2009-05-21,16.045000,16.065001,15.165000,15.580000,12.898793,273400
2009-05-22,15.650000,16.025000,15.255000,15.290000,12.658702,105200
2009-05-26,15.095000,16.879999,15.030000,16.840000,13.941958,322600
2009-05-27,16.780001,17.070000,16.415001,16.420000,13.594235,310600
2009-05-28,16.660000,16.945000,15.955000,16.799999,13.908839,240600
2009-05-29,16.915001,17.455000,16.830000,17.375000,14.384885,303400
2009-06-01,17.879999,18.760000,17.450001,18.389999,15.225211,386000
2009-06-02,18.385000,18.725000,17.965000,18.570000,15.374244,267200
2009-06-03,18.545000,18.594999,18.000000,18.395000,15.229354,125800
2009-06-04,18.580000,19.230000,18.389999,19.195000,15.891675,192800
2009-06-05,19.344999,19.344999,17.280001,17.815001,14.749172,741800
2009-06-08,17.795000,18.495001,17.355000,18.230000,15.092748,267800
2009-06-09,18.434999,18.790001,17.799999,18.605000,15.403209,258600
2009-06-10,18.844999,18.895000,18.075001,18.549999,15.357679,168000
2009-06-11,18.660000,19.035000,18.420000,18.459999,15.283169,179400
2009-06-12,18.225000,18.334999,18.000000,18.215000,15.080332,129800
2009-06-15,18.139999,18.139999,17.565001,17.875000,14.798839,280200
2009-06-16,18.075001,18.245001,17.000000,17.555000,14.533912,283200
2009-06-17,17.385000,17.780001,17.209999,17.540001,14.521489,156800
2009-06-18,17.370001,17.570000,16.975000,17.090000,14.148932,141000
2009-06-19,17.245001,17.725000,17.190001,17.309999,14.331071,243600
2009-06-22,17.219999,17.365000,15.930000,16.120001,13.345864,299200
2009-06-23,16.180000,16.305000,15.510000,15.840000,13.114050,295600
2009-06-24,15.960000,16.715000,15.805000,16.475000,13.639766,168400
2009-06-25,16.370001,17.270000,16.370001,16.680000,13.809492,410600
2009-06-26,16.424999,16.995001,15.525000,16.950001,14.033030,1040400
2009-06-29,16.655001,17.975000,16.655001,17.600000,14.571167,526600
2009-06-30,17.674999,17.865000,17.090000,17.205000,14.244136,274400
2009-07-01,17.315001,18.330000,17.275000,17.795000,14.732611,241400
2009-07-02,17.500000,17.504999,16.875000,17.020000,14.090985,158000
2009-07-06,16.885000,16.945000,16.330000,16.490000,13.652187,211400
2009-07-07,16.450001,16.495001,15.775000,15.825000,13.101627,165400
2009-07-08,15.780000,15.900000,15.355000,15.725000,13.018841,183800
2009-07-09,15.900000,15.985000,15.530000,15.735000,13.027116,157400
2009-07-10,15.580000,15.975000,15.220000,15.900000,13.163723,143600
2009-07-13,15.935000,16.530001,15.680000,16.430000,13.602513,214200
2009-07-14,16.500000,16.500000,16.070000,16.174999,13.391397,118800
2009-07-15,16.590000,17.040001,16.424999,16.945000,14.028889,178400
2009-07-16,16.885000,17.090000,16.605000,16.995001,14.070282,108600
2009-07-17,16.879999,17.120001,16.660000,16.735001,13.855024,131800
2009-07-20,16.915001,17.055000,16.559999,16.840000,13.941958,104800
2009-07-21,17.084999,17.915001,17.004999,17.875000,14.798839,390800
2009-07-22,17.885000,18.389999,17.760000,18.250000,15.109303,190000
2009-07-23,18.250000,19.030001,18.129999,18.895000,15.643304,276200
2009-07-24,18.764999,19.040001,18.500000,18.879999,15.630881,227000
2009-07-27,19.004999,19.375000,18.879999,19.139999,15.846142,165200
2009-07-28,19.040001,19.235001,18.670000,19.180000,15.879254,206200
2009-07-29,19.125000,19.129999,18.655001,18.924999,15.668137,123400
2009-07-30,19.275000,19.565001,19.014999,19.200001,15.895817,174800
2009-07-31,19.200001,19.700001,19.200001,19.375000,16.040703,199000
2009-08-03,19.500000,19.870001,19.315001,19.840000,16.425678,192600
2009-08-04,19.730000,19.889999,19.540001,19.660000,16.276655,127200
2009-08-05,19.709999,19.775000,18.655001,18.770000,15.539820,253200
2009-08-06,19.014999,19.245001,18.360001,18.469999,15.291446,202000
2009-08-07,18.684999,18.700001,18.225000,18.355000,15.196239,190400
2009-08-10,18.270000,18.635000,18.094999,18.635000,15.428050,166600
2009-08-11,18.620001,18.725000,18.100000,18.145000,15.022376,99000
2009-08-12,18.110001,18.955000,18.110001,18.660000,15.448750,142400
2009-08-13,18.660000,19.000000,18.299999,18.875000,15.626745,114200
2009-08-14,18.825001,18.955000,18.200001,18.395000,15.229354,100600
2009-08-17,18.065001,18.195000,17.440001,17.540001,14.521489,172200
2009-08-18,17.745001,17.980000,17.629999,17.764999,14.707770,156000
2009-08-19,17.594999,18.200001,17.410000,18.139999,15.018232,124000
2009-08-20,18.270000,18.555000,18.155001,18.375000,15.212790,68200
2009-08-21,18.639999,19.245001,18.639999,19.010000,15.738515,151600
2009-08-24,19.010000,19.395000,18.760000,18.924999,15.668137,103200
2009-08-25,18.985001,19.100000,18.809999,18.860001,15.614331,66400
2009-08-26,18.770000,18.990000,18.215000,18.555000,15.361818,79600
2009-08-27,18.480000,18.629999,17.750000,18.389999,15.225211,132800
2009-08-28,18.629999,18.905001,17.900000,18.014999,14.914749,104000
2009-08-31,17.905001,17.955000,16.940001,17.209999,14.248281,281000
2009-09-01,17.315001,18.320000,16.945000,17.010000,14.082705,296200
2009-09-02,16.915001,17.530001,16.915001,17.184999,14.227586,274800
2009-09-03,17.325001,17.520000,16.895000,17.434999,14.434559,108000
2009-09-04,17.485001,17.934999,17.065001,17.825001,14.757446,128600
2009-09-08,18.059999,18.059999,17.430000,18.030001,14.927168,119400
2009-09-09,17.930000,18.305000,17.730000,18.035000,14.931304,145000
2009-09-10,18.105000,18.610001,18.105000,18.575001,15.378378,149200
2009-09-11,18.575001,18.865000,18.240000,18.400000,15.233493,160400
2009-09-14,18.245001,18.830000,18.245001,18.830000,15.589486,158800
2009-09-15,18.830000,19.145000,18.215000,18.270000,15.125867,209800
2009-09-16,18.485001,19.295000,18.400000,19.290001,15.970327,267600
2009-09-17,19.285000,19.469999,18.955000,19.225000,15.916515,124200
2009-09-18,19.309999,19.309999,18.645000,18.709999,15.490140,253200
2009-09-21,18.469999,18.915001,17.985001,18.629999,15.423907,102800
2009-09-22,18.735001,18.855000,18.235001,18.325001,15.171395,142000
2009-09-23,18.299999,18.615000,18.025000,18.280001,15.134144,94000
2009-09-24,18.325001,18.325001,17.575001,17.975000,14.881631,170600
2009-09-25,18.870001,19.680000,18.415001,19.025000,15.750931,557400
2009-09-28,19.260000,21.360001,19.165001,21.240000,17.584747,519200
2009-09-29,20.865000,20.875000,20.105000,20.240000,16.756845,524200
2009-09-30,20.440001,20.549999,19.395000,20.084999,16.628511,389200
2009-10-01,19.889999,20.160000,19.565001,19.665001,16.280790,177000
2009-10-02,19.360001,19.665001,19.219999,19.270000,15.953780,142200
2009-10-05,19.330000,19.830000,19.010000,19.040001,15.763351,243400
2009-10-06,19.305000,19.725000,19.160000,19.590000,16.218702,277200
2009-10-07,19.584999,20.195000,19.334999,19.865000,16.446371,204000
2009-10-08,20.040001,20.250000,19.504999,19.584999,16.214563,198200
2009-10-09,19.635000,20.379999,19.629999,20.139999,16.674044,156800
2009-10-12,20.370001,20.445000,19.485001,19.775000,16.371864,142400
2009-10-13,19.690001,19.770000,19.245001,19.639999,16.260094,158600
2009-10-14,19.875000,20.030001,19.565001,20.014999,16.570559,92400
2009-10-15,19.889999,20.170000,19.530001,19.855000,16.438095,179400
2009-10-16,19.735001,19.840000,19.250000,19.309999,15.986887,148000
2009-10-19,19.275000,20.094999,19.250000,19.910000,16.483633,140600
2009-10-20,19.840000,19.955000,18.895000,19.250000,15.937204,213400
2009-10-21,19.285000,19.990000,18.959999,19.055000,15.775772,223000
2009-10-22,19.049999,19.500000,18.709999,19.420000,16.077957,113600
2009-10-23,19.555000,19.555000,18.610001,18.969999,15.705404,154400
2009-10-26,19.040001,19.375000,17.875000,18.010000,14.910613,398000
2009-10-27,18.030001,18.490000,17.665001,17.830000,14.761587,209200
2009-10-28,17.745001,17.895000,17.020000,17.184999,14.227586,207200
2009-10-29,17.365000,17.940001,17.325001,17.825001,14.757446,144000
2009-10-30,17.719999,17.750000,17.010000,17.129999,14.182047,183000
2009-11-02,17.285000,17.584999,16.840000,17.245001,14.277260,127200
2009-11-03,17.025000,17.565001,17.025000,17.415001,14.418005,155800
2009-11-04,17.305000,17.535000,16.945000,16.990000,14.066141,261800
2009-11-05,17.254999,17.799999,17.205000,17.790001,14.728471,204000
2009-11-06,17.629999,18.620001,17.600000,18.055000,14.947861,220000
2009-11-09,18.195000,18.395000,17.799999,17.870001,14.794704,141000
2009-11-10,17.754999,18.100000,17.365000,17.549999,14.529768,187400
2009-11-11,17.825001,18.070000,17.549999,17.850000,14.778145,96600
2009-11-12,17.754999,18.020000,16.889999,16.889999,13.983349,286800
2009-11-13,16.910000,17.315001,16.590000,17.049999,14.115815,305400
2009-11-16,17.290001,17.500000,16.844999,17.195000,14.235862,290200
2009-11-17,17.145000,17.225000,16.875000,17.105000,14.161354,166200
2009-11-18,17.059999,17.094999,16.235001,16.570000,13.718424,353200
2009-11-19,16.514999,16.540001,16.170000,16.290001,13.486606,391000
2009-11-20,16.200001,16.844999,15.860000,16.735001,13.855024,236800
2009-11-23,16.924999,17.575001,16.924999,17.110001,14.165493,163000
2009-11-24,17.135000,17.350000,16.775000,17.195000,14.235862,121400
2009-11-25,17.254999,17.475000,17.135000,17.325001,14.343493,83400
2009-11-27,17.000000,17.385000,16.875000,16.875000,13.970933,67600
2009-11-30,16.844999,16.965000,16.385000,16.924999,14.012324,133400
2009-12-01,17.165001,17.480000,17.030001,17.375000,14.384885,161400
2009-12-02,17.430000,17.684999,17.094999,17.180000,14.223445,131400
2009-12-03,17.299999,17.525000,16.325001,16.395000,13.573539,178000
2009-12-04,16.870001,16.985001,16.150000,16.780001,13.892284,218200
2009-12-07,16.780001,17.424999,16.605000,17.395000,14.401449,369400
2009-12-08,17.305000,18.049999,17.059999,17.584999,14.558746,194600
2009-12-09,17.700001,17.844999,17.334999,17.700001,14.653957,242200
2009-12-10,17.700001,17.885000,17.405001,17.555000,14.533912,195400
2009-12-11,17.740000,18.000000,16.879999,16.895000,13.987489,491200
2009-12-14,16.940001,17.594999,16.844999,17.545000,14.525630,180200
2009-12-15,17.415001,17.415001,17.065001,17.145000,14.194469,233000
2009-12-16,17.365000,17.465000,16.920000,17.084999,14.144790,99400
2009-12-17,17.004999,17.045000,16.500000,16.525000,13.681167,175400
2009-12-18,16.705000,16.840000,16.275000,16.740000,13.859162,447400
2009-12-21,16.905001,17.075001,16.670000,16.879999,13.975073,180400
2009-12-22,16.895000,16.930000,16.514999,16.555000,13.706000,228000
2009-12-23,16.610001,16.900000,16.610001,16.825001,13.929540,78000
2009-12-24,16.844999,17.180000,16.844999,17.120001,14.173771,52000
2009-12-28,17.135000,17.424999,16.350000,16.684999,13.813630,467400
2009-12-29,16.565001,16.750000,16.430000,16.660000,13.792934,145600
2009-12-30,16.620001,16.775000,16.459999,16.629999,13.768092,132400
2009-12-31,16.615000,16.670000,16.344999,16.350000,13.536284,148800
2010-01-04,16.650000,16.910000,16.510000,16.910000,13.999908,160800
2010-01-05,16.969999,17.225000,16.530001,16.670000,13.801209,425400
2010-01-06,16.650000,17.084999,16.580000,17.070000,14.132374,435000
2010-01-07,17.105000,17.805000,17.020000,17.415001,14.418005,728200
2010-01-08,15.945000,16.405001,15.575000,16.165001,13.383120,1284800
2010-01-11,16.165001,16.389999,15.660000,16.080000,13.312746,539000
2010-01-12,15.875000,16.245001,15.700000,15.840000,13.114050,451000
2010-01-13,15.840000,16.424999,15.650000,16.315001,13.507304,267600
2010-01-14,16.325001,16.540001,16.230000,16.275000,13.474193,194200
2010-01-15,14.885000,15.560000,14.635000,15.490000,12.824281,1911600
2010-01-19,15.545000,15.985000,15.410000,15.715000,13.010559,390200
2010-01-20,15.485000,15.835000,15.375000,15.420000,12.766325,312200
2010-01-21,15.520000,15.720000,15.075000,15.350000,12.708373,847200
2010-01-22,15.535000,15.635000,15.075000,15.080000,12.484841,456800
2010-01-25,15.375000,15.425000,15.045000,15.085000,12.488976,282000
2010-01-26,15.070000,15.225000,14.915000,15.055000,12.464141,292800
2010-01-27,15.210000,15.590000,15.055000,15.560000,12.882234,241400
2010-01-28,15.645000,15.645000,15.050000,15.220000,12.702793,188200
2010-01-29,15.325000,15.520000,15.035000,15.040000,12.552561,211000
2010-02-01,15.155000,15.375000,15.050000,15.235000,12.715310,190800
2010-02-02,15.210000,15.345000,15.050000,15.125000,12.623503,150800
2010-02-03,15.015000,15.420000,14.920000,14.960000,12.485795,174600
2010-02-04,14.875000,14.950000,14.375000,14.405000,12.022590,274200
2010-02-05,14.480000,14.605000,13.950000,14.575000,12.164467,281400
2010-02-08,14.520000,14.900000,14.365000,14.505000,12.106045,177400
2010-02-09,14.750000,15.115000,14.650000,14.955000,12.481622,217400
2010-02-10,14.935000,15.150000,14.575000,15.060000,12.569254,155400
2010-02-11,15.000000,15.175000,14.640000,15.160000,12.652719,125400
2010-02-12,15.045000,15.335000,14.830000,15.335000,12.798771,111000
2010-02-16,15.380000,15.470000,15.130000,15.405000,12.857197,211400
2010-02-17,14.990000,15.240000,14.800000,14.970000,12.494139,254600
2010-02-18,14.910000,15.005000,14.710000,14.995000,12.515001,213000
2010-02-19,14.905000,15.475000,14.870000,15.405000,12.857197,317400
2010-02-22,15.450000,16.025000,15.315000,15.935000,13.299539,235200
2010-02-23,15.995000,16.035000,15.545000,15.700000,13.103406,150000
2010-02-24,15.705000,16.115000,15.535000,15.745000,13.140965,110200
2010-02-25,15.575000,15.950000,15.345000,15.820000,13.203561,115800
2010-02-26,15.880000,15.880000,15.620000,15.705000,13.107580,62600
2010-03-01,15.800000,16.200001,15.635000,15.835000,13.216077,219600
2010-03-02,15.910000,16.070000,15.855000,15.895000,13.266154,156000
2010-03-03,16.004999,16.340000,15.870000,16.059999,13.403869,132600
2010-03-04,16.105000,16.500000,16.035000,16.485001,13.758577,86200
2010-03-05,16.615000,16.745001,16.500000,16.730000,13.963061,219800
2010-03-08,16.750000,16.959999,16.745001,16.905001,14.109115,117400
2010-03-09,16.895000,17.000000,16.754999,16.830000,14.046519,102000
2010-03-10,16.850000,17.184999,16.844999,17.080000,14.255172,104000
2010-03-11,17.020000,17.145000,16.900000,17.135000,14.301075,112400
2010-03-12,17.155001,17.184999,16.924999,17.115000,14.284384,79000
2010-03-15,17.084999,17.325001,16.900000,17.129999,14.296896,111200
2010-03-16,17.320000,17.395000,17.184999,17.375000,14.501382,197800
2010-03-17,17.440001,17.785000,17.360001,17.420000,14.538943,171600
2010-03-18,17.510000,17.700001,17.440001,17.665001,14.743422,157200
2010-03-19,17.305000,17.805000,17.084999,17.305000,14.442954,310800
2010-03-22,17.355000,17.684999,17.250000,17.645000,14.726727,218600
2010-03-23,17.674999,17.745001,17.520000,17.730000,14.797670,127400
2010-03-24,17.730000,17.750000,17.340000,17.379999,14.505556,143000
2010-03-25,17.430000,17.850000,17.305000,17.360001,14.488863,167200
2010-03-26,17.459999,17.584999,17.235001,17.334999,14.467994,104000
2010-03-29,17.434999,17.590000,17.340000,17.400000,14.522245,95200
2010-03-30,17.375000,17.405001,17.075001,17.240000,14.388706,149800
2010-03-31,17.225000,17.305000,16.910000,16.924999,14.125803,228400
2010-04-01,17.120001,19.475000,17.120001,19.230000,16.049582,1242200
2010-04-05,19.240000,19.995001,19.004999,19.990000,16.683891,529800
2010-04-06,19.900000,20.490000,19.764999,20.320000,16.959311,351400
2010-04-07,20.365000,20.485001,19.834999,20.059999,16.742311,307800
2010-04-08,19.870001,20.299999,19.815001,20.014999,16.704763,210400
2010-04-09,20.070000,20.245001,19.885000,20.014999,16.704763,140800
2010-04-12,20.055000,20.105000,19.790001,19.865000,16.579561,156800
2010-04-13,19.580000,20.540001,19.580000,20.530001,17.243086,307400
2010-04-14,20.745001,21.090000,20.650000,20.840000,17.503448,243600
2010-04-15,20.879999,21.055000,20.660000,20.715000,17.398470,163000
2010-04-16,20.754999,20.885000,20.129999,20.424999,17.154890,148200
2010-04-19,20.290001,20.520000,19.639999,20.465000,17.188496,360800
2010-04-20,20.665001,20.889999,20.605000,20.809999,17.478256,100800
2010-04-21,20.820000,20.950001,20.385000,20.760000,17.436264,115200
2010-04-22,20.475000,20.910000,20.309999,20.870001,17.528645,63000
2010-04-23,20.885000,21.004999,20.530001,20.815001,17.482458,84400
2010-04-26,20.850000,21.160000,20.570000,20.655001,17.348070,143800
2010-04-27,20.580000,20.860001,20.400000,20.420000,17.150692,167000
2010-04-28,20.485001,20.834999,20.410000,20.690001,17.377468,128800
2010-04-29,20.924999,21.504999,20.780001,21.504999,18.061977,258800
2010-04-30,21.430000,21.495001,20.309999,20.309999,17.058306,264800
2010-05-03,20.355000,20.825001,19.809999,20.760000,17.436264,255800
2010-05-04,20.545000,20.545000,19.725000,19.905001,16.718147,265200
2010-05-05,19.730000,19.760000,19.004999,19.405001,16.298210,258000
2010-05-06,19.195000,19.555000,17.865000,18.665001,15.676677,294800
2010-05-07,18.660000,18.920000,17.559999,18.264999,15.340720,353000
2010-05-10,19.594999,19.844999,18.985001,19.809999,16.638357,251000
2010-05-11,19.745001,20.250000,19.195000,19.895000,16.709747,214400
2010-05-12,19.799999,20.870001,19.799999,20.525000,17.238886,182000
2010-05-13,20.520000,20.865000,20.285000,20.575001,17.280880,108800
2010-05-14,20.459999,20.500000,19.980000,20.334999,17.079304,146600
2010-05-17,20.395000,20.565001,19.480000,20.004999,16.802143,196000
2010-05-18,20.180000,20.180000,19.305000,19.375000,16.273005,177000
2010-05-19,19.240000,19.465000,18.879999,19.379999,16.277199,204800
2010-05-20,18.690001,18.900000,17.945000,18.014999,15.130741,271800
2010-05-21,17.555000,18.559999,17.379999,18.475000,15.517090,231600
2010-05-24,18.275000,18.799999,18.115000,18.170000,15.260924,147400
2010-05-25,17.615000,18.030001,17.389999,17.990000,15.109748,162600
2010-05-26,18.170000,18.545000,18.004999,18.055000,15.164338,140600
2010-05-27,18.570000,18.969999,18.469999,18.850000,15.832058,213000
2010-05-28,18.730000,18.795000,18.190001,18.459999,15.504496,188400
2010-06-01,18.174999,18.660000,17.760000,17.785000,14.937571,133000
2010-06-02,17.980000,18.775000,17.760000,18.745001,15.743866,125000
2010-06-03,18.665001,19.110001,18.395000,18.895000,15.869851,152400
2010-06-04,18.570000,18.629999,17.709999,17.790001,14.941769,213400
2010-06-07,17.855000,17.950001,17.389999,17.440001,14.647805,197000
2010-06-08,17.445000,17.605000,16.834999,17.115000,14.374831,263800
2010-06-09,17.264999,18.135000,17.250000,17.395000,14.610007,228800
2010-06-10,17.780001,18.285000,17.600000,18.240000,15.319722,197400
2010-06-11,18.025000,18.565001,17.879999,18.545000,15.575893,141600
2010-06-14,18.830000,18.930000,18.145000,18.315001,15.382710,181200
2010-06-15,18.440001,19.180000,18.254999,19.070000,16.016836,196200
2010-06-16,18.805000,19.500000,18.665001,19.190001,16.117620,146400
2010-06-17,19.355000,19.584999,19.115000,19.285000,16.197414,104200
2010-06-18,19.440001,19.915001,19.240000,19.690001,16.537573,309400
2010-06-21,20.000000,20.049999,19.415001,19.605000,16.466177,114800
2010-06-22,19.570000,19.950001,19.360001,19.485001,16.365385,186800
2010-06-23,19.480000,19.605000,19.215000,19.344999,16.247805,225000
2010-06-24,19.245001,19.620001,19.125000,19.370001,16.268805,292400
2010-06-25,20.094999,20.325001,19.320000,19.850000,16.671955,879600
2010-06-28,19.555000,20.084999,19.084999,19.235001,16.155415,317800
2010-06-29,18.844999,19.305000,18.395000,18.825001,15.811057,292000
2010-06-30,18.805000,19.340000,18.280001,18.385000,15.441504,220000
2010-07-01,18.410000,18.885000,17.910000,18.790001,15.781657,276400
2010-07-02,18.985001,19.090000,18.584999,18.850000,15.832058,157800
2010-07-06,19.135000,19.625000,18.625000,18.735001,15.735464,296000
2010-07-07,18.680000,19.385000,18.680000,19.275000,16.297750,269800
2010-07-08,19.459999,19.629999,18.955000,19.504999,16.492224,194000
2010-07-09,19.405001,19.910000,19.275000,19.889999,16.817751,188000
2010-07-12,19.754999,20.299999,19.665001,19.855000,16.788162,178400
2010-07-13,20.150000,20.674999,20.030001,20.459999,17.299711,243200
2010-07-14,20.395000,20.639999,19.545000,19.910000,16.834671,319400
2010-07-15,19.895000,20.100000,19.545000,19.924999,16.847349,245600
2010-07-16,19.700001,19.790001,19.250000,19.315001,16.331573,271800
2010-07-19,19.434999,20.075001,19.254999,20.010000,16.919222,307200
2010-07-20,19.735001,20.620001,19.584999,20.584999,17.405411,206400
2010-07-21,20.639999,20.799999,20.200001,20.305000,17.168652,220200
2010-07-22,20.700001,21.230000,20.525000,21.004999,17.760530,481600
2010-07-23,20.900000,21.805000,20.700001,21.639999,18.297451,229200
2010-07-26,21.775000,22.500000,21.655001,22.290001,18.847050,292000
2010-07-27,22.415001,22.500000,21.895000,21.940001,18.551111,221600
2010-07-28,21.934999,22.190001,21.565001,21.860001,18.483469,175600
2010-07-29,22.004999,22.110001,21.190001,21.785000,18.420050,208000
2010-07-30,21.334999,22.025000,21.110001,21.764999,18.403145,137200
2010-08-02,22.105000,22.450001,21.809999,22.139999,18.720219,166600
2010-08-03,22.000000,22.065001,21.459999,21.495001,18.174852,209400
2010-08-04,21.559999,22.209999,21.490000,22.065001,18.656803,219400
2010-08-05,21.865000,22.180000,21.680000,21.834999,18.462330,252000
2010-08-06,21.415001,21.815001,21.004999,21.684999,18.335499,186400
2010-08-09,21.924999,21.924999,21.495001,21.695000,18.343956,124600
2010-08-10,21.334999,21.605000,20.830000,21.334999,18.039562,174000
2010-08-11,21.084999,21.184999,20.625000,21.025000,17.777439,306000
2010-08-12,20.584999,21.100000,20.389999,20.680000,17.485735,224400
2010-08-13,20.535000,20.690001,20.000000,20.200001,17.079870,203800
2010-08-16,20.020000,20.660000,19.920000,20.500000,17.333534,136000
2010-08-17,20.820000,21.160000,20.719999,20.780001,17.570292,137600
2010-08-18,20.780001,20.809999,20.360001,20.665001,17.473047,103000
2010-08-19,20.520000,20.520000,19.760000,19.825001,16.762794,125200
2010-08-20,19.785000,20.045000,19.434999,19.985001,16.898083,135600
2010-08-23,20.075001,20.350000,19.490000,19.549999,16.530283,94600
2010-08-24,19.254999,19.700001,18.875000,19.315001,16.331573,146800
2010-08-25,19.245001,19.389999,18.895000,19.315001,16.331573,248400
2010-08-26,19.320000,19.590000,19.180000,19.219999,16.251245,85800
2010-08-27,19.415001,20.360001,19.094999,20.334999,17.194021,145600
2010-08-30,20.190001,20.205000,19.889999,19.959999,16.876944,108800
2010-08-31,19.975000,20.400000,19.594999,19.969999,16.885403,167400
2010-09-01,20.330000,20.995001,20.254999,20.785000,17.574514,153400
2010-09-02,20.809999,20.905001,20.315001,20.665001,17.473047,141200
2010-09-03,20.924999,21.155001,20.670000,21.070000,17.815496,64800
2010-09-07,21.020000,21.065001,20.400000,20.535000,17.363129,141200
2010-09-08,20.535000,21.180000,20.535000,20.684999,17.489956,86400
2010-09-09,21.080000,21.230000,20.469999,20.910000,17.680210,151800
2010-09-10,20.934999,21.334999,20.730000,20.969999,17.730940,103000
2010-09-13,21.139999,21.469999,20.905001,21.360001,18.060707,201800
2010-09-14,21.350000,21.594999,21.090000,21.170000,17.900047,79600
2010-09-15,21.075001,21.385000,20.799999,21.215000,17.938093,77000
2010-09-16,21.110001,21.295000,20.670000,20.934999,17.701345,72600
2010-09-17,21.145000,21.320000,20.635000,21.025000,17.777439,224200
2010-09-20,21.055000,21.385000,20.570000,21.315001,18.022652,218000
2010-09-21,21.225000,21.299999,20.770000,20.889999,17.663296,131000
2010-09-22,20.764999,20.980000,20.655001,20.799999,17.587198,134000
2010-09-23,20.629999,20.945000,20.290001,20.365000,17.219391,97200
2010-09-24,20.740000,21.110001,20.740000,21.084999,17.828173,94400
2010-09-27,21.055000,21.559999,20.610001,21.495001,18.174852,93600
2010-09-28,21.500000,21.605000,21.065001,21.525000,18.200214,151000
2010-09-29,21.344999,21.805000,21.139999,21.590000,18.255169,80000
2010-09-30,21.709999,21.900000,20.674999,21.420000,18.111437,238800
2010-10-01,21.940001,21.940001,19.549999,19.750000,16.699379,459200
2010-10-04,19.620001,19.735001,18.680000,19.270000,16.293520,294600
2010-10-05,19.450001,19.450001,18.940001,19.344999,16.356939,212200
2010-10-06,19.235001,19.629999,18.905001,19.115000,16.162466,291600
2010-10-07,19.115000,19.115000,18.020000,18.799999,15.896119,619400
2010-10-08,18.865000,19.264999,18.725000,19.120001,16.166695,130800
2010-10-11,19.160000,19.174999,18.700001,18.760000,15.862298,149600
2010-10-12,18.750000,18.860001,18.480000,18.629999,15.752380,192200
2010-10-13,18.645000,18.980000,18.590000,18.799999,16.003500,142200
2010-10-14,18.830000,18.910000,18.645000,18.809999,16.012009,149200
2010-10-15,18.975000,19.035000,18.395000,18.875000,16.067341,261200
2010-10-18,18.860001,19.115000,18.805000,19.090000,16.250357,103800
2010-10-19,18.805000,19.030001,18.600000,18.885000,16.075857,242600
2010-10-20,19.030001,19.270000,18.500000,18.575001,15.811973,201600
2010-10-21,18.660000,18.870001,18.525000,18.785000,15.990736,245400
2010-10-22,18.799999,18.799999,18.549999,18.785000,15.990736,144200
2010-10-25,18.879999,19.170000,18.799999,19.065001,16.229078,184000
2010-10-26,18.885000,19.065001,18.629999,18.695000,15.914122,130200
2010-10-27,18.600000,18.715000,18.264999,18.450001,15.705557,248000
2010-10-28,18.684999,18.725000,18.309999,18.485001,15.735355,124800
2010-10-29,18.385000,18.620001,18.350000,18.570000,15.807711,129200
2010-11-01,18.590000,18.815001,18.309999,18.445000,15.701303,166200
2010-11-02,18.650000,18.815001,18.485001,18.790001,15.994982,162400
2010-11-03,18.809999,19.120001,18.695000,19.059999,16.224823,107400
2010-11-04,19.325001,19.495001,19.174999,19.469999,16.573837,188600
2010-11-05,19.430000,20.040001,19.430000,20.004999,17.029259,175200
2010-11-08,20.000000,20.200001,19.889999,20.040001,17.059053,130800
2010-11-09,20.010000,20.125000,19.639999,19.885000,16.927107,178000
2010-11-10,19.879999,20.065001,19.520000,20.065001,17.080324,120000
2010-11-11,19.855000,20.000000,19.709999,19.820000,16.871777,61200
2010-11-12,19.575001,19.850000,19.465000,19.475000,16.578093,55600
2010-11-15,19.575001,19.635000,19.105000,19.155001,16.305689,59000
2010-11-16,19.010000,19.180000,18.785000,18.930000,16.114162,109400
2010-11-17,19.010000,19.065001,18.680000,18.834999,16.033293,84400
2010-11-18,19.040001,19.370001,18.920000,19.040001,16.207798,90200
2010-11-19,19.049999,19.370001,18.940001,19.275000,16.407843,65000
2010-11-22,19.260000,19.330000,18.930000,19.165001,16.314211,67600
2010-11-23,18.930000,18.945000,18.700001,18.865000,16.058826,75800
2010-11-24,19.040001,19.410000,19.040001,19.275000,16.407843,73800
2010-11-26,19.040001,19.434999,19.040001,19.309999,16.437637,34200
2010-11-29,19.155001,19.155001,18.665001,19.045000,16.212055,65800
2010-11-30,18.799999,18.844999,18.549999,18.635000,15.863040,119000
2010-12-01,18.985001,19.415001,18.985001,19.225000,16.365280,109800
2010-12-02,19.280001,19.389999,19.155001,19.389999,16.505732,56800
2010-12-03,19.254999,19.750000,19.254999,19.645000,16.722807,89200
2010-12-06,19.555000,19.750000,19.360001,19.735001,16.799421,117000
2010-12-07,19.850000,19.965000,19.365000,19.455000,16.561068,89400
2010-12-08,19.510000,19.549999,19.250000,19.254999,16.390820,57200
2010-12-09,19.455000,19.520000,18.980000,19.299999,16.429129,75800
2010-12-10,19.299999,19.365000,18.915001,19.309999,16.437637,105600
2010-12-13,19.415001,19.584999,19.020000,19.055000,16.220566,60200
2010-12-14,19.165001,19.260000,19.094999,19.135000,16.288666,99600
2010-12-15,19.125000,19.575001,19.110001,19.450001,16.556814,106000
2010-12-16,19.450001,19.780001,19.285000,19.770000,16.829210,112800
2010-12-17,19.875000,19.895000,19.139999,19.225000,16.365280,345200
2010-12-20,19.350000,19.415001,18.655001,18.985001,16.160984,97000
2010-12-21,19.125000,19.334999,18.959999,19.285000,16.416359,84800
2010-12-22,19.379999,19.590000,19.160000,19.549999,16.641939,92800
2010-12-23,19.504999,20.155001,19.504999,20.014999,17.037764,126200
2010-12-27,20.040001,20.270000,19.959999,20.245001,17.233551,61600
2010-12-28,20.225000,20.590000,20.160000,20.490000,17.442108,100000
2010-12-29,20.500000,20.600000,19.965000,19.969999,16.999460,46200
2010-12-30,19.900000,20.360001,19.799999,20.275000,17.259090,88400
2010-12-31,20.195000,20.450001,19.920000,20.004999,17.029259,70600
2011-01-03,20.235001,20.580000,20.110001,20.514999,17.463392,183200
2011-01-04,20.500000,20.500000,20.025000,20.040001,17.059053,202600
2011-01-05,19.934999,20.250000,19.920000,20.250000,17.237812,81600
2011-01-06,20.230000,20.240000,19.420000,19.590000,16.675985,155800
2011-01-07,19.545000,19.805000,19.010000,19.150000,16.301437,379000
2011-01-10,19.070000,19.125000,18.635000,18.709999,15.926885,254000
2011-01-11,18.780001,18.780001,18.084999,18.309999,15.586381,188200
2011-01-12,18.385000,18.445000,18.129999,18.250000,15.535312,99600
2011-01-13,18.309999,18.540001,18.155001,18.280001,15.560848,73600
2011-01-14,18.235001,18.365000,18.055000,18.254999,15.539569,110600
2011-01-18,18.115000,18.235001,17.875000,18.110001,15.416141,159400
2011-01-19,18.025000,18.230000,17.764999,18.125000,15.428901,296600
2011-01-20,18.000000,18.174999,18.000000,18.155001,15.454441,127000
2011-01-21,18.605000,19.780001,18.500000,19.385000,16.501484,330000
2011-01-24,19.434999,20.195000,19.355000,20.004999,17.029259,190200
2011-01-25,19.900000,20.000000,19.594999,19.975000,17.003719,104400
2011-01-26,19.995001,20.940001,19.955000,20.735001,17.650663,217000
2011-01-27,20.625000,20.695000,20.145000,20.475000,17.429338,129000
2011-01-28,20.445000,20.445000,19.719999,19.895000,16.935616,153600
2011-01-31,19.950001,20.135000,19.860001,20.045000,17.063303,119800
2011-02-01,20.139999,20.670000,20.035000,20.475000,17.429338,112800
2011-02-02,20.230000,20.370001,19.959999,20.010000,17.138136,50400
2011-02-03,20.025000,20.459999,19.879999,20.395000,17.467886,96000
2011-02-04,20.325001,20.600000,20.275000,20.395000,17.467886,99600
2011-02-07,20.360001,20.934999,20.295000,20.600000,17.643461,93200
2011-02-08,20.530001,20.690001,20.360001,20.665001,17.699131,83200
2011-02-09,20.514999,20.674999,20.129999,20.370001,17.446468,85200
2011-02-10,20.155001,20.315001,20.059999,20.299999,17.386520,67000
2011-02-11,20.145000,20.545000,20.145000,20.545000,17.596355,62800
2011-02-14,20.475000,20.610001,20.379999,20.575001,17.622055,70400
2011-02-15,20.510000,20.690001,20.340000,20.385000,17.459320,129800
2011-02-16,20.450001,20.610001,20.410000,20.535000,17.587791,58800
2011-02-17,20.495001,20.860001,20.415001,20.820000,17.831888,176600
2011-02-18,20.924999,21.639999,20.834999,21.600000,18.499943,188600
2011-02-22,21.375000,21.510000,21.110001,21.375000,18.307232,142800
2011-02-23,21.264999,21.365000,20.995001,21.105000,18.075987,166400
2011-02-24,21.040001,21.320000,20.955000,21.230000,18.183041,110600
2011-02-25,21.285000,21.559999,21.195000,21.545000,18.452839,85400
2011-02-28,21.570000,21.730000,21.299999,21.330000,18.268692,59800
2011-03-01,21.325001,21.420000,20.879999,20.905001,17.904692,73000
2011-03-02,20.860001,21.020000,20.740000,20.950001,17.943228,46200
2011-03-03,21.120001,21.245001,20.870001,21.000000,17.986057,69000
2011-03-04,21.040001,21.049999,20.745001,21.040001,18.020313,66400
2011-03-07,21.090000,21.184999,20.745001,20.995001,17.981777,93000
2011-03-08,21.040001,22.040001,20.985001,21.990000,18.833967,80400
2011-03-09,21.900000,22.245001,21.895000,21.940001,18.791142,70800
2011-03-10,21.719999,21.750000,21.250000,21.500000,18.414293,106800
2011-03-11,21.379999,21.910000,21.305000,21.635000,18.529917,90000
2011-03-14,21.500000,21.795000,21.400000,21.610001,18.508503,81800
2011-03-15,21.075001,21.660000,20.799999,21.535000,18.444269,80400
2011-03-16,21.309999,21.695000,21.230000,21.389999,18.320084,103200
2011-03-17,21.635000,21.775000,21.445000,21.500000,18.414293,63600
2011-03-18,21.610001,22.320000,21.580000,22.299999,19.099472,112400
2011-03-21,22.430000,23.200001,22.430000,23.150000,19.827478,143200
2011-03-22,23.125000,23.205000,22.695000,22.750000,19.484896,132000
2011-03-23,22.680000,22.790001,22.365000,22.610001,19.364983,40400
2011-03-24,22.700001,22.700001,22.264999,22.415001,19.197973,69000
2011-03-25,22.430000,22.924999,22.330000,22.475000,19.249361,81200
2011-03-28,22.455000,22.830000,22.434999,22.469999,19.245075,51000
2011-03-29,22.395000,22.825001,22.330000,22.805000,19.531994,54800
2011-03-30,22.820000,22.945000,22.750000,22.799999,19.527716,75200
2011-03-31,22.700001,22.924999,22.700001,22.799999,19.527716,63800
2011-04-01,22.950001,23.180000,22.860001,22.990000,19.690445,83800
2011-04-04,23.000000,23.455000,23.000000,23.400000,20.041605,88000
2011-04-05,23.275000,23.815001,23.139999,23.745001,20.337091,58800
2011-04-06,23.760000,23.959999,23.639999,23.690001,20.289976,201000
2011-04-07,23.820000,23.820000,23.250000,23.395000,20.037319,201800
2011-04-08,22.645000,23.059999,22.020000,22.879999,19.596231,409200
2011-04-11,22.799999,23.410000,22.799999,23.355000,20.003063,229000
2011-04-12,23.065001,23.325001,22.950001,22.950001,19.656187,128600
2011-04-13,22.895000,23.035000,22.235001,22.379999,19.167994,119600
2011-04-14,22.105000,22.570000,22.105000,22.510000,19.279331,86000
2011-04-15,22.459999,22.735001,22.245001,22.690001,19.433502,140000
2011-04-18,22.309999,22.309999,21.610001,21.840000,18.705496,147600
2011-04-19,21.805000,21.850000,21.275000,21.500000,18.520294,136800
2011-04-20,21.530001,22.155001,21.530001,22.125000,19.058674,172600
2011-04-21,22.205000,22.275000,21.715000,21.795000,18.774405,75800
2011-04-25,21.684999,21.760000,21.334999,21.405001,18.438452,60800
2011-04-26,21.334999,21.900000,21.334999,21.750000,18.735649,123600
2011-04-27,21.719999,21.795000,21.565001,21.709999,18.701187,83200
2011-04-28,21.639999,21.815001,21.440001,21.799999,18.778711,46200
2011-04-29,21.750000,22.059999,21.750000,21.889999,18.856243,56000
2011-05-02,21.940001,21.950001,21.520000,21.520000,18.537519,58000
2011-05-03,21.455000,21.565001,21.075001,21.240000,18.296328,94000
2011-05-04,21.200001,21.510000,20.940001,21.090000,18.167114,76000
2011-05-05,20.889999,21.465000,20.844999,21.174999,18.240332,140400
2011-05-06,21.379999,21.660000,21.020000,21.110001,18.184351,99400
2011-05-09,21.155001,21.309999,20.969999,21.290001,18.339397,88000
2011-05-10,21.344999,21.975000,21.315001,21.959999,18.916540,121600
2011-05-11,21.930000,21.959999,21.209999,21.360001,18.399696,95800
2011-05-12,21.190001,21.915001,21.025000,21.674999,18.671040,130000
2011-05-13,21.740000,21.830000,20.850000,21.100000,18.175722,117600
2011-05-16,20.910000,21.424999,20.625000,20.985001,18.076666,153800
2011-05-17,20.805000,21.250000,20.795000,21.165001,18.231718,133000
2011-05-18,21.155001,21.695000,21.155001,21.535000,18.550440,92200
2011-05-19,21.684999,21.745001,21.129999,21.605000,18.610744,154600
2011-05-20,21.500000,21.790001,21.344999,21.530001,18.546137,84400
2011-05-23,21.160000,21.180000,20.900000,20.924999,18.024977,96200
2011-05-24,21.059999,21.059999,20.420000,20.719999,17.848402,102400
2011-05-25,20.625000,21.055000,20.575001,20.930000,18.029282,128200
2011-05-26,20.840000,21.365000,20.674999,21.350000,18.391079,89800
2011-05-27,21.400000,21.655001,21.355000,21.594999,18.602119,152800
2011-05-31,21.860001,22.059999,21.650000,22.059999,19.002682,170600
2011-06-01,21.990000,21.990000,20.950001,21.070000,18.149885,117400
2011-06-02,21.055000,21.315001,20.684999,20.930000,18.029282,134200
2011-06-03,20.639999,21.120001,20.625000,21.004999,18.093893,123000
2011-06-06,21.094999,21.129999,20.610001,20.645000,17.783791,144600
2011-06-07,20.795000,20.969999,20.695000,20.775000,17.895767,54400
2011-06-08,20.660000,20.735001,20.459999,20.584999,17.732100,103000
2011-06-09,20.635000,21.100000,20.490000,20.930000,18.029282,101200
2011-06-10,20.775000,21.100000,20.645000,20.735001,17.861317,171600
2011-06-13,20.785000,21.205000,20.719999,20.924999,18.024977,90400
2011-06-14,21.145000,21.389999,20.985001,21.309999,18.356625,79200
2011-06-15,21.059999,21.270000,20.730000,20.795000,17.912998,63200
2011-06-16,20.760000,20.920000,20.315001,20.665001,17.801012,133800
2011-06-17,20.750000,20.790001,20.264999,20.635000,17.775175,208600
2011-06-20,20.495001,20.684999,20.405001,20.635000,17.775175,110400
2011-06-21,20.850000,21.514999,20.785000,21.405001,18.438452,94600
2011-06-22,21.230000,21.870001,21.230000,21.280001,18.330778,156400
2011-06-23,20.995001,21.434999,20.690001,21.379999,18.416927,167600
2011-06-24,21.405001,22.030001,21.350000,21.745001,18.731344,375600
2011-06-27,21.754999,22.059999,21.725000,21.950001,18.907928,75600
2011-06-28,22.010000,22.400000,21.920000,22.370001,19.269722,193400
2011-06-29,22.495001,22.995001,22.200001,22.844999,19.678894,360000
2011-06-30,22.875000,23.120001,22.830000,22.900000,19.726267,106800
2011-07-01,25.125000,26.459999,24.565001,25.510000,21.974539,861400
2011-07-05,25.500000,26.650000,25.465000,26.190001,22.560301,544200
2011-07-06,26.045000,26.245001,25.525000,26.115000,22.495693,190200
2011-07-07,26.309999,26.615000,26.059999,26.305000,22.659359,113800
2011-07-08,25.889999,26.014999,25.665001,25.865000,22.280336,337000
2011-07-11,25.440001,25.775000,25.365000,25.504999,21.970234,183200
2011-07-12,25.395000,25.760000,25.320000,25.420000,21.897009,164400
2011-07-13,25.309999,25.920000,25.215000,25.719999,22.264925,171600
2011-07-14,25.715000,25.745001,24.930000,25.004999,21.645971,259200
2011-07-15,25.075001,25.080000,24.735001,25.000000,21.641644,125200
2011-07-18,24.975000,25.150000,24.645000,24.760000,21.433882,185800
2011-07-19,24.924999,25.395000,24.705000,25.309999,21.910000,409200
2011-07-20,25.305000,25.395000,24.889999,25.340000,21.935968,142800
2011-07-21,25.514999,25.855000,25.315001,25.730000,22.273577,197000
2011-07-22,25.725000,26.400000,25.549999,26.350000,22.810293,305400
2011-07-25,26.245001,26.250000,25.820000,26.049999,22.550592,227800
2011-07-26,26.075001,26.190001,25.754999,25.920000,22.438055,258800
2011-07-27,25.950001,26.000000,25.125000,25.215000,21.827761,338800
2011-07-28,25.135000,25.344999,25.065001,25.240000,21.849400,165200
2011-07-29,24.809999,25.334999,24.629999,25.014999,21.654629,124600
2011-08-01,25.450001,25.525000,25.125000,25.325001,21.922987,361800
2011-08-02,25.105000,25.440001,24.305000,24.334999,21.065977,223200
2011-08-03,24.395000,24.420000,23.625000,24.219999,20.966425,187000
2011-08-04,23.805000,24.049999,22.510000,22.590000,19.555386,238200
2011-08-05,22.870001,22.870001,21.450001,21.870001,18.932116,248200
2011-08-08,20.995001,21.870001,20.285000,20.285000,17.560022,344800
2011-08-09,21.000000,22.145000,20.065001,22.075001,19.109575,360200
2011-08-10,21.415001,21.514999,20.285000,20.355000,17.620623,288000
2011-08-11,20.584999,21.924999,20.275000,21.690001,18.776289,263600
2011-08-12,21.900000,21.900000,20.775000,20.995001,18.174654,237800
2011-08-15,20.995001,21.629999,20.995001,21.600000,18.698381,127200
2011-08-16,21.215000,22.049999,21.090000,22.000000,19.044647,300200
2011-08-17,22.070000,22.645000,21.889999,22.254999,19.265394,204000
2011-08-18,21.340000,21.615000,20.590000,20.965000,18.148678,289600
2011-08-19,20.959999,21.440001,20.565001,21.245001,18.391066,294000
2011-08-22,21.905001,21.930000,20.879999,21.040001,18.213612,174600
2011-08-23,21.240000,22.135000,21.035000,22.090000,19.122559,163400
2011-08-24,21.990000,22.754999,21.934999,22.629999,19.590014,105200
2011-08-25,22.840000,22.965000,21.924999,22.049999,19.087927,143400
2011-08-26,21.879999,23.139999,21.545000,22.865000,19.793446,101800
2011-08-29,23.139999,24.340000,22.955000,24.285000,21.022697,285800
2011-08-30,24.125000,24.260000,23.670000,24.049999,20.819262,134800
2011-08-31,24.205000,24.290001,23.445000,23.665001,20.485975,151000
2011-09-01,23.645000,23.945000,22.785000,22.995001,19.905983,152000
2011-09-02,22.405001,22.700001,22.000000,22.165001,19.187483,235200
2011-09-06,21.690001,22.115000,21.275000,22.070000,19.105242,118000
2011-09-07,22.549999,23.014999,22.250000,22.965000,19.880013,173200
2011-09-08,22.680000,22.840000,22.145000,22.254999,19.265394,90000
2011-09-09,21.959999,22.059999,21.174999,21.450001,18.568527,201400
2011-09-12,21.030001,21.639999,20.920000,21.520000,18.629124,73000
2011-09-13,21.549999,21.940001,21.410000,21.735001,18.815245,99200
2011-09-14,21.889999,22.594999,21.344999,22.129999,19.157181,150200
2011-09-15,22.365000,22.430000,21.740000,22.405001,19.395247,130600
2011-09-16,22.525000,22.549999,21.785000,21.990000,19.035986,232000
2011-09-19,21.545000,21.920000,21.180000,21.655001,18.745991,129600
2011-09-20,21.735001,21.870001,21.370001,21.430000,18.551222,198200
2011-09-21,21.370001,21.594999,20.430000,20.459999,17.711523,109400
2011-09-22,19.590000,20.100000,19.385000,19.834999,17.170481,249200
2011-09-23,19.764999,20.405001,19.525000,19.910000,17.235407,186400
2011-09-26,20.045000,20.375000,19.485001,20.295000,17.568689,95200
2011-09-27,20.834999,21.450001,20.434999,20.709999,17.927935,168400
2011-09-28,20.680000,20.680000,19.400000,19.410000,16.802572,136400
2011-09-29,19.879999,20.110001,18.850000,20.094999,17.395548,232000
2011-09-30,19.295000,19.850000,18.760000,19.385000,16.780935,479800
2011-10-03,19.155001,20.215000,18.860001,18.889999,16.352428,245600
2011-10-04,18.655001,20.950001,18.594999,20.650000,17.875999,297400
2011-10-05,20.645000,21.129999,20.070000,20.495001,17.741817,170400
2011-10-06,20.480000,20.895000,20.219999,20.805000,18.010174,106000
2011-10-07,20.924999,20.924999,19.615000,19.865000,17.196451,182800
2011-10-10,20.295000,20.920000,20.275000,20.915001,18.105404,185600
2011-10-11,20.670000,21.299999,20.580000,21.150000,18.308828,186000
2011-10-12,21.110001,21.504999,20.740000,21.285000,18.535240,124200
2011-10-13,21.094999,21.139999,20.754999,21.035000,18.317541,102400
2011-10-14,21.260000,21.594999,21.025000,21.555000,18.770363,88400
2011-10-17,21.270000,21.270000,20.400000,20.514999,17.864716,141200
2011-10-18,20.600000,21.480000,20.240000,21.309999,18.557011,205800
2011-10-19,21.245001,21.459999,20.500000,20.665001,17.995337,118200
2011-10-20,20.719999,20.735001,20.094999,20.715000,18.038879,123400
2011-10-21,21.120001,21.120001,20.725000,21.094999,18.369795,90800
2011-10-24,21.115000,21.975000,21.014999,21.879999,19.053373,152800
2011-10-25,21.639999,21.719999,21.165001,21.219999,18.478642,81600
2011-10-26,21.740000,21.889999,21.030001,21.639999,18.844381,126600
2011-10-27,21.940001,23.690001,21.930000,23.385000,20.363947,203200
2011-10-28,23.205000,23.575001,22.885000,22.955000,19.989500,100600
2011-10-31,22.535000,22.750000,22.225000,22.330000,19.445240,115200
2011-11-01,21.365000,22.139999,20.850000,21.285000,18.535240,153400
2011-11-02,21.719999,22.370001,21.665001,22.320000,19.436531,148800
2011-11-03,22.635000,23.215000,22.145000,23.020000,20.046103,131800
2011-11-04,22.655001,22.655001,21.764999,22.174999,19.310263,149200
2011-11-07,22.145000,22.145000,21.424999,21.920000,19.088203,89200
2011-11-08,22.065001,22.145000,21.355000,22.014999,19.170933,117000
2011-11-09,21.320000,21.480000,20.615000,20.674999,18.004047,172800
2011-11-10,21.065001,21.084999,20.459999,20.705000,18.030172,209200
2011-11-11,20.995001,21.145000,20.725000,20.850000,18.156441,307800
2011-11-14,20.745001,20.945000,20.530001,20.655001,17.986631,468000
2011-11-15,20.510000,21.410000,20.400000,21.250000,18.504766,146200
2011-11-16,21.030001,22.040001,20.980000,21.430000,18.661512,210800
2011-11-17,21.379999,21.719999,20.834999,21.040001,18.321890,66800
2011-11-18,21.055000,21.465000,20.930000,21.170000,18.435097,104000
2011-11-21,20.719999,20.844999,20.540001,20.555000,17.899549,111400
2011-11-22,20.510000,20.785000,20.190001,20.205000,17.594767,82400
2011-11-23,20.014999,20.014999,19.559999,19.594999,17.063566,88600
2011-11-25,19.504999,19.790001,19.010000,19.010000,16.554142,55000
2011-11-28,19.695000,20.020000,19.555000,19.885000,17.316109,147000
2011-11-29,19.920000,19.995001,19.740000,19.860001,17.294334,84400
2011-11-30,20.730000,21.240000,20.730000,21.174999,18.439453,240600
2011-12-01,21.030001,21.350000,20.895000,20.985001,18.273998,77600
2011-12-02,21.355000,21.540001,21.059999,21.385000,18.622322,128600
2011-12-05,21.740000,22.045000,21.440001,21.540001,18.757301,131400
2011-12-06,21.629999,22.020000,21.490000,21.785000,18.970648,102600
2011-12-07,21.740000,22.705000,21.590000,22.565001,19.649885,307400
2011-12-08,22.334999,22.334999,21.725000,21.775000,18.961943,230800
2011-12-09,21.775000,22.645000,21.775000,22.420000,19.523609,213800
2011-12-12,22.025000,22.170000,21.799999,22.059999,19.210121,224000
2011-12-13,22.240000,22.395000,21.270000,21.285000,18.535240,151000
2011-12-14,21.120001,21.410000,20.830000,21.105000,18.378492,177600
2011-12-15,21.434999,21.549999,21.129999,21.540001,18.757301,175200
2011-12-16,21.680000,22.129999,21.565001,21.790001,18.975008,254600
2011-12-19,21.990000,22.150000,21.549999,21.690001,18.887922,105000
2011-12-20,22.129999,22.955000,22.129999,22.790001,19.845808,169400
2011-12-21,22.790001,23.014999,22.299999,22.900000,19.941603,108600
2011-12-22,22.940001,23.150000,22.750000,22.780001,19.837105,65800
2011-12-23,22.830000,23.025000,22.785000,22.915001,19.954662,23600
2011-12-27,22.895000,23.684999,22.764999,23.469999,20.437965,99800
2011-12-28,23.360001,23.360001,22.424999,22.485001,19.580210,59600
2011-12-29,22.510000,22.934999,22.510000,22.820000,19.871933,68800
2011-12-30,22.719999,23.040001,22.625000,22.719999,19.784849,95200
2012-01-03,23.344999,23.389999,22.549999,22.855000,19.902414,147800
2012-01-04,22.665001,23.080000,22.559999,22.945000,19.980789,62200
2012-01-05,22.785000,23.190001,22.195000,22.875000,19.919840,103000
2012-01-06,23.135000,23.959999,21.870001,22.520000,19.610693,287000
2012-01-09,22.725000,23.145000,22.514999,22.840000,19.889353,122200
2012-01-10,23.219999,23.754999,23.219999,23.705000,20.642611,186200
2012-01-11,23.655001,23.750000,23.549999,23.625000,20.572945,85600
2012-01-12,23.625000,23.825001,23.410000,23.750000,20.681793,45600
2012-01-13,23.400000,23.625000,23.230000,23.340000,20.324766,79600
2012-01-17,23.594999,23.815001,23.200001,23.420000,20.394426,157400
2012-01-18,23.410000,24.355000,23.315001,24.280001,21.143324,135200
2012-01-19,24.360001,24.440001,24.045000,24.135000,21.017056,165400
2012-01-20,23.995001,24.325001,23.770000,23.834999,20.755810,171600
2012-01-23,23.850000,24.000000,23.290001,23.480000,20.446674,101000
2012-01-24,23.295000,23.655001,23.295000,23.615000,20.564236,137000
2012-01-25,23.500000,23.840000,23.340000,23.740000,20.673082,129400
2012-01-26,23.945000,23.995001,23.635000,23.875000,20.790642,116800
2012-01-27,23.770000,24.250000,23.770000,24.129999,21.012699,173400
2012-01-30,24.035000,24.350000,23.879999,24.230000,21.099775,152200
2012-01-31,24.445000,24.660000,24.219999,24.545000,21.374092,146000
2012-02-01,24.670000,25.605000,24.495001,25.490000,22.310625,163200
2012-02-02,25.504999,25.844999,25.440001,25.594999,22.402527,264200
2012-02-03,26.150000,26.480000,25.924999,26.219999,22.949574,157000
2012-02-06,26.135000,26.219999,25.549999,25.684999,22.481310,100200
2012-02-07,25.584999,25.834999,25.545000,25.740000,22.529438,148200
2012-02-08,25.725000,25.870001,24.924999,25.184999,22.043674,285000
2012-02-09,25.240000,25.240000,24.875000,25.110001,21.978029,128400
2012-02-10,24.764999,25.094999,24.565001,24.705000,21.623539,75800
2012-02-13,24.940001,25.200001,24.785000,25.059999,21.934269,105200
2012-02-14,25.020000,25.115000,24.250000,24.540001,21.479124,92600
2012-02-15,24.610001,24.709999,24.055000,24.160000,21.146523,75800
2012-02-16,24.129999,24.915001,23.990000,24.855000,21.754827,69800
2012-02-17,24.945000,25.150000,24.855000,25.135000,21.999905,93400
2012-02-21,25.219999,25.575001,25.094999,25.465000,22.288748,99400
2012-02-22,25.360001,25.570000,25.350000,25.420000,22.249357,65400
2012-02-23,25.420000,25.799999,25.230000,25.684999,22.481310,81400
2012-02-24,25.670000,25.754999,25.465000,25.594999,22.402527,62000
2012-02-27,25.285000,25.950001,25.110001,25.709999,22.503187,86200
2012-02-28,25.629999,25.629999,25.155001,25.280001,22.126825,93600
2012-02-29,25.430000,25.790001,25.090000,25.100000,21.969278,106600
2012-03-01,25.309999,25.805000,25.309999,25.670000,22.468174,168000
2012-03-02,25.660000,25.680000,24.645000,24.725000,21.641050,109200
2012-03-05,24.625000,25.045000,24.525000,24.980000,21.864241,41400
2012-03-06,24.615000,24.785000,24.455000,24.575001,21.509764,62400
2012-03-07,24.695000,24.975000,24.575001,24.945000,21.833605,63800
2012-03-08,25.225000,25.305000,24.785000,25.125000,21.991154,72200
2012-03-09,25.070000,25.670000,24.885000,25.530001,22.345638,58800
2012-03-12,25.520000,25.740000,25.370001,25.684999,22.481310,55200
2012-03-13,25.715000,26.010000,25.559999,25.985001,22.743885,161600
2012-03-14,25.990000,26.120001,25.760000,25.940001,22.704498,48600
2012-03-15,25.915001,26.160000,25.615000,26.160000,22.897058,64200
2012-03-16,26.150000,26.299999,25.920000,26.155001,22.892681,112000
2012-03-19,26.035000,26.760000,25.760000,26.650000,23.325943,169000
2012-03-20,26.355000,26.469999,25.799999,25.889999,22.660732,60000
2012-03-21,25.985001,26.110001,25.715000,25.840000,22.616972,41000
2012-03-22,25.520000,25.764999,25.184999,25.410000,22.240608,69400
2012-03-23,25.334999,26.100000,25.139999,26.084999,22.831417,74800
2012-03-26,26.405001,26.735001,26.325001,26.600000,23.282177,61200
2012-03-27,26.575001,26.715000,26.230000,26.235001,22.962709,47200
2012-03-28,26.200001,26.219999,25.700001,25.965000,22.726379,67000
2012-03-29,25.740000,26.094999,25.580000,25.740000,22.529438,47800
2012-03-30,26.055000,26.174999,25.750000,25.820000,22.599468,112200
2012-04-02,25.795000,27.090000,25.775000,26.900000,23.544760,137800
2012-04-03,26.754999,26.764999,26.209999,26.305000,23.023973,49400
2012-04-04,25.924999,26.045000,25.674999,25.815001,22.595091,96000
2012-04-05,25.780001,26.165001,25.605000,25.924999,22.691370,107400
2012-04-09,25.040001,25.555000,24.105000,24.320000,21.286562,225800
2012-04-10,24.305000,24.545000,23.330000,23.600000,20.656368,170400
2012-04-11,23.879999,24.549999,23.754999,24.299999,21.269060,163200
2012-04-12,24.415001,24.795000,24.400000,24.590000,21.522882,66000
2012-04-13,24.500000,24.500000,24.025000,24.070000,21.067747,62600
2012-04-16,24.260000,24.660000,24.020000,24.355000,21.317204,60000
2012-04-17,24.650000,25.084999,24.650000,24.905001,21.798597,94800
2012-04-18,24.625000,24.700001,24.240000,24.299999,21.376350,60000
2012-04-19,24.245001,24.535000,23.745001,23.885000,21.011286,59400
2012-04-20,24.215000,24.535000,24.139999,24.355000,21.424730,98000
2012-04-23,23.870001,23.980000,23.580000,23.900000,21.024475,85000
2012-04-24,23.895000,24.375000,23.855000,24.334999,21.407137,80400
2012-04-25,24.674999,25.205000,24.674999,25.070000,22.053703,113200
2012-04-26,25.025000,25.440001,25.000000,25.165001,22.137272,76400
2012-04-27,25.334999,25.485001,25.090000,25.415001,22.357193,48600
2012-04-30,25.545000,25.985001,25.545000,25.855000,22.744259,192000
2012-05-01,25.930000,26.375000,25.670000,25.764999,22.665085,141400
2012-05-02,25.504999,26.684999,25.455000,26.650000,23.443604,134000
2012-05-03,26.565001,26.885000,26.344999,26.695000,23.483192,186000
2012-05-04,26.430000,26.469999,26.094999,26.135000,22.990568,114800
2012-05-07,25.945000,26.480000,25.830000,26.430000,23.250074,92000
2012-05-08,26.160000,26.665001,26.065001,26.620001,23.417215,127000
2012-05-09,26.219999,26.650000,26.174999,26.500000,23.311651,114000
2012-05-10,26.700001,26.850000,26.459999,26.719999,23.505186,54800
2012-05-11,26.430000,26.975000,26.430000,26.924999,23.685513,74000
2012-05-14,26.525000,26.889999,26.219999,26.475000,23.289663,104600
2012-05-15,26.415001,26.830000,26.309999,26.690001,23.478792,56000
2012-05-16,26.740000,26.870001,26.469999,26.520000,23.329250,116800
2012-05-17,26.485001,26.485001,26.100000,26.145000,22.999369,99800
2012-05-18,26.090000,27.000000,26.090000,26.815001,23.588755,192600
2012-05-21,26.975000,26.975000,26.385000,26.754999,23.535969,186000
2012-05-22,26.750000,26.820000,26.405001,26.635000,23.430412,188000
2012-05-23,26.290001,26.590000,26.070000,26.535000,23.342442,220000
2012-05-24,26.500000,26.754999,26.240000,26.754999,23.535969,74400
2012-05-25,26.775000,26.775000,26.525000,26.740000,23.522776,93400
2012-05-29,26.959999,27.105000,26.590000,27.004999,23.755901,74400
2012-05-30,26.695000,27.320000,26.639999,27.219999,23.945028,381200
2012-05-31,27.225000,27.309999,26.365000,26.815001,23.588755,186200
2012-06-01,26.260000,26.645000,26.135000,26.270000,23.109325,127000
2012-06-04,26.465000,26.504999,25.770000,25.820000,22.713469,174800
2012-06-05,25.700001,25.945000,24.965000,25.115000,22.093290,297400
2012-06-06,25.275000,25.915001,25.160000,25.860001,22.748652,128000
2012-06-07,26.180000,26.500000,25.770000,25.775000,22.673882,94800
2012-06-08,25.700001,26.165001,25.520000,26.045000,22.911398,103600
2012-06-11,26.334999,26.334999,25.504999,25.525000,22.453960,74600
2012-06-12,25.719999,26.600000,25.565001,26.545000,23.351236,123800
2012-06-13,26.520000,26.730000,26.090000,26.330000,23.162106,157200
2012-06-14,26.434999,26.820000,26.129999,26.705000,23.491991,69400
2012-06-15,26.730000,26.985001,26.389999,26.799999,23.575565,123000
2012-06-18,26.700001,26.799999,26.355000,26.405001,23.228086,115800
2012-06-19,26.594999,27.035000,26.365000,26.945000,23.703114,133400
2012-06-20,26.934999,26.934999,26.459999,26.655001,23.448006,151000
2012-06-21,26.660000,26.980000,26.165001,26.295000,23.131323,81200
2012-06-22,26.410000,27.105000,26.410000,26.985001,23.738300,119800
2012-06-25,26.465000,26.514999,26.084999,26.115000,22.972975,95800
2012-06-26,26.129999,26.215000,25.570000,25.684999,22.594711,124200
2012-06-27,25.740000,25.770000,25.045000,25.450001,22.387987,178000
2012-06-28,25.160000,25.670000,24.885000,25.660000,22.572720,218200
2012-06-29,30.445000,30.715000,28.945000,30.629999,26.944746,584000
2012-07-02,30.520000,32.465000,30.520000,32.439999,28.536980,401200
2012-07-03,32.544998,33.450001,32.540001,33.445000,29.421066,200800
2012-07-05,33.445000,33.599998,33.115002,33.139999,29.152763,238400
2012-07-06,32.939999,33.105000,32.695000,32.759998,28.818476,120200
2012-07-09,33.044998,33.264999,32.779999,33.130001,29.143965,165200
2012-07-10,33.255001,33.325001,32.355000,32.509998,28.706873,149600
2012-07-11,32.500000,32.500000,32.235001,32.345001,28.561178,126400
2012-07-12,32.125000,32.474998,32.029999,32.325001,28.543514,240600
2012-07-13,32.410000,32.514999,32.355000,32.404999,28.614153,173800
2012-07-16,32.279999,32.474998,32.145000,32.380001,28.592083,111600
2012-07-17,32.474998,32.500000,32.305000,32.485001,28.684805,143000
2012-07-18,32.325001,32.700001,32.325001,32.505001,28.702457,159800
2012-07-19,32.654999,32.974998,31.809999,32.200001,28.433134,174800
2012-07-20,31.900000,32.270000,31.730000,31.799999,28.079927,96800
2012-07-23,31.495001,31.855000,31.125000,31.160000,27.514801,95200
2012-07-24,31.180000,31.180000,30.549999,30.715000,27.121859,68800
2012-07-25,30.924999,31.225000,30.764999,30.900000,27.285213,83000
2012-07-26,31.264999,31.264999,30.405001,30.635000,27.051216,97200
2012-07-27,30.684999,31.540001,30.290001,31.400000,27.726727,138000
2012-07-30,31.469999,31.735001,31.055000,31.325001,27.660500,75600
2012-07-31,31.070000,31.270000,30.660000,30.709999,27.117439,99000
2012-08-01,30.950001,31.260000,30.000000,30.049999,26.534653,139900
2012-08-02,29.840000,31.709999,29.719999,31.080000,27.444159,178300
2012-08-03,31.559999,32.060001,31.330000,31.670000,27.965136,92400
2012-08-06,31.760000,32.639999,31.760000,31.850000,28.124084,118800
2012-08-07,32.189999,32.189999,31.670000,31.709999,28.000463,144200
2012-08-08,31.639999,32.000000,31.389999,31.830000,28.106424,114200
2012-08-09,31.889999,31.889999,31.360001,31.610001,27.912159,113100
2012-08-10,31.440001,31.629999,31.150000,31.400000,27.726727,102700
2012-08-13,31.340000,31.639999,31.139999,31.500000,27.815027,112700
2012-08-14,31.750000,32.049999,31.590000,31.870001,28.141743,100200
2012-08-15,31.799999,31.850000,31.540001,31.750000,28.035778,108400
2012-08-16,31.750000,32.490002,31.520000,32.380001,28.592083,158500
2012-08-17,32.560001,32.830002,32.160000,32.810001,28.971785,106500
2012-08-20,32.570000,32.610001,32.200001,32.520000,28.715702,67500
2012-08-21,32.730000,33.130001,32.320000,32.400002,28.609739,59600
2012-08-22,32.310001,32.310001,31.540001,31.860001,28.132917,43700
2012-08-23,31.910000,31.910000,31.219999,31.549999,27.859177,52700
2012-08-24,31.430000,32.230000,31.430000,31.900000,28.168234,76600
2012-08-27,32.020000,32.759998,31.900000,32.549999,28.742195,88300
2012-08-28,32.400002,32.630001,32.160000,32.520000,28.715702,76900
2012-08-29,32.639999,33.110001,32.410000,32.790001,28.954123,54700
2012-08-30,32.520000,32.680000,31.850000,31.850000,28.124084,53600
2012-08-31,32.200001,32.200001,31.540001,31.760000,28.044613,96400
2012-09-04,31.860001,32.709999,31.400000,32.349998,28.565596,130000
2012-09-05,32.250000,32.619999,32.040001,32.189999,28.424301,67500
2012-09-06,32.470001,33.459999,32.259998,33.310001,29.413290,109400
2012-09-07,33.520000,34.099998,33.340000,33.840000,29.881285,100100
2012-09-10,33.849998,33.939999,33.139999,33.360001,29.457441,83300
2012-09-11,33.470001,34.560001,33.459999,34.130001,30.137354,313900
2012-09-12,34.349998,34.570000,33.880001,34.020000,30.040228,59300
2012-09-13,34.230000,34.830002,33.810001,34.820000,30.746641,122000
2012-09-14,35.049999,35.450001,34.759998,35.119999,31.011547,85500
2012-09-17,34.930000,34.930000,34.459999,34.599998,30.552378,65300
2012-09-18,34.680000,34.689999,34.299999,34.680000,30.623018,105000
2012-09-19,34.910000,34.980000,34.540001,34.590000,30.543547,116300
2012-09-20,34.459999,35.099998,34.180000,34.910000,30.826117,119600
2012-09-21,35.410000,35.410000,34.500000,34.500000,30.464073,170800
2012-09-24,34.349998,35.439999,34.000000,35.279999,31.152822,115100
2012-09-25,35.500000,35.860001,34.740002,34.779999,30.711321,134700
2012-09-26,34.889999,35.099998,34.490002,34.750000,30.684826,74500
2012-09-27,34.869999,35.130001,34.470001,34.759998,30.693653,185600
2012-09-28,39.349998,40.660000,37.799999,37.980000,33.536983,1049000
2012-10-01,37.980000,38.299999,36.939999,37.250000,32.892376,313300
2012-10-02,37.400002,37.770000,36.790001,36.990002,32.662781,175700
2012-10-03,37.040001,37.040001,36.529999,36.590000,32.309589,187900
2012-10-04,36.669998,36.939999,36.279999,36.860001,32.548000,147400
2012-10-05,36.950001,37.180000,36.529999,36.610001,32.327244,162600
2012-10-08,36.509998,36.740002,36.200001,36.439999,32.177113,137700
2012-10-09,36.439999,36.470001,35.400002,35.560001,31.400078,114600
2012-10-10,35.459999,36.139999,35.340000,36.090000,31.994032,112400
2012-10-11,36.500000,36.630001,36.180000,36.259998,32.144733,127600
2012-10-12,36.259998,36.490002,35.799999,35.939999,31.861061,109500
2012-10-15,35.919998,36.099998,35.459999,35.660000,31.612827,108800
2012-10-16,35.810001,36.320000,35.810001,36.029999,31.940842,79800
2012-10-17,36.150002,36.680000,36.139999,36.580002,32.428429,148400
2012-10-18,36.700001,37.189999,36.599998,36.810001,32.632317,193100
2012-10-19,36.669998,36.669998,35.639999,35.799999,31.736950,190800
2012-10-22,35.880001,36.759998,35.880001,36.669998,32.508205,146200
2012-10-23,36.380001,36.380001,35.849998,36.040001,31.949711,75300
2012-10-24,36.209999,36.340000,36.020000,36.169998,32.064960,74100
2012-10-25,36.470001,36.820000,35.759998,36.099998,32.002892,58800
2012-10-26,36.150002,36.389999,35.439999,35.910000,31.834461,56700
2012-10-31,35.880001,40.189999,35.880001,39.439999,34.963833,399000
2012-11-01,39.480000,40.400002,38.340000,38.820000,34.414200,340000
2012-11-02,38.919998,39.060001,37.150002,37.180000,32.960342,191200
2012-11-05,38.439999,39.090000,37.950001,38.849998,34.440792,239200
2012-11-06,39.099998,39.660000,38.509998,38.970001,34.547180,236100
2012-11-07,38.599998,38.630001,37.299999,37.320000,33.084423,158700
2012-11-08,37.720001,38.060001,37.570000,37.709999,33.430168,116800
2012-11-09,37.430000,37.689999,36.840000,36.880001,32.694370,92500
2012-11-12,37.240002,37.540001,37.009998,37.369999,33.128761,102300
2012-11-13,37.279999,38.810001,37.080002,38.250000,33.908894,225000
2012-11-14,38.259998,38.490002,35.650002,35.770000,31.710350,173800
2012-11-15,35.689999,36.099998,34.849998,36.020000,31.931980,211900
2012-11-16,35.860001,36.049999,35.000000,35.889999,31.816746,114000
2012-11-19,36.299999,36.549999,35.889999,36.150002,32.047226,84100
2012-11-20,36.070000,36.419998,36.040001,36.389999,32.259987,132200
2012-11-21,36.430000,36.849998,35.980000,36.110001,32.011772,76000
2012-11-23,36.169998,37.360001,36.169998,37.310001,33.075581,53300
2012-11-26,37.320000,37.669998,36.910000,37.180000,32.960342,83600
2012-11-27,37.230000,37.759998,37.189999,37.189999,32.969193,107300
2012-11-28,37.160000,37.160000,36.090000,36.750000,32.579128,98100
2012-11-29,37.099998,38.110001,37.099998,38.009998,33.696133,79100
2012-11-30,38.060001,38.400002,37.900002,38.119999,33.793629,186900
2012-12-03,38.320000,38.380001,37.660000,37.849998,33.554295,69300
2012-12-04,37.820000,38.169998,37.400002,38.099998,33.775913,92300
2012-12-05,38.270000,38.369999,37.130001,37.180000,32.960342,105300
2012-12-06,37.189999,37.279999,36.750000,37.000000,32.800755,110200
2012-12-07,37.250000,37.250000,36.380001,36.869999,32.685501,72000
2012-12-10,36.939999,37.040001,36.209999,37.000000,32.800755,177000
2012-12-11,37.160000,37.419998,37.029999,37.250000,33.022392,122500
2012-12-12,37.439999,37.439999,36.200001,36.349998,32.224529,102100
2012-12-13,36.380001,36.639999,35.740002,35.790001,31.728079,87000
2012-12-14,35.639999,36.480000,35.639999,35.990002,31.905382,82500
2012-12-17,36.060001,36.299999,35.139999,35.630001,31.586252,161800
2012-12-18,35.630001,35.919998,35.119999,35.720001,31.666037,275500
2012-12-19,35.650002,36.099998,35.279999,35.790001,31.728079,193500
2012-12-20,35.799999,36.279999,35.790001,36.000000,31.914263,168600
2012-12-21,35.669998,36.150002,35.189999,36.000000,31.914263,346200
2012-12-24,35.939999,36.130001,35.730000,36.099998,32.002892,35900
2012-12-26,36.099998,36.759998,35.700001,35.720001,31.666037,111600
2012-12-27,35.680000,35.930000,35.200001,35.520000,31.488728,106300
2012-12-28,35.320000,36.180000,35.119999,35.840000,31.772413,253800
2012-12-31,35.810001,38.630001,35.680000,38.430000,34.068459,336400
2013-01-02,39.450001,39.900002,38.919998,39.599998,35.105667,240400
2013-01-03,39.599998,39.790001,38.750000,38.970001,34.547180,67800
2013-01-04,39.310001,39.830002,39.060001,39.490002,35.008160,120900
2013-01-07,39.389999,39.389999,38.790001,38.990002,34.564903,131500
2013-01-08,39.090000,39.869999,39.009998,39.810001,35.291836,249400
2013-01-09,40.750000,41.509998,39.049999,40.029999,35.486862,472000
2013-01-10,40.389999,41.500000,39.680000,41.500000,36.790035,342500
2013-01-11,41.410000,41.700001,40.750000,40.939999,36.293587,215600
2013-01-14,40.820000,41.200001,40.730000,40.810001,36.178356,218100
2013-01-15,40.619999,41.150002,40.389999,40.849998,36.213814,165600
2013-01-16,40.810001,40.910000,40.410000,40.759998,36.134018,100300
2013-01-17,40.869999,41.340000,40.869999,41.320000,36.630455,104400
2013-01-18,39.639999,40.169998,38.180000,40.080002,35.531200,577600
2013-01-22,40.060001,40.759998,39.779999,40.660000,36.045368,150800
2013-01-23,40.660000,40.660000,40.160000,40.259998,35.690769,94100
2013-01-24,40.320000,41.150002,40.060001,40.990002,36.337917,162000
2013-01-25,41.389999,43.630001,41.389999,43.619999,38.669426,314800
2013-01-28,43.820000,44.139999,42.759998,42.860001,37.995693,170100
2013-01-29,42.869999,43.169998,42.509998,43.020000,38.137516,117400
2013-01-30,42.900002,42.939999,42.150002,42.369999,37.683922,129000
2013-01-31,42.299999,43.200001,42.250000,42.790001,38.057476,124000
2013-02-01,43.169998,43.619999,42.900002,43.619999,38.795681,217800
2013-02-04,43.259998,43.389999,42.759998,42.939999,38.190895,156200
2013-02-05,43.259998,43.650002,43.049999,43.270000,38.484390,186300
2013-02-06,43.119999,43.770000,43.099998,43.750000,38.911301,116900
2013-02-07,43.799999,43.900002,43.290001,43.790001,38.946899,125000
2013-02-08,43.880001,44.950001,43.840000,44.540001,39.613941,211700
2013-02-11,44.669998,44.720001,44.150002,44.400002,39.489429,85400
2013-02-12,44.470001,44.700001,44.049999,44.270000,39.373798,133700
2013-02-13,44.349998,45.169998,44.310001,44.900002,39.934116,166700
2013-02-14,44.889999,45.430000,44.529999,44.799999,39.845181,172700
2013-02-15,45.000000,45.480000,44.880001,44.980000,40.005276,127100
2013-02-19,45.119999,45.410000,45.000000,45.250000,40.245415,291800
2013-02-20,45.220001,45.490002,44.320000,44.349998,39.444946,117800
2013-02-21,43.049999,43.160000,40.209999,40.939999,36.412075,719500
2013-02-22,41.259998,41.740002,40.970001,41.720001,37.105820,184300
2013-02-25,42.450001,44.939999,42.450001,43.430000,38.626698,446000
2013-02-26,43.869999,44.389999,43.380001,44.200001,39.311539,161000
2013-02-27,44.189999,45.360001,44.150002,44.799999,39.845181,120800
2013-02-28,44.860001,44.990002,44.430000,44.660000,39.720661,131600
2013-03-01,44.369999,45.689999,43.910000,45.360001,40.343246,155900
2013-03-04,45.360001,46.220001,45.310001,46.060001,40.965828,293800
2013-03-05,46.270000,46.759998,45.860001,45.980000,40.894669,199700
2013-03-06,46.200001,46.310001,45.700001,45.950001,40.867989,113700
2013-03-07,46.040001,46.459999,45.990002,46.430000,41.294899,83800
2013-03-08,46.900002,47.389999,46.410000,47.360001,42.122044,149500
2013-03-11,47.360001,47.490002,47.060001,47.150002,41.935272,102600
2013-03-12,47.169998,47.410000,46.820000,47.360001,42.122044,140200
2013-03-13,47.349998,47.900002,47.060001,47.709999,42.433334,77900
2013-03-14,47.939999,47.959999,47.509998,47.860001,42.566746,117300
2013-03-15,48.000000,48.000000,47.240002,47.250000,42.024204,210200
2013-03-18,46.849998,47.860001,46.599998,47.689999,42.415550,124700
2013-03-19,47.950001,48.189999,46.509998,47.310001,42.077583,139700
2013-03-20,47.790001,47.980000,47.549999,47.840000,42.548958,80800
2013-03-21,47.889999,49.099998,47.209999,47.590000,42.326611,249400
2013-03-22,47.740002,48.090000,47.610001,48.040001,42.726833,79900
2013-03-25,48.349998,48.930000,47.630001,48.009998,42.700157,126300
2013-03-26,48.259998,48.500000,47.930000,48.209999,42.878029,92000
2013-03-27,47.959999,48.500000,47.650002,48.250000,42.913609,108500
2013-03-28,48.410000,48.630001,47.910000,48.200001,42.869137,91400
2013-04-01,48.230000,48.320000,46.570000,46.720001,41.552830,242800
2013-04-02,47.099998,47.610001,46.590000,46.939999,41.748478,160400
2013-04-03,46.779999,46.980000,45.290001,45.419998,40.396614,158700
2013-04-04,45.520000,46.330002,45.290001,46.279999,41.161476,131100
2013-04-05,45.459999,46.459999,44.849998,46.320000,41.197063,196100
2013-04-08,46.599998,47.470001,45.919998,46.320000,41.197063,271300
2013-04-09,46.509998,46.799999,45.070000,45.220001,40.218727,321700
2013-04-10,45.410000,46.680000,45.279999,46.500000,41.357166,156000
2013-04-11,46.160000,46.509998,45.840000,46.139999,41.036976,143900
2013-04-12,45.840000,46.029999,44.889999,45.020000,40.040840,103000
2013-04-15,44.660000,44.910000,42.290001,42.560001,37.852909,356500
2013-04-16,42.900002,43.360001,42.799999,43.169998,38.395451,181100
2013-04-17,42.709999,42.779999,41.290001,41.730000,37.235462,135800
2013-04-18,41.779999,42.009998,41.130001,41.490002,37.021328,162900
2013-04-19,41.490002,41.950001,41.000000,41.939999,37.422848,169800
2013-04-22,42.060001,42.619999,41.000000,42.369999,37.806534,194200
2013-04-23,42.660000,43.130001,42.189999,43.099998,38.457912,268800
2013-04-24,43.209999,43.849998,43.020000,43.639999,38.939751,174300
2013-04-25,43.639999,44.250000,43.470001,43.830002,39.109295,121700
2013-04-26,43.830002,43.830002,42.689999,42.970001,38.341919,110600
2013-04-29,43.060001,43.200001,42.599998,42.889999,38.270542,93800
2013-04-30,42.590000,42.770000,41.900002,42.290001,37.735146,166100
2013-05-01,42.110001,42.400002,40.709999,40.959999,36.548405,266400
2013-05-02,41.160000,41.919998,40.959999,41.799999,37.297924,292700
2013-05-03,42.459999,42.980000,42.459999,42.750000,38.145615,188900
2013-05-06,42.750000,42.880001,42.200001,42.599998,38.011761,113100
2013-05-07,42.750000,43.080002,42.349998,43.070000,38.431137,108200
2013-05-08,42.919998,43.220001,42.500000,42.930000,38.306217,75500
2013-05-09,42.740002,42.990002,42.369999,42.430000,37.860077,85600
2013-05-10,42.549999,42.549999,42.029999,42.250000,37.699459,96300
2013-05-13,42.169998,42.389999,41.590000,42.029999,37.503162,110300
2013-05-14,41.919998,42.580002,41.240002,41.740002,37.244396,189400
2013-05-15,41.490002,41.939999,41.169998,41.900002,37.387161,171400
2013-05-16,41.849998,42.709999,41.700001,42.590000,38.002827,86900
2013-05-17,42.680000,43.189999,42.259998,43.169998,38.520378,130900
2013-05-20,43.180000,43.680000,43.180000,43.500000,38.814831,182700
2013-05-21,43.529999,43.889999,43.200001,43.599998,38.904045,102500
2013-05-22,43.610001,43.660000,41.730000,42.080002,37.547768,100400
2013-05-23,41.459999,42.209999,41.299999,41.910000,37.396076,72000
2013-05-24,41.730000,42.139999,41.000000,41.980000,37.458546,102500
2013-05-28,42.619999,44.169998,42.450001,43.529999,38.841599,147700
2013-05-29,43.070000,43.130001,41.950001,42.270000,37.717312,80000
2013-05-30,42.400002,42.500000,41.720001,42.000000,37.476402,86900
2013-05-31,41.709999,42.080002,41.380001,41.480000,37.012390,103000
2013-06-03,41.540001,42.029999,40.950001,41.639999,37.155155,178000
2013-06-04,41.580002,41.830002,40.950001,41.459999,36.994556,148900
2013-06-05,41.270000,41.410000,40.709999,41.130001,36.700100,74200
2013-06-06,41.029999,41.610001,40.830002,41.599998,37.119465,117900
2013-06-07,41.970001,42.090000,41.160000,41.900002,37.387161,59700
2013-06-10,41.959999,42.700001,41.730000,42.529999,37.949299,102300
2013-06-11,41.860001,42.430000,41.419998,42.169998,37.628086,89100
2013-06-12,42.450001,42.900002,41.869999,41.990002,37.467468,74000
2013-06-13,42.060001,43.020000,41.889999,42.910000,38.288383,88100
2013-06-14,42.799999,42.799999,42.180000,42.610001,38.020691,72500
2013-06-17,43.090000,43.090000,42.290001,42.910000,38.288383,93500
2013-06-18,43.099998,44.139999,42.910000,43.700001,38.993279,133700
2013-06-19,43.750000,43.919998,42.919998,42.930000,38.306217,59200
2013-06-20,42.270000,42.270000,41.290001,41.500000,37.030239,93600
2013-06-21,41.630001,42.180000,40.959999,41.700001,37.208702,193300
2013-06-24,41.310001,41.520000,40.119999,41.090000,36.664394,113100
2013-06-25,41.490002,41.639999,40.910000,41.580002,37.101624,108400
2013-06-26,42.060001,42.740002,41.439999,41.689999,37.199776,155800
2013-06-27,42.119999,43.250000,42.070000,43.099998,38.457912,121500
2013-06-28,40.349998,40.349998,36.200001,38.560001,34.406895,756800
2013-07-01,38.450001,39.099998,36.689999,36.880001,32.907841,552900
2013-07-02,36.770000,36.770000,34.810001,35.759998,31.908464,740900
2013-07-03,35.470001,35.970001,35.349998,35.930000,32.060150,321900
2013-07-05,36.450001,36.650002,35.930000,36.480000,32.550919,263100
2013-07-08,36.599998,36.599998,35.520000,35.740002,31.890625,356600
2013-07-09,35.930000,35.930000,34.980000,35.310001,31.506941,505600
2013-07-10,35.580002,35.669998,34.610001,35.400002,31.712994,391500
2013-07-11,35.740002,36.720001,35.740002,36.680000,32.859665,535000
2013-07-12,36.560001,37.209999,36.389999,36.950001,33.101543,551700
2013-07-15,36.750000,37.080002,36.720001,36.799999,32.967167,412900
2013-07-16,36.750000,36.799999,35.840000,36.200001,32.429653,294500
2013-07-17,36.259998,36.430000,35.889999,36.310001,32.528206,261100
2013-07-18,36.330002,36.610001,35.930000,36.320000,32.537151,243300
2013-07-19,36.299999,37.130001,36.029999,37.090000,33.226963,199500
2013-07-22,37.060001,37.860001,36.750000,37.720001,33.791355,315100
2013-07-23,37.799999,38.150002,37.570000,38.090000,34.122803,254600
2013-07-24,38.150002,38.299999,37.709999,37.910000,33.961555,265100
2013-07-25,37.810001,38.250000,37.689999,38.139999,34.167595,197700
2013-07-26,37.919998,38.150002,37.820000,37.990002,34.033222,187500
2013-07-29,37.959999,38.160000,37.700001,37.919998,33.970509,194000
2013-07-30,38.040001,38.040001,37.700001,37.810001,33.871979,118800
2013-07-31,37.939999,38.250000,37.750000,37.830002,33.889893,133600
2013-08-01,38.189999,39.180000,37.820000,39.099998,35.027626,370500
2013-08-02,39.080002,39.080002,38.290001,38.389999,34.391560,185200
2013-08-05,38.240002,38.500000,38.000000,38.209999,34.230312,85500
2013-08-06,38.189999,38.459999,37.299999,37.750000,33.818214,166200
2013-08-07,37.630001,37.950001,37.410000,37.799999,33.863007,134800
2013-08-08,38.090000,38.459999,37.970001,38.290001,34.301975,64000
2013-08-09,38.279999,38.419998,37.730000,37.889999,33.943645,64600
2013-08-12,37.730000,38.060001,37.730000,37.970001,34.015305,84500
2013-08-13,38.000000,38.060001,37.529999,37.990002,34.033222,65800
2013-08-14,38.080002,38.240002,37.669998,37.750000,33.818214,83900
2013-08-15,37.490002,37.580002,36.869999,37.380001,33.486767,130800
2013-08-16,37.250000,37.799999,37.250000,37.369999,33.477795,76000
2013-08-19,37.270000,37.490002,36.130001,36.290001,32.510292,114800
2013-08-20,36.349998,36.959999,36.330002,36.689999,32.868614,52000
2013-08-21,36.610001,36.939999,36.220001,36.419998,32.626747,48300
2013-08-22,36.450001,37.279999,36.450001,37.270000,33.388206,59600
2013-08-23,37.290001,37.380001,36.930000,37.340000,33.450920,60300
2013-08-26,37.330002,37.970001,37.310001,37.779999,33.845104,111300
2013-08-27,37.270000,37.419998,36.970001,37.099998,33.235920,265100
2013-08-28,37.180000,37.540001,37.029999,37.259998,33.379250,175900
2013-08-29,37.250000,37.680000,37.160000,37.400002,33.504673,98400
2013-08-30,37.340000,37.689999,37.259998,37.540001,33.630104,140100
2013-09-03,38.209999,38.419998,37.349998,37.720001,33.791355,344200
2013-09-04,37.860001,38.250000,37.730000,38.049999,34.086967,120800
2013-09-05,38.150002,39.970001,38.000000,39.650002,35.520325,276700
2013-09-06,39.889999,40.720001,39.689999,40.240002,36.048882,324900
2013-09-09,40.299999,40.549999,39.889999,40.299999,36.102631,221600
2013-09-10,40.480000,40.990002,40.320000,40.660000,36.425129,160000
2013-09-11,40.580002,41.209999,40.410000,40.900002,36.640141,127700
2013-09-12,40.910000,41.040001,40.410000,40.599998,36.371380,241400
2013-09-13,40.869999,41.020000,40.500000,40.770000,36.523682,165600
2013-09-16,41.410000,41.490002,41.009998,41.299999,36.998470,185400
2013-09-17,41.230000,42.880001,41.119999,42.470001,38.046623,304600
2013-09-18,42.349998,42.820000,41.750000,42.549999,38.118282,166800
2013-09-19,42.750000,43.330002,42.540001,42.849998,38.387035,220000
2013-09-20,43.090000,44.689999,43.080002,43.860001,39.291840,402700
2013-09-23,43.900002,43.939999,43.340000,43.669998,39.121632,258300
2013-09-24,43.619999,43.639999,43.020000,43.220001,38.718513,317400
2013-09-25,43.330002,43.820000,42.759998,43.169998,38.673714,204700
2013-09-26,43.299999,43.299999,42.810001,43.110001,38.619961,391600
2013-09-27,39.220001,43.090000,37.500000,42.230000,37.831619,1183200
2013-09-30,41.840000,42.360001,41.119999,41.860001,37.500141,432500
2013-10-01,41.799999,42.139999,41.380001,42.099998,37.715149,341400
2013-10-02,41.840000,42.279999,41.560001,42.189999,37.795780,189800
2013-10-03,42.009998,42.009998,41.009998,41.500000,37.177643,190000
2013-10-04,41.349998,41.369999,41.090000,41.279999,36.980560,269600
2013-10-07,41.060001,41.369999,40.610001,40.939999,36.675980,455200
2013-10-08,41.029999,41.220001,39.950001,40.299999,36.102631,253600
2013-10-09,40.270000,40.270000,39.669998,40.020000,35.976772,197000
2013-10-10,40.680000,40.869999,40.349998,40.759998,36.642014,98200
2013-10-11,40.720001,41.639999,40.720001,41.619999,37.415115,103500
2013-10-14,41.230000,42.029999,41.099998,42.000000,37.756744,131200
2013-10-15,41.830002,41.830002,41.560001,41.790001,37.567947,159500
2013-10-16,42.080002,42.529999,41.730000,42.520000,38.224201,146200
2013-10-17,42.419998,43.439999,42.130001,43.439999,39.051243,226500
2013-10-18,43.740002,44.049999,43.369999,43.810001,39.383877,152300
2013-10-21,43.799999,43.880001,43.259998,43.540001,39.141159,124000
2013-10-22,43.799999,44.340000,43.730000,44.150002,39.689522,125700
2013-10-23,44.000000,44.320000,43.880001,44.209999,39.743458,86900
2013-10-24,44.380001,44.730000,44.180000,44.560001,40.058105,87000
2013-10-25,44.750000,44.830002,44.220001,44.349998,39.869301,119400
2013-10-28,44.290001,44.650002,43.919998,44.439999,39.950226,93800
2013-10-29,44.450001,44.730000,44.090000,44.459999,39.968204,120900
2013-10-30,44.450001,44.990002,44.410000,44.549999,40.049107,115500
2013-10-31,44.669998,45.470001,44.570000,44.900002,40.363739,147500
2013-11-01,44.820000,44.959999,44.240002,44.389999,39.905273,152400
2013-11-04,44.459999,45.320000,44.410000,45.259998,40.687382,100900
2013-11-05,45.139999,45.500000,44.349998,44.759998,40.237892,108800
2013-11-06,45.049999,45.189999,44.700001,44.900002,40.363739,103600
2013-11-07,44.980000,45.090000,43.509998,43.639999,39.231045,138800
2013-11-08,43.599998,44.740002,43.599998,44.720001,40.201931,82300
2013-11-11,44.700001,44.910000,44.040001,44.720001,40.201931,78700
2013-11-12,44.540001,44.840000,44.410000,44.830002,40.300823,100300
2013-11-13,44.650002,45.759998,44.270000,45.160000,40.597477,141500
2013-11-14,45.209999,45.490002,44.840000,45.410000,40.822212,41000
2013-11-15,45.400002,46.470001,45.310001,46.389999,41.703201,123600
2013-11-18,46.570000,46.900002,46.169998,46.430000,41.739178,79600
2013-11-19,46.320000,46.980000,45.889999,46.080002,41.424530,105800
2013-11-20,46.310001,46.419998,45.950001,46.270000,41.595337,68200
2013-11-21,46.540001,46.919998,46.320000,46.799999,42.071789,110400
2013-11-22,46.889999,47.759998,46.650002,47.669998,42.853889,98300
2013-11-25,47.830002,47.869999,46.900002,47.040001,42.287540,64900
2013-11-26,47.130001,48.459999,47.130001,48.320000,43.438217,80600
2013-11-27,48.500000,49.099998,48.080002,48.400002,43.510143,91300
2013-11-29,48.709999,49.470001,48.509998,48.880001,43.941643,53400
2013-12-02,49.049999,49.459999,47.830002,48.299999,43.420242,114400
2013-12-03,48.299999,48.619999,46.799999,47.160000,42.395416,114000
2013-12-04,46.900002,48.000000,46.290001,46.840000,42.107750,74800
2013-12-05,46.840000,47.029999,45.980000,46.470001,41.775135,121500
2013-12-06,47.090000,47.770000,46.689999,47.209999,42.440369,101000
2013-12-09,47.150002,47.380001,46.480000,46.759998,42.035839,163100
2013-12-10,46.599998,47.480000,46.389999,46.509998,41.811092,165100
2013-12-11,46.700001,46.759998,45.840000,46.009998,41.361595,147200
2013-12-12,46.009998,46.509998,45.810001,45.860001,41.226765,169300
2013-12-13,46.040001,46.189999,45.450001,45.849998,41.217766,100000
2013-12-16,46.040001,46.720001,45.689999,46.560001,41.856033,135900
2013-12-17,46.500000,47.860001,46.380001,47.599998,42.790966,139200
2013-12-18,47.720001,48.430000,47.139999,48.400002,43.510143,176200
2013-12-19,48.459999,48.700001,47.650002,48.020000,43.168533,125800
2013-12-20,47.990002,49.240002,47.990002,48.869999,43.932648,211800
2013-12-23,49.150002,49.150002,48.540001,48.930000,43.986588,87400
2013-12-24,49.139999,49.500000,48.900002,49.299999,44.319206,37100
2013-12-26,49.500000,49.590000,49.040001,49.369999,44.382145,72900
2013-12-27,49.599998,49.639999,48.810001,49.380001,44.391125,66500
2013-12-30,49.400002,49.529999,48.389999,49.299999,44.319206,86500
2013-12-31,49.490002,49.520000,48.459999,48.860001,43.923660,174900
2014-01-02,48.750000,48.750000,47.299999,47.689999,42.871872,172700
2014-01-03,47.689999,47.970001,47.340000,47.599998,42.790966,144700
2014-01-06,47.599998,47.660000,46.340000,46.740002,42.017853,194200
2014-01-07,46.990002,47.020000,46.070000,46.939999,42.197643,233800
2014-01-08,44.000000,44.000000,40.299999,40.389999,36.309380,1114500
2014-01-09,40.250000,40.490002,40.000000,40.340000,36.264439,554200
2014-01-10,40.419998,40.970001,40.090000,40.340000,36.264439,308100
2014-01-13,40.209999,40.509998,40.000000,40.250000,36.183540,252600
2014-01-14,40.540001,41.060001,40.180000,40.320000,36.246464,194000
2014-01-15,40.520000,41.200001,40.180000,41.060001,36.911697,185000
2014-01-16,41.090000,41.480000,40.750000,41.169998,37.010586,103400
2014-01-17,41.090000,42.849998,41.049999,42.570000,38.269138,280300
2014-01-21,42.980000,42.990002,42.360001,42.630001,38.323086,180800
2014-01-22,42.820000,42.840000,42.330002,42.580002,38.278137,91400
2014-01-23,42.500000,42.680000,42.029999,42.610001,38.305111,148900
2014-01-24,42.500000,42.500000,41.669998,41.910000,37.675823,266100
2014-01-27,43.560001,43.849998,42.209999,42.630001,38.323086,335500
2014-01-28,42.639999,42.900002,42.349998,42.889999,38.556824,209300
2014-01-29,42.500000,42.759998,41.500000,41.639999,37.555691,162600
2014-01-30,41.869999,42.290001,41.330002,41.849998,37.745102,169800
2014-01-31,41.150002,41.889999,41.029999,41.810001,37.709023,155100
2014-02-03,41.939999,42.090000,40.880001,41.040001,37.014545,249100
2014-02-04,41.150002,41.470001,40.869999,41.279999,37.231003,143100
2014-02-05,41.220001,41.410000,40.970001,41.240002,37.194931,148300
2014-02-06,41.250000,41.660000,41.119999,41.410000,37.348255,160100
2014-02-07,41.470001,42.220001,41.470001,42.189999,38.051754,178200
2014-02-10,42.290001,42.709999,42.080002,42.500000,38.331345,232400
2014-02-11,42.590000,42.709999,42.189999,42.430000,38.268192,140800
2014-02-12,42.419998,42.990002,42.230000,42.939999,38.728184,222100
2014-02-13,42.680000,42.910000,42.290001,42.750000,38.556820,94600
2014-02-14,42.759998,43.029999,42.520000,42.939999,38.728184,87800
2014-02-18,43.070000,43.470001,42.500000,43.389999,39.134041,147400
2014-02-19,43.200001,43.669998,42.880001,43.330002,39.079926,166600
2014-02-20,43.299999,43.880001,43.070000,43.750000,39.458729,103500
2014-02-21,43.970001,44.500000,43.880001,44.169998,39.837532,139800
2014-02-24,44.070000,44.779999,44.070000,44.410000,40.054005,110100
2014-02-25,44.419998,44.700001,44.090000,44.290001,39.945770,148500
2014-02-26,44.470001,45.599998,44.139999,45.119999,40.694359,200400
2014-02-27,45.000000,45.299999,44.650002,44.770000,40.378685,67600
2014-02-28,44.900002,44.970001,44.250000,44.369999,40.017918,169600
2014-03-03,44.119999,44.119999,42.779999,43.919998,39.612061,194600
2014-03-04,44.400002,45.930000,44.400002,45.009998,40.595135,213100
2014-03-05,45.060001,45.099998,44.660000,44.779999,40.387699,154100
2014-03-06,45.009998,45.689999,44.910000,45.580002,41.109226,200700
2014-03-07,45.799999,46.000000,45.250000,45.590000,41.118256,100800
2014-03-10,45.549999,45.730000,44.700001,44.720001,40.333584,159300
2014-03-11,44.700001,44.869999,43.570000,43.790001,39.494804,106500
2014-03-12,43.490002,43.820000,43.200001,43.330002,39.079926,116700
2014-03-13,43.619999,44.040001,42.549999,42.779999,38.583874,88200
2014-03-14,42.599998,43.500000,42.410000,43.369999,39.115997,84700
2014-03-17,43.500000,43.990002,43.419998,43.590000,39.314423,71400
2014-03-18,43.740002,44.720001,43.639999,44.650002,40.270454,122500
2014-03-19,44.630001,45.099998,44.599998,44.680000,40.297501,105600
2014-03-20,44.689999,44.869999,43.840000,43.959999,39.648140,86500
2014-03-21,44.180000,44.180000,43.459999,43.580002,39.305408,279600
2014-03-24,43.810001,44.000000,43.060001,43.299999,39.052868,100600
2014-03-25,43.419998,43.709999,42.950001,43.419998,39.161098,156000
2014-03-26,43.779999,43.889999,42.220001,42.230000,38.087822,112200
2014-03-27,42.299999,42.320000,41.750000,41.930000,37.817245,114300
2014-03-28,41.930000,42.160000,41.720001,41.860001,37.754112,259800
2014-03-31,41.900002,44.810001,41.500000,44.680000,40.297501,233100
2014-04-01,44.610001,44.610001,43.919998,44.369999,40.017918,148800
2014-04-02,44.419998,44.419998,43.919998,44.080002,39.756363,115800
2014-04-03,44.029999,44.540001,43.709999,44.340000,39.990864,120000
2014-04-04,45.250000,46.820000,44.270000,45.700001,41.217468,336100
2014-04-07,45.680000,45.849998,43.230000,43.320000,39.070915,218700
2014-04-08,43.240002,44.549999,43.040001,44.090000,39.765392,155300
2014-04-09,44.380001,44.869999,44.009998,44.759998,40.369659,83900
2014-04-10,44.869999,45.320000,43.509998,43.580002,39.305408,143400
2014-04-11,43.080002,43.500000,42.330002,42.500000,38.331345,94600
2014-04-14,42.959999,43.540001,42.529999,43.330002,39.079926,72300
2014-04-15,43.340000,43.500000,41.799999,43.150002,38.917583,100800
2014-04-16,43.220001,44.220001,43.220001,43.860001,39.686703,88500
2014-04-17,43.779999,44.549999,43.689999,44.430000,40.202477,77700
2014-04-21,44.580002,44.700001,43.619999,44.090000,39.894833,61300
2014-04-22,44.230000,44.400002,43.889999,44.310001,40.093903,129800
2014-04-23,44.150002,44.580002,44.099998,44.279999,40.066738,82200
2014-04-24,44.720001,44.759998,43.919998,44.410000,40.184383,71000
2014-04-25,44.200001,44.400002,43.110001,43.400002,39.270477,71500
2014-04-28,43.639999,44.189999,42.930000,43.810001,39.641464,111300
2014-04-29,44.090000,44.549999,43.380001,43.500000,39.360954,66300
2014-04-30,43.470001,43.570000,42.810001,43.419998,39.288574,106800
2014-05-01,43.230000,44.310001,42.619999,44.150002,39.949120,166100
2014-05-02,44.290001,45.000000,44.110001,44.650002,40.401539,72000
2014-05-05,44.209999,44.919998,43.790001,44.770000,40.510124,93000
2014-05-06,44.439999,44.980000,43.169998,43.200001,39.089512,75800
2014-05-07,43.369999,44.099998,42.889999,44.029999,39.840523,81700
2014-05-08,44.020000,44.770000,43.310001,43.450001,39.315716,72900
2014-05-09,43.220001,44.119999,43.110001,43.889999,39.713848,74100
2014-05-12,44.209999,46.119999,43.849998,45.799999,41.442127,119200
2014-05-13,45.709999,45.750000,44.540001,44.669998,40.419636,111900
2014-05-14,44.709999,44.860001,43.060001,43.099998,38.999027,75400
2014-05-15,42.750000,42.970001,41.980000,42.599998,38.546581,86400
2014-05-16,42.540001,42.980000,42.180000,42.750000,38.682323,44500
2014-05-19,42.720001,43.709999,42.549999,43.470001,39.333817,52600
2014-05-20,43.250000,43.439999,42.070000,42.509998,38.465168,103300
2014-05-21,42.639999,43.419998,42.160000,42.730000,38.664215,63800
2014-05-22,42.700001,43.279999,42.430000,43.080002,38.980923,38500
2014-05-23,43.080002,44.090000,42.939999,43.889999,39.713848,61200
2014-05-27,44.270000,45.400002,44.270000,44.830002,40.564407,54200
2014-05-28,44.740002,45.000000,44.509998,44.619999,40.374393,61900
2014-05-29,44.849998,44.880001,44.130001,44.209999,40.003414,49500
2014-05-30,44.419998,44.799999,44.189999,44.509998,40.274868,44900
2014-06-02,44.799999,44.799999,43.320000,43.910000,39.731953,61500
2014-06-03,43.880001,44.299999,43.259998,43.389999,39.261421,59300
2014-06-04,43.250000,44.099998,43.119999,43.700001,39.541920,51600
2014-06-05,43.660000,44.610001,43.310001,44.080002,39.885773,173400
2014-06-06,44.430000,44.980000,44.250000,44.770000,40.510124,90700
2014-06-09,44.730000,46.040001,44.730000,45.919998,41.550694,83800
2014-06-10,45.770000,46.009998,45.480000,45.910000,41.541649,36700
2014-06-11,45.509998,45.779999,45.270000,45.560001,41.224957,126400
2014-06-12,45.570000,45.810001,44.680000,44.810001,40.546318,136400
2014-06-13,45.049999,45.060001,44.200001,44.380001,40.157230,50400
2014-06-16,44.119999,44.209999,43.549999,44.070000,39.876728,54600
2014-06-17,43.849998,44.750000,43.820000,44.570000,40.329144,85200
2014-06-18,44.480000,45.060001,44.310001,45.029999,40.745380,48700
2014-06-19,45.259998,45.349998,44.680000,45.029999,40.745380,57000
2014-06-20,44.500000,44.779999,44.009998,44.220001,40.012463,225200
2014-06-23,44.529999,44.689999,43.869999,43.919998,39.741001,85400
2014-06-24,43.980000,44.770000,43.980000,44.250000,40.039604,84700
2014-06-25,43.950001,44.529999,43.849998,44.169998,39.967205,59300
2014-06-26,43.970001,43.970001,41.299999,42.029999,38.030830,435200
2014-06-27,43.000000,45.200001,43.000000,45.180000,40.881111,420400
2014-06-30,44.930000,46.090000,44.020000,46.080002,41.695465,237400
2014-07-01,46.090000,47.619999,45.880001,47.500000,42.980350,266900
2014-07-02,47.310001,47.660000,46.910000,47.660000,43.125134,207700
2014-07-03,47.700001,49.090000,47.349998,49.090000,44.419071,150300
2014-07-07,48.189999,48.619999,47.709999,48.000000,43.432777,168400
2014-07-08,47.799999,48.570000,47.119999,48.410000,43.803787,197700
2014-07-09,48.299999,48.680000,48.049999,48.400002,43.921749,148600
2014-07-10,47.400002,48.419998,47.180000,47.720001,43.304665,133500
2014-07-11,47.529999,47.750000,46.750000,47.360001,42.977974,63300
2014-07-14,47.950001,47.950001,47.060001,47.139999,42.778324,130600
2014-07-15,47.000000,47.360001,46.759998,46.840000,42.506084,140600
2014-07-16,47.090000,47.090000,46.430000,46.639999,42.324585,104300
2014-07-17,46.110001,46.889999,46.040001,46.160000,41.889004,111800
2014-07-18,45.980000,47.240002,45.660000,47.200001,42.832771,145600
2014-07-21,46.869999,47.160000,46.389999,46.959999,42.614986,65000
2014-07-22,47.000000,47.970001,47.000000,47.639999,43.232067,85800
2014-07-23,47.650002,48.049999,47.169998,47.439999,43.050571,128800
2014-07-24,47.580002,48.250000,46.660000,46.840000,42.506084,91900
2014-07-25,46.270000,46.750000,46.070000,46.320000,42.034195,72100
2014-07-28,46.220001,46.299999,45.270000,45.450001,41.244701,71700
2014-07-29,45.410000,45.639999,44.919998,45.060001,40.890781,50300
2014-07-30,45.320000,45.320000,44.689999,44.900002,40.745579,71600
2014-07-31,44.240002,44.740002,43.599998,43.639999,39.602165,188800
2014-08-01,43.759998,44.630001,42.619999,42.990002,39.012314,276300
2014-08-04,43.150002,43.500000,42.509998,42.560001,38.622097,189100
2014-08-05,42.400002,43.730000,42.389999,43.240002,39.239185,225700
2014-08-06,42.880001,44.599998,42.880001,44.049999,39.974224,145900
2014-08-07,44.070000,44.320000,43.700001,43.849998,39.792732,106900
2014-08-08,43.900002,44.720001,43.779999,44.540001,40.418896,70600
2014-08-11,44.590000,45.759998,44.509998,45.099998,40.927082,83300
2014-08-12,44.930000,45.259998,44.639999,44.970001,40.809109,57200
2014-08-13,44.970001,45.590000,44.970001,45.330002,41.135803,53300
2014-08-14,45.500000,45.730000,44.759998,45.410000,41.208397,55200
2014-08-15,45.910000,46.340000,45.110001,45.669998,41.444340,142700
2014-08-18,46.299999,46.549999,45.950001,46.450001,42.152164,98300
2014-08-19,46.500000,46.980000,46.340000,46.840000,42.506084,95000
2014-08-20,46.599998,46.599998,46.080002,46.209999,41.934368,89900
2014-08-21,46.209999,47.180000,45.240002,47.070000,42.714798,227500
2014-08-22,46.939999,46.939999,45.549999,45.610001,41.389908,96900
2014-08-25,45.740002,46.070000,45.369999,45.849998,41.607693,77800
2014-08-26,45.740002,46.619999,45.740002,46.509998,42.206631,99800
2014-08-27,46.560001,47.459999,46.450001,47.029999,42.678501,124000
2014-08-28,46.689999,46.980000,46.380001,46.590000,42.279213,80800
2014-08-29,46.509998,46.849998,46.250000,46.340000,42.052353,93100
2014-09-02,46.540001,46.790001,46.139999,46.299999,42.016048,103400
2014-09-03,46.270000,46.410000,45.369999,45.619999,41.398964,127500
2014-09-04,45.790001,46.240002,45.509998,45.669998,41.444340,54600
2014-09-05,45.480000,46.000000,45.470001,45.660000,41.435265,80000
2014-09-08,45.490002,45.790001,45.070000,45.200001,41.017834,75100
2014-09-09,45.119999,45.209999,44.580002,44.790001,40.645760,100000
2014-09-10,44.799999,45.139999,44.400002,45.119999,40.945236,66400
2014-09-11,44.849998,45.349998,44.849998,45.150002,40.972454,97800
2014-09-12,45.270000,45.270000,44.849998,44.950001,40.790962,82100
2014-09-15,44.900002,45.040001,44.110001,44.130001,40.046822,111800
2014-09-16,44.060001,44.580002,44.000000,44.250000,40.155720,97400
2014-09-17,44.340000,44.810001,44.180000,44.330002,40.228325,62100
2014-09-18,44.369999,44.770000,44.220001,44.599998,40.473339,60700
2014-09-19,44.630001,44.650002,44.090000,44.349998,40.246468,160500
2014-09-22,44.080002,44.240002,43.750000,44.000000,39.928856,143100
2014-09-23,43.869999,44.230000,43.240002,43.549999,39.520504,118500
2014-09-24,43.779999,44.080002,43.000000,43.840000,39.783665,86100
2014-09-25,43.549999,43.630001,42.650002,43.189999,39.193794,104400
2014-09-26,43.230000,43.459999,42.860001,43.209999,39.211956,58100
2014-09-29,42.779999,43.009998,42.520000,42.709999,38.758209,54800
2014-09-30,42.790001,42.860001,41.770000,41.770000,37.905190,300300
2014-10-01,36.869999,42.000000,36.840000,41.959999,38.077618,694600
2014-10-02,42.049999,43.680000,42.049999,43.220001,39.221024,228900
2014-10-03,43.549999,43.549999,42.660000,42.869999,38.903412,113600
2014-10-06,42.950001,43.150002,42.459999,42.790001,38.830818,88700
2014-10-07,42.459999,42.490002,41.950001,41.970001,38.086693,101000
2014-10-08,41.830002,43.020000,41.630001,42.990002,39.152233,129700
2014-10-09,42.919998,43.099998,42.080002,42.259998,38.487411,171100
2014-10-10,42.150002,43.090000,41.880001,42.080002,38.323479,169500
2014-10-13,42.110001,42.669998,41.959999,42.060001,38.305264,200100
2014-10-14,42.410000,42.900002,41.900002,42.230000,38.460087,170600
2014-10-15,41.500000,42.830002,41.200001,42.720001,38.906342,222200
2014-10-16,42.000000,43.730000,41.590000,43.450001,39.571175,132600
2014-10-17,43.910000,43.910000,42.830002,42.869999,39.042957,257200
2014-10-20,42.630001,43.459999,42.630001,42.889999,39.061169,124800
2014-10-21,43.009998,44.590000,42.730000,44.250000,40.299759,110600
2014-10-22,44.330002,44.779999,43.330002,43.400002,39.525639,84900
2014-10-23,43.970001,44.830002,43.919998,44.310001,40.354408,96100
2014-10-24,44.110001,44.669998,43.889999,44.320000,40.363506,65500
2014-10-27,44.049999,44.189999,43.529999,43.730000,39.826180,69100
2014-10-28,43.880001,45.410000,43.880001,45.410000,41.356201,150200
2014-10-29,45.299999,45.700001,44.849998,45.480000,41.419956,81700
2014-10-30,45.160000,46.060001,45.009998,45.919998,41.820671,147100
2014-10-31,46.880001,47.000000,45.709999,46.759998,42.585686,132000
2014-11-03,46.730000,47.439999,46.639999,47.270000,43.050167,126900
2014-11-04,47.029999,47.490002,46.730000,46.959999,42.767838,88500
2014-11-05,47.240002,47.560001,46.810001,47.290001,43.068375,100200
2014-11-06,47.389999,47.669998,46.810001,46.990002,42.795166,94800
2014-11-07,46.910000,46.910000,46.290001,46.619999,42.458191,75000
2014-11-10,46.700001,46.970001,46.200001,46.450001,42.303356,85500
2014-11-11,46.349998,46.389999,45.889999,46.119999,42.002811,69600
2014-11-12,45.750000,46.560001,45.570000,46.419998,42.276035,54900
2014-11-13,46.360001,46.599998,45.360001,45.619999,41.547459,71000
2014-11-14,45.610001,45.880001,45.049999,45.310001,41.265125,107500
2014-11-17,45.189999,45.590000,44.619999,44.750000,40.755112,179700
2014-11-18,44.810001,45.570000,44.619999,44.720001,40.727798,92000
2014-11-19,44.820000,44.849998,44.020000,44.480000,40.509232,70400
2014-11-20,44.180000,44.849998,44.119999,44.700001,40.709576,89400
2014-11-21,45.439999,45.880001,44.980000,45.360001,41.310665,77200
2014-11-24,45.419998,46.270000,45.419998,46.189999,42.066574,75200
2014-11-25,46.110001,46.599998,45.590000,46.029999,41.920849,114100
2014-11-26,46.020000,46.310001,45.730000,46.110001,41.993710,73000
2014-11-28,45.810001,45.810001,44.650002,44.779999,40.782440,90300
2014-12-01,44.750000,44.750000,43.669998,43.689999,39.789753,111300
2014-12-02,43.919998,44.910000,43.919998,44.869999,40.864407,94500
2014-12-03,44.759998,46.230000,44.759998,46.110001,41.993710,92200
2014-12-04,45.950001,46.549999,45.610001,46.130001,42.011940,122600
2014-12-05,46.070000,46.750000,46.070000,46.369999,42.230499,61700
2014-12-08,46.090000,46.730000,45.299999,45.520000,41.456379,125900
2014-12-09,44.869999,47.189999,44.820000,47.040001,42.840694,130300
2014-12-10,46.709999,47.320000,45.389999,45.740002,41.656746,149400
2014-12-11,45.869999,46.779999,45.720001,46.090000,41.975498,85500
2014-12-12,45.360001,45.799999,44.860001,44.869999,40.864407,113200
2014-12-15,45.130001,45.209999,44.000000,44.110001,40.172268,91600
2014-12-16,43.889999,45.610001,43.820000,44.880001,40.873512,146400
2014-12-17,44.869999,45.730000,44.529999,45.599998,41.529240,200600
2014-12-18,46.049999,46.400002,45.450001,46.259998,42.130325,111500
2014-12-19,46.099998,47.000000,45.939999,46.740002,42.567474,246500
2014-12-22,46.740002,47.299999,46.470001,47.290001,43.068375,93200
2014-12-23,47.500000,47.959999,46.630001,46.790001,42.613007,129900
2014-12-24,46.669998,46.750000,46.509998,46.720001,42.549255,69300
2014-12-26,46.750000,47.189999,46.580002,47.150002,42.940872,48900
2014-12-29,47.250000,47.720001,47.000000,47.200001,42.986408,87500
2014-12-30,47.259998,47.770000,46.980000,47.509998,43.268738,89100
2014-12-31,47.570000,47.660000,46.759998,46.919998,42.731388,118400
2015-01-02,47.130001,47.349998,45.560001,46.509998,42.357998,102700
2015-01-05,46.119999,46.439999,44.930000,45.259998,41.219601,168800
2015-01-06,45.470001,45.740002,43.240002,43.470001,39.589390,187600
2015-01-07,43.900002,44.029999,43.270000,43.950001,40.026535,141900
2015-01-08,44.349998,45.500000,44.040001,45.410000,41.356201,199400
2015-01-09,46.000000,46.000000,42.049999,42.240002,38.469193,396700
2015-01-12,42.110001,42.730000,41.330002,41.930000,38.186855,323900
2015-01-13,42.340000,42.799999,40.520000,40.980000,37.321667,241800
2015-01-14,40.270000,41.340000,40.049999,40.119999,36.538452,266800
2015-01-15,40.320000,40.360001,38.750000,38.880001,35.409130,265300
2015-01-16,38.639999,39.450001,38.639999,39.220001,35.718788,196000
2015-01-20,39.180000,40.070000,38.939999,39.320000,35.809864,212900
2015-01-21,39.320000,40.330002,39.320000,40.310001,36.711483,181700
2015-01-22,40.520000,42.080002,39.990002,41.750000,38.022930,193100
2015-01-23,41.930000,42.189999,41.330002,41.480000,37.777039,120800
2015-01-26,41.570000,42.880001,40.900002,42.700001,38.888130,170200
2015-01-27,42.099998,42.730000,42.020000,42.259998,38.487411,101400
2015-01-28,42.169998,42.680000,41.860001,42.119999,38.496548,158700
2015-01-29,42.099998,42.889999,41.520000,42.860001,39.172890,108000
2015-01-30,42.459999,42.910000,42.020000,42.189999,38.560520,152900
2015-02-02,42.369999,43.259998,42.090000,43.240002,39.520195,86700
2015-02-03,43.459999,44.820000,43.430000,44.730000,40.882015,140100
2015-02-04,44.330002,44.500000,42.459999,42.619999,38.953533,194000
2015-02-05,42.660000,43.759998,42.549999,43.529999,39.785248,81100
2015-02-06,43.480000,44.369999,43.270000,44.009998,40.223946,124600
2015-02-09,43.990002,44.410000,43.540001,43.610001,39.858360,63800
2015-02-10,43.959999,43.959999,43.040001,43.490002,39.748688,70000
2015-02-11,43.340000,44.169998,42.799999,44.040001,40.251377,148300
2015-02-12,44.119999,44.700001,44.119999,44.639999,40.799763,128200
2015-02-13,44.750000,45.209999,44.250000,44.860001,41.000835,127000
2015-02-17,45.000000,45.240002,44.410000,44.610001,40.772335,57100
2015-02-18,44.389999,45.799999,44.389999,45.599998,41.677170,97900
2015-02-19,45.360001,45.900002,45.029999,45.810001,41.869110,93300
2015-02-20,45.799999,45.950001,45.020000,45.919998,41.969643,118500
2015-02-23,45.860001,45.880001,44.919998,45.630001,41.704586,75300
2015-02-24,45.529999,45.849998,45.009998,45.459999,41.549213,113400
2015-02-25,45.270000,45.820000,44.849998,45.810001,41.869110,149400
2015-02-26,45.880001,45.970001,45.500000,45.680000,41.750282,64900
2015-02-27,45.540001,46.000000,45.419998,45.419998,41.512661,63600
2015-03-02,45.389999,45.730000,45.220001,45.619999,41.695450,134300
2015-03-03,45.500000,46.000000,44.970001,45.310001,41.412117,85300
2015-03-04,45.150002,45.270000,44.770000,45.119999,41.238476,178500
2015-03-05,45.009998,45.509998,44.660000,45.160000,41.275021,109700
2015-03-06,44.689999,45.340000,44.400002,44.650002,40.808891,141300
2015-03-09,44.750000,44.950001,44.340000,44.680000,40.836311,84100
2015-03-10,44.110001,44.110001,42.889999,42.930000,39.236870,146700
2015-03-11,43.139999,43.939999,42.889999,43.820000,40.050304,159700
2015-03-12,44.220001,44.750000,43.840000,44.570000,40.735779,119200
2015-03-13,44.369999,44.509998,43.529999,44.299999,40.489014,96600
2015-03-16,44.439999,44.610001,43.889999,44.330002,40.516430,109700
2015-03-17,44.240002,44.680000,43.990002,44.060001,40.269653,148800
2015-03-18,44.009998,44.990002,43.840000,44.880001,41.019108,87300
2015-03-19,44.540001,44.919998,44.220001,44.400002,40.580399,39800
2015-03-20,44.689999,46.200001,44.400002,46.130001,42.161587,192700
2015-03-23,46.080002,47.230000,46.080002,47.000000,42.956734,134700
2015-03-24,46.849998,47.150002,46.619999,47.070000,43.020706,83700
2015-03-25,47.049999,47.590000,45.990002,46.119999,42.152435,98600
2015-03-26,45.970001,46.369999,45.709999,45.790001,41.850830,86800
2015-03-27,45.700001,46.290001,45.509998,46.139999,42.170712,65400
2015-03-30,46.209999,47.349998,46.209999,47.250000,43.185226,90500
2015-03-31,46.720001,46.919998,45.799999,46.590000,42.582008,107300
2015-04-01,46.220001,47.070000,46.099998,46.750000,42.728249,124300
2015-04-02,46.959999,48.340000,46.340000,47.160000,43.102970,167600
2015-04-06,46.669998,47.419998,46.599998,46.980000,42.938454,80300
2015-04-07,46.910000,47.770000,46.680000,47.189999,43.130390,129000
2015-04-08,47.070000,48.009998,46.500000,46.700001,42.682541,97000
2015-04-09,46.549999,46.849998,45.259998,45.599998,41.677170,183300
2015-04-10,45.959999,46.000000,45.630001,45.970001,42.015335,52800
2015-04-13,45.849998,46.709999,45.849998,46.369999,42.380928,54000
2015-04-14,46.529999,46.529999,46.049999,46.290001,42.307812,101300
2015-04-15,46.250000,46.840000,46.180000,46.209999,42.372009,91200
2015-04-16,46.259998,46.820000,46.029999,46.790001,42.903820,85400
2015-04-17,46.480000,46.480000,45.180000,45.470001,41.693462,83600
2015-04-20,45.700001,46.369999,45.299999,45.930000,42.115250,65100
2015-04-21,46.060001,46.360001,45.700001,46.130001,42.298649,83800
2015-04-22,46.779999,46.779999,44.220001,46.110001,42.280304,83300
2015-04-23,45.970001,47.950001,45.540001,47.740002,43.774921,137600
2015-04-24,47.799999,48.389999,46.950001,48.029999,44.040844,184600
2015-04-27,48.040001,48.880001,47.919998,48.330002,44.315918,136400
2015-04-28,48.349998,49.080002,48.090000,48.490002,44.462631,119500
2015-04-29,48.250000,48.349998,47.689999,47.770000,43.802441,57800
2015-04-30,47.320000,47.400002,46.340000,46.389999,42.537037,172200
2015-05-01,47.150002,47.250000,46.310001,46.560001,42.692928,118800
2015-05-04,46.799999,47.669998,46.540001,47.250000,43.325626,89300
2015-05-05,47.200001,48.110001,46.380001,46.860001,42.968018,113600
2015-05-06,46.950001,47.130001,46.349998,47.049999,43.142231,80500
2015-05-07,47.000000,47.650002,46.529999,47.380001,43.444824,91000
2015-05-08,47.910000,47.910000,46.930000,47.070000,43.160564,79500
2015-05-11,47.150002,47.380001,46.389999,47.150002,43.233925,54300
2015-05-12,46.849998,46.970001,46.200001,46.639999,42.766281,70300
2015-05-13,46.830002,47.740002,46.680000,47.730000,43.765747,79100
2015-05-14,47.889999,48.639999,47.720001,48.509998,44.480968,102100
2015-05-15,48.520000,49.000000,48.259998,48.900002,44.838577,87000
2015-05-18,48.720001,49.470001,48.680000,49.060001,44.985298,106500
2015-05-19,49.000000,49.299999,48.650002,49.169998,45.086143,62600
2015-05-20,49.259998,49.490002,48.520000,48.959999,44.893597,135700
2015-05-21,48.820000,49.500000,48.820000,49.369999,45.269550,55300
2015-05-22,49.189999,49.570000,48.799999,48.860001,44.801903,63700
2015-05-26,48.680000,49.240002,47.419998,47.820000,43.848278,83200
2015-05-27,47.880001,48.790001,47.389999,48.139999,44.141689,167400
2015-05-28,47.930000,48.250000,47.310001,48.169998,44.169209,62800
2015-05-29,48.009998,48.720001,47.529999,47.930000,43.949150,79500
2015-06-01,48.209999,48.599998,47.349998,48.380001,44.361774,58400
2015-06-02,48.110001,49.099998,48.070000,48.740002,44.691860,72900
2015-06-03,48.990002,49.500000,48.680000,49.240002,45.150345,112900
2015-06-04,49.090000,49.270000,48.099998,48.270000,44.260910,55900
2015-06-05,48.439999,49.910000,48.150002,49.790001,45.654652,123000
2015-06-08,49.630001,49.889999,49.320000,49.810001,45.673004,102200
2015-06-09,49.919998,52.330002,49.560001,52.049999,47.726948,236500
2015-06-10,52.619999,54.009998,52.430000,53.099998,48.689739,296600
2015-06-11,53.200001,54.009998,51.529999,51.790001,47.488544,265300
2015-06-12,51.509998,51.509998,49.759998,50.980000,46.745827,239600
2015-06-15,50.419998,51.240002,50.189999,51.139999,46.892529,96900
2015-06-16,51.099998,52.119999,50.820000,51.700001,47.406029,192400
2015-06-17,51.770000,52.020000,51.349998,51.720001,47.424362,82200
2015-06-18,51.849998,52.099998,51.630001,51.689999,47.396854,144200
2015-06-19,51.700001,52.180000,51.630001,51.700001,47.406029,161000
2015-06-22,52.070000,52.070000,51.529999,51.830002,47.525223,173500
2015-06-23,51.900002,52.259998,51.820000,51.959999,47.644424,137800
2015-06-24,51.840000,52.169998,51.639999,51.860001,47.552734,223800
2015-06-25,51.900002,52.049999,51.520000,51.700001,47.406029,197900
2015-06-26,51.810001,52.320000,51.810001,51.930000,47.616924,252200
2015-06-29,51.470001,52.240002,50.880001,51.419998,47.149273,133400
2015-06-30,51.869999,52.250000,51.509998,51.799999,47.497711,145000
2015-07-01,52.740002,53.990002,50.730000,52.970001,48.570549,451800
2015-07-02,52.939999,53.169998,50.410000,51.240002,46.984234,337100
2015-07-06,50.689999,51.660000,50.480000,51.330002,47.066765,138000
2015-07-07,51.400002,51.500000,50.189999,51.330002,47.066765,149900
2015-07-08,51.000000,51.230000,50.090000,50.610001,46.406559,150400
2015-07-09,49.849998,50.770000,49.730000,50.349998,46.305397,136000
2015-07-10,51.139999,51.439999,50.610001,51.389999,47.261848,95800
2015-07-13,51.759998,52.380001,51.540001,52.049999,47.868824,145400
2015-07-14,51.900002,52.430000,51.650002,52.209999,48.015976,106100
2015-07-15,52.349998,52.349998,51.290001,51.540001,47.399807,126400
2015-07-16,51.630001,52.099998,50.709999,51.090000,46.985947,213200
2015-07-17,51.220001,51.639999,50.009998,51.610001,47.464180,282600
2015-07-20,51.590000,52.509998,51.230000,52.279999,48.080353,111900
2015-07-21,52.200001,52.200001,51.060001,51.790001,47.629715,102000
2015-07-22,51.450001,52.439999,51.450001,52.240002,48.043583,145700
2015-07-23,52.220001,52.849998,51.910000,52.290001,48.089554,232700
2015-07-24,52.080002,52.220001,51.299999,51.630001,47.482567,182000
2015-07-27,51.290001,51.810001,50.950001,51.400002,47.271042,177500
2015-07-28,51.500000,51.880001,50.599998,51.630001,47.482567,105400
2015-07-29,51.520000,52.360001,51.290001,52.139999,47.951603,111700
2015-07-30,51.869999,52.259998,51.540001,51.610001,47.464180,213800
2015-07-31,51.790001,52.509998,51.430000,51.750000,47.592934,152100
2015-08-03,51.689999,51.869999,51.029999,51.459999,47.326225,122400
2015-08-04,51.500000,51.980000,51.500000,51.880001,47.712486,83100
2015-08-05,52.240002,52.930000,51.639999,51.830002,47.666492,75000
2015-08-06,52.080002,52.290001,51.220001,51.889999,47.721687,102500
2015-08-07,51.570000,52.169998,51.369999,51.900002,47.730877,142500
2015-08-10,52.259998,53.340000,52.000000,53.290001,49.009228,120100
2015-08-11,52.830002,53.520000,51.599998,53.150002,48.880470,87800
2015-08-12,52.689999,53.060001,52.000000,52.740002,48.503403,74900
2015-08-13,52.680000,53.639999,52.610001,53.110001,48.843685,93400
2015-08-14,52.840000,53.740002,52.700001,53.400002,49.110386,142500
2015-08-17,53.180000,53.619999,52.450001,53.590000,49.285130,116300
2015-08-18,53.340000,53.340000,52.639999,52.790001,48.549389,78500
2015-08-19,52.090000,52.610001,51.700001,52.400002,48.190712,94900
2015-08-20,52.060001,52.110001,51.080002,51.110001,47.004341,112700
2015-08-21,50.299999,51.169998,49.779999,50.090000,46.066280,168300
2015-08-24,47.299999,48.700001,45.009998,48.700001,44.787941,272600
2015-08-25,49.709999,49.970001,47.410000,47.439999,43.629147,111200
2015-08-26,48.480000,49.419998,47.619999,49.369999,45.404125,120900
2015-08-27,49.700001,50.549999,46.990002,48.119999,44.254520,583700
2015-08-28,47.919998,49.590000,47.919998,49.549999,45.569656,163600
2015-08-31,49.349998,50.770000,49.320000,50.599998,46.535305,142400
2015-09-01,49.900002,52.000000,49.410000,49.599998,45.615643,282900
2015-09-02,50.340000,51.150002,49.799999,51.130001,47.022736,248600
2015-09-03,51.500000,51.830002,50.970001,51.040001,46.939953,175800
2015-09-04,50.470001,51.040001,50.330002,50.820000,46.737629,89600
2015-09-08,51.500000,52.250000,50.939999,51.470001,47.335426,97000
2015-09-09,52.099998,52.169998,51.130001,51.220001,47.105503,132700
2015-09-10,51.169998,51.439999,50.660000,50.820000,46.737629,103700
2015-09-11,50.459999,51.279999,49.840000,51.279999,47.160686,89400
2015-09-14,51.430000,51.430000,50.130001,50.799999,46.719242,98400
2015-09-15,51.060001,52.540001,50.910000,52.160000,47.969997,102200
2015-09-16,52.290001,53.139999,52.020000,52.930000,48.678150,103100
2015-09-17,52.889999,53.619999,52.480000,52.730000,48.494205,79600
2015-09-18,51.990002,52.709999,51.209999,51.419998,47.289433,207400
2015-09-21,51.790001,52.049999,51.360001,51.830002,47.666492,66300
2015-09-22,51.259998,51.400002,50.720001,50.970001,46.875587,95900
2015-09-23,51.070000,51.349998,50.160000,50.480000,46.424953,91600
2015-09-24,50.029999,50.830002,49.770000,50.720001,46.645668,164600
2015-09-25,50.990002,50.990002,49.740002,50.439999,46.388157,192500
2015-09-28,50.070000,50.389999,49.160000,49.540001,45.560452,382100
2015-09-29,48.939999,52.049999,47.930000,51.730000,47.574532,305600
2015-09-30,51.880001,51.880001,47.759998,48.689999,44.778736,364100
2015-10-01,48.680000,48.980000,47.020000,47.279999,43.482002,350300
2015-10-02,46.939999,48.570000,46.389999,48.520000,44.622395,132300
2015-10-05,48.869999,51.959999,48.810001,51.630001,47.482567,229300
2015-10-06,51.970001,52.939999,51.830002,52.349998,48.144730,225200
2015-10-07,52.500000,53.900002,52.500000,53.439999,49.288395,185700
2015-10-08,53.009998,56.209999,53.009998,55.750000,51.418945,213800
2015-10-09,55.849998,56.459999,55.610001,55.840000,51.501945,143300
2015-10-12,54.790001,55.259998,51.310001,51.480000,47.480667,340600
2015-10-13,51.259998,52.560001,51.119999,51.880001,47.849590,178500
2015-10-14,51.810001,53.049999,51.770000,52.279999,48.218517,172800
2015-10-15,52.590000,53.330002,51.619999,53.200001,49.067047,91700
2015-10-16,53.369999,53.570000,52.590000,53.130001,49.002487,184600
2015-10-19,52.840000,53.369999,51.799999,52.480000,48.402977,163100
2015-10-20,52.470001,53.259998,52.150002,52.590000,48.504436,121700
2015-10-21,52.840000,53.270000,52.000000,52.049999,48.006378,100300
2015-10-22,52.270000,54.549999,52.270000,54.119999,49.915569,115300
2015-10-23,54.580002,55.110001,53.730000,54.470001,50.238384,120400
2015-10-26,54.369999,54.790001,53.799999,54.209999,49.998577,138000
2015-10-27,54.080002,54.709999,53.200001,54.220001,50.007809,203900
2015-10-28,54.320000,55.660000,54.169998,55.349998,51.050018,238000
2015-10-29,54.830002,56.139999,54.830002,55.779999,51.446617,152300
2015-10-30,55.790001,56.169998,54.340000,55.330002,51.031563,177900
2015-11-02,55.380001,57.529999,55.139999,57.509998,53.042210,130500
2015-11-03,57.349998,58.410000,56.939999,57.860001,53.365017,170100
2015-11-04,58.189999,58.939999,56.970001,57.380001,52.922314,126700
2015-11-05,57.389999,57.869999,57.110001,57.650002,53.171333,86200
2015-11-06,57.189999,58.540001,56.340000,58.020000,53.512596,162300
2015-11-09,58.020000,58.220001,57.290001,57.799999,53.309685,94600
2015-11-10,57.500000,58.419998,57.080002,58.240002,53.715508,113900
2015-11-11,58.380001,58.970001,58.110001,58.410000,53.872292,92700
2015-11-12,57.930000,58.209999,56.380001,56.459999,52.073784,97200
2015-11-13,56.009998,57.250000,55.740002,56.669998,52.267464,103500
2015-11-16,56.849998,57.389999,56.419998,57.340000,52.885426,159800
2015-11-17,57.520000,57.740002,57.009998,57.150002,52.710186,139600
2015-11-18,57.549999,58.560001,57.099998,57.750000,53.263569,325000
2015-11-19,57.560001,57.990002,57.200001,57.660000,53.180561,147300
2015-11-20,58.049999,58.980000,57.450001,58.180000,53.660156,224700
2015-11-23,58.009998,58.320000,57.529999,58.009998,53.503365,152300
2015-11-24,57.779999,59.500000,57.560001,59.320000,54.711597,100900
2015-11-25,59.410000,60.000000,59.049999,59.259998,54.656261,90700
2015-11-27,59.119999,60.360001,59.119999,59.880001,55.228092,36700
2015-11-30,60.000000,60.000000,57.189999,59.540001,54.914505,143300
2015-12-01,59.669998,60.299999,59.040001,59.730000,55.089741,69000
2015-12-02,59.459999,59.970001,58.740002,59.020000,54.434898,113400
2015-12-03,59.500000,59.500000,57.689999,58.110001,53.595596,86200
2015-12-04,58.180000,59.160000,57.959999,58.799999,54.231991,89200
2015-12-07,58.820000,58.820000,56.549999,56.849998,52.433479,199800
2015-12-08,56.540001,56.759998,55.580002,56.080002,51.723305,120000
2015-12-09,56.040001,56.840000,55.330002,55.549999,51.234478,101100
2015-12-10,55.330002,56.459999,55.270000,56.230000,51.861641,114200
2015-12-11,55.380001,55.790001,54.799999,55.290001,50.994671,74100
2015-12-14,55.340000,55.919998,54.849998,55.639999,51.317482,97800
2015-12-15,55.939999,56.369999,55.220001,55.490002,51.179146,106600
2015-12-16,55.930000,56.889999,55.490002,56.650002,52.249023,80900
2015-12-17,56.680000,56.680000,55.349998,55.439999,51.133022,84300
2015-12-18,55.060001,55.380001,53.590000,54.060001,49.860229,269900
2015-12-21,54.430000,54.799999,54.020000,54.580002,50.339828,62400
2015-12-22,54.750000,55.709999,54.189999,55.700001,51.372826,81700
2015-12-23,56.009998,56.580002,56.000000,56.400002,52.018452,44400
2015-12-24,56.730000,57.470001,56.520000,56.709999,52.304359,37800
2015-12-28,56.560001,56.680000,55.790001,56.189999,51.824753,67000
2015-12-29,56.570000,57.500000,56.310001,57.220001,52.774738,65200
2015-12-30,57.009998,57.509998,55.509998,57.299999,52.848526,221200
2015-12-31,57.270000,57.439999,55.549999,55.570000,51.252922,136700
2016-01-04,54.509998,54.779999,52.250000,52.509998,48.430649,211200
2016-01-05,52.759998,52.980000,51.230000,52.090000,48.043274,158400
2016-01-06,51.419998,52.360001,51.230000,51.669998,47.655907,90300
2016-01-07,50.799999,51.730000,50.009998,50.529999,46.604469,172700
2016-01-08,50.439999,52.700001,49.209999,50.529999,46.604469,253900
2016-01-11,49.369999,50.560001,47.580002,50.169998,46.272434,365600
2016-01-12,50.759998,51.619999,49.810001,50.919998,46.964180,174700
2016-01-13,50.919998,51.900002,49.730000,50.040001,46.152534,148200
2016-01-14,50.330002,51.209999,49.570000,50.310001,46.401569,138000
2016-01-15,49.310001,49.950001,48.279999,49.220001,45.396236,181300
2016-01-19,49.669998,51.330002,48.750000,49.119999,45.304016,189700
2016-01-20,48.430000,49.660000,47.360001,49.080002,45.267117,151500
2016-01-21,49.080002,49.910000,48.139999,48.360001,44.603050,183200
2016-01-22,49.160000,49.840000,48.860001,49.349998,45.516148,113500
2016-01-25,49.000000,49.320000,47.500000,47.680000,43.975880,137500
2016-01-26,48.180000,49.240002,48.000000,49.060001,45.248669,127200
2016-01-27,48.750000,49.279999,48.320000,48.500000,44.732170,120400
2016-01-28,49.090000,49.299999,48.580002,48.889999,45.091873,79800
2016-01-29,49.020000,51.480000,48.970001,51.480000,47.480667,176900
2016-02-01,50.869999,51.630001,49.810001,51.099998,47.130180,121900
2016-02-02,50.340000,50.970001,49.340000,49.520000,45.672935,81600
2016-02-03,49.910000,50.439999,48.750000,49.450001,45.746941,71100
2016-02-04,49.380001,50.360001,49.099998,49.810001,46.079987,121200
2016-02-05,49.520000,50.000000,48.450001,48.580002,44.942093,111400
2016-02-08,47.869999,49.099998,47.220001,49.029999,45.358395,97800
2016-02-09,48.130001,49.529999,48.040001,49.000000,45.330647,91600
2016-02-10,49.180000,49.619999,48.259998,48.919998,45.256630,94700
2016-02-11,47.889999,49.200001,47.040001,48.840000,45.182625,144300
2016-02-12,49.480000,49.689999,48.529999,49.080002,45.404652,98600
2016-02-16,49.849998,49.849998,48.880001,49.580002,45.867207,108500
2016-02-17,49.910000,51.130001,49.630001,50.240002,46.477787,108400
2016-02-18,50.270000,51.770000,50.270000,50.509998,46.727562,103700
2016-02-19,50.389999,50.610001,49.459999,50.200001,46.440777,70300
2016-02-22,50.820000,51.360001,49.830002,50.590000,46.801579,168400
2016-02-23,50.360001,50.980000,49.799999,49.880001,46.144745,127300
2016-02-24,49.630001,50.360001,48.990002,49.950001,46.209499,146700
2016-02-25,50.049999,50.599998,49.099998,49.939999,46.200245,134700
2016-02-26,50.110001,51.060001,49.400002,50.930000,47.116116,86400
2016-02-29,51.099998,51.340000,50.380001,50.500000,46.718304,108900
2016-03-01,51.099998,52.939999,50.889999,52.680000,48.735062,170500
2016-03-02,52.570000,53.090000,51.820000,53.070000,49.095856,86700
2016-03-03,52.889999,54.430000,52.810001,54.279999,50.215248,120200
2016-03-04,54.270000,56.340000,54.009998,55.959999,51.769447,259700
2016-03-07,55.750000,56.080002,55.110001,56.070000,51.871197,140200
2016-03-08,55.619999,55.650002,54.849998,54.939999,50.825825,79900
2016-03-09,55.110001,55.599998,54.680000,54.980000,50.862839,117800
2016-03-10,55.230000,55.799999,53.330002,53.509998,49.502895,163500
2016-03-11,53.959999,54.660000,53.720001,54.549999,50.465031,124200
2016-03-14,54.380001,55.430000,54.049999,55.189999,51.057114,97400
2016-03-15,54.790001,55.520000,54.549999,55.049999,50.927586,90000
2016-03-16,54.930000,56.380001,54.849998,55.900002,51.713936,73000
2016-03-17,55.950001,57.439999,55.590000,57.139999,52.861080,81200
2016-03-18,57.490002,57.689999,56.580002,56.590000,52.352272,166000
2016-03-21,56.529999,57.619999,56.230000,56.799999,52.546539,73200
2016-03-22,56.439999,57.070000,55.660000,56.900002,52.639057,112100
2016-03-23,56.750000,56.849998,55.799999,55.980000,51.787945,90200
2016-03-24,55.599998,56.380001,54.540001,56.220001,52.009979,58300
2016-03-28,56.270000,56.430000,55.400002,55.430000,51.279125,144900
2016-03-29,55.189999,57.250000,55.000000,57.230000,52.944336,137700
2016-03-30,57.520000,57.740002,56.849998,56.950001,52.685310,112700
2016-03-31,56.810001,57.130001,56.209999,56.599998,52.361526,138700
2016-04-01,56.029999,57.259998,55.799999,57.189999,52.907330,141600
2016-04-04,57.060001,57.060001,55.639999,55.669998,51.501152,118000
2016-04-05,55.000000,55.750000,54.770000,54.830002,50.724064,105800
2016-04-06,54.700001,55.009998,54.130001,54.849998,50.742569,179000
2016-04-07,54.650002,54.990002,54.459999,54.959999,50.844326,124600
2016-04-08,55.560001,55.840000,54.619999,55.360001,51.214375,109900
2016-04-11,55.750000,56.400002,55.080002,55.189999,51.057114,70200
2016-04-12,55.389999,56.340000,55.200001,55.750000,51.575176,71800
2016-04-13,56.220001,56.970001,55.970001,56.869999,52.611301,78200
2016-04-14,56.980000,57.020000,56.200001,56.389999,52.167244,55300
2016-04-15,56.410000,57.320000,56.400002,57.099998,52.824066,70300
2016-04-18,56.840000,57.570000,56.799999,57.099998,52.824066,67100
2016-04-19,57.369999,57.900002,57.090000,57.490002,53.184868,74500
2016-04-20,57.189999,57.490002,56.570000,56.970001,52.841675,63800
2016-04-21,55.980000,57.200001,55.369999,55.939999,51.886311,83700
2016-04-22,55.810001,56.950001,55.810001,56.950001,52.823132,125600
2016-04-25,56.740002,56.970001,55.209999,55.310001,51.301971,63200
2016-04-26,55.709999,56.480000,55.040001,56.410000,52.322258,253700
2016-04-27,56.259998,57.580002,55.349998,57.470001,53.305447,101000
2016-04-28,57.080002,57.439999,55.799999,56.060001,51.997635,84700
2016-04-29,55.930000,56.500000,54.380001,54.919998,50.940235,124400
2016-05-02,55.180000,56.849998,55.130001,56.820000,52.702557,134100
2016-05-03,56.200001,56.880001,55.130001,55.520000,51.496761,80800
2016-05-04,55.369999,55.930000,54.799999,55.330002,51.320522,93400
2016-05-05,55.610001,55.950001,55.150002,55.419998,51.404003,80000
2016-05-06,55.259998,56.000000,54.660000,55.799999,51.756458,100300
2016-05-09,55.570000,55.889999,54.779999,55.369999,51.357624,74300
2016-05-10,55.740002,56.320000,55.349998,56.040001,51.979069,47300
2016-05-11,55.750000,56.369999,55.490002,55.529999,51.506027,50000
2016-05-12,55.639999,56.099998,55.290001,55.619999,51.589500,67000
2016-05-13,55.500000,55.680000,54.450001,54.799999,50.828926,83500
2016-05-16,55.099998,56.549999,55.099998,56.279999,52.201687,77300
2016-05-17,56.220001,56.930000,54.610001,55.080002,51.088631,94100
2016-05-18,54.980000,56.540001,54.340000,56.150002,52.081097,92200
2016-05-19,55.770000,56.830002,54.730000,55.150002,51.153576,99900
2016-05-20,55.480000,56.520000,55.480000,56.410000,52.322258,86600
2016-05-23,56.330002,56.930000,55.880001,56.220001,52.146030,71100
2016-05-24,56.590000,58.250000,56.590000,57.950001,53.750660,118900
2016-05-25,58.279999,58.720001,57.869999,58.009998,53.806316,90500
2016-05-26,58.160000,58.450001,57.470001,57.919998,53.722836,70800
2016-05-27,57.919998,59.000000,57.799999,58.990002,54.715302,116500
2016-05-31,59.040001,59.520000,58.299999,59.020000,54.743122,107800
2016-06-01,58.709999,59.709999,58.330002,59.570000,55.253273,94100
2016-06-02,59.549999,59.619999,58.700001,59.080002,54.798786,177400
2016-06-03,59.119999,59.119999,58.349998,58.830002,54.566898,87600
2016-06-06,59.009998,59.470001,59.009998,59.209999,54.919357,228400
2016-06-07,59.250000,59.889999,59.000000,59.630001,55.308922,103700
2016-06-08,59.900002,60.919998,59.900002,60.790001,56.384869,117400
2016-06-09,60.490002,60.669998,60.000000,60.459999,56.078781,91800
2016-06-10,59.860001,60.660000,59.270000,60.340000,55.967476,128800
2016-06-13,60.290001,60.380001,58.910000,59.200001,54.910084,160300
2016-06-14,58.930000,59.939999,58.720001,59.470001,55.160519,82600
2016-06-15,59.740002,59.980000,59.299999,59.380001,55.077042,53500
2016-06-16,58.889999,59.849998,58.639999,59.770000,55.438786,79300
2016-06-17,59.880001,60.090000,58.910000,58.939999,54.668915,196800
2016-06-20,59.820000,60.090000,59.139999,59.299999,55.002834,176300
2016-06-21,59.439999,59.570000,58.540001,59.189999,54.900803,87400
2016-06-22,59.340000,60.160000,58.939999,58.950001,54.678200,79400
2016-06-23,59.630001,60.490002,59.529999,60.099998,55.744869,86600
2016-06-24,57.820000,58.560001,56.700001,57.230000,53.082836,190600
2016-06-27,56.310001,56.400002,54.980000,56.099998,52.034729,168100
2016-06-28,56.770000,57.110001,56.090000,56.759998,52.646900,175600
2016-06-29,57.500000,58.590000,57.320000,57.529999,53.361103,182900
2016-06-30,57.650002,59.990002,57.029999,59.980000,55.633564,232900
2016-07-01,59.869999,60.279999,59.419998,59.970001,55.624287,138100
2016-07-05,58.110001,59.549999,56.299999,58.209999,53.991821,231600
2016-07-06,58.189999,60.250000,57.029999,60.029999,55.679939,360800
2016-07-07,60.200001,60.790001,58.740002,59.029999,54.752403,199700
2016-07-08,59.860001,60.630001,59.779999,60.119999,55.763420,211900
2016-07-11,60.450001,61.450001,60.349998,60.820000,56.412685,141500
2016-07-12,60.990002,62.480000,60.759998,60.939999,56.524002,193200
2016-07-13,61.549999,61.549999,60.599998,61.029999,56.607468,289600
2016-07-14,60.880001,62.900002,60.880001,62.810001,58.402031,303500
2016-07-15,63.250000,63.250000,61.959999,62.270000,57.899921,131400
2016-07-18,62.740002,63.349998,62.250000,62.450001,58.067295,114600
2016-07-19,62.020000,63.060001,62.020000,62.389999,58.011505,99100
2016-07-20,62.500000,62.970001,61.980000,62.650002,58.253265,81100
2016-07-21,62.439999,63.080002,62.200001,62.360001,57.983608,196100
2016-07-22,62.209999,62.439999,61.630001,62.169998,57.806938,110900
2016-07-25,61.980000,62.080002,61.299999,61.630001,57.304840,101400
2016-07-26,61.820000,62.500000,61.779999,62.110001,57.751156,67500
2016-07-27,62.090000,62.410000,61.810001,62.250000,57.881332,88500
2016-07-28,62.080002,62.200001,61.630001,61.919998,57.574497,58600
2016-07-29,61.910000,62.450001,61.560001,62.080002,57.723255,158300
2016-08-01,61.919998,63.290001,61.490002,63.049999,58.625175,163400
2016-08-02,62.820000,63.880001,62.520000,62.830002,58.420624,202500
2016-08-03,62.790001,63.209999,62.549999,62.790001,58.383430,94700
2016-08-04,62.930000,63.709999,62.380001,62.700001,58.299755,80800
2016-08-05,62.990002,64.089996,62.959999,63.930000,59.443420,96900
2016-08-08,63.810001,64.190002,63.540001,64.080002,59.582901,51400
2016-08-09,64.150002,64.500000,63.849998,64.349998,59.833950,63100
2016-08-10,64.110001,64.709999,63.900002,64.349998,59.833950,141800
2016-08-11,64.779999,65.070000,64.339996,64.580002,60.047806,87200
2016-08-12,64.540001,64.839996,63.869999,64.540001,60.010609,96300
2016-08-15,64.589996,65.750000,64.589996,65.430000,60.838161,67000
2016-08-16,65.279999,65.510002,64.919998,65.300003,60.717285,93900
2016-08-17,65.040001,65.949997,64.989998,65.529999,60.931137,58500
2016-08-18,65.690002,66.610001,65.599998,66.519997,61.851654,126600
2016-08-19,66.279999,67.980003,65.330002,67.459999,62.725704,196300
2016-08-22,67.370003,67.370003,66.239998,66.540001,61.870266,143700
2016-08-23,66.540001,67.320000,66.230003,66.809998,62.121304,89700
2016-08-24,66.730003,67.260002,66.440002,66.809998,62.121304,88000
2016-08-25,66.589996,67.690002,66.580002,67.000000,62.297977,82700
2016-08-26,67.000000,67.300003,65.750000,66.209999,61.563412,171300
2016-08-29,66.169998,66.989998,66.019997,66.589996,61.916756,76300
2016-08-30,66.589996,66.980003,66.129997,66.690002,62.009727,68900
2016-08-31,66.559998,66.660004,65.389999,66.430000,61.767975,92700
2016-09-01,66.379997,66.699997,65.730003,66.620003,61.944653,77100
2016-09-02,67.099998,67.430000,66.360001,66.599998,61.926048,151900
2016-09-06,66.709999,66.709999,65.660004,65.809998,61.191490,109200
2016-09-07,65.699997,65.989998,65.150002,65.949997,61.321659,136700
2016-09-08,65.650002,65.809998,65.199997,65.389999,60.800957,77000
2016-09-09,64.900002,64.900002,63.490002,63.500000,59.043602,91500
2016-09-12,62.970001,64.199997,62.849998,64.070000,59.573593,97500
2016-09-13,63.470001,63.900002,62.500000,62.799999,58.392731,94800
2016-09-14,63.029999,63.240002,62.250000,62.919998,58.504307,78000
2016-09-15,63.060001,63.700001,62.919998,63.310001,58.866936,174000
2016-09-16,63.439999,63.669998,62.669998,63.650002,59.183071,262600
2016-09-19,63.930000,64.559998,62.990002,64.239998,59.731670,159000
2016-09-20,64.860001,64.889999,63.799999,64.430000,59.908337,93700
2016-09-21,64.919998,65.529999,64.650002,65.180000,60.605694,125900
2016-09-22,65.970001,66.470001,65.180000,66.400002,61.740070,160800
2016-09-23,66.180000,66.580002,65.559998,65.680000,61.070618,136700
2016-09-26,65.489998,66.150002,64.699997,64.720001,60.177979,135400
2016-09-27,64.830002,65.190002,64.279999,64.839996,60.289558,184100
2016-09-28,65.019997,65.559998,64.769997,65.230003,60.652203,136000
2016-09-29,64.870003,65.500000,64.209999,64.660004,60.122192,93300
2016-09-30,65.040001,65.639999,64.529999,65.269997,60.689384,80600
2016-10-03,65.370003,66.070000,65.040001,65.959999,61.330944,120000
2016-10-04,66.059998,66.419998,64.879997,65.110001,60.540611,96900
2016-10-05,60.610001,61.509998,55.970001,56.000000,52.069950,1513100
2016-10-06,55.880001,58.770000,55.880001,58.310001,54.217834,466100
2016-10-07,58.250000,58.410000,55.779999,55.820000,51.902576,438300
2016-10-10,55.990002,56.500000,55.110001,55.459999,51.567844,210100
2016-10-11,55.290001,55.599998,54.160000,54.250000,50.442764,194500
2016-10-12,54.770000,55.430000,54.250000,54.700001,50.861187,423000
2016-10-13,54.220001,55.299999,54.220001,54.840000,50.991356,205400
2016-10-14,55.230000,55.840000,54.540001,54.599998,50.926075,160700
2016-10-17,54.500000,54.500000,53.750000,53.950001,50.319809,118400
2016-10-18,54.700001,54.900002,53.650002,53.849998,50.226536,161700
2016-10-19,54.299999,55.349998,54.200001,55.049999,51.345795,166900
2016-10-20,54.750000,54.799999,54.150002,54.500000,50.832794,168300
2016-10-21,53.900002,54.400002,53.680000,54.349998,50.692890,84200
2016-10-24,54.799999,55.400002,54.099998,54.299999,50.646252,117000
2016-10-25,54.400002,55.299999,53.099998,53.400002,49.806812,157900
2016-10-26,52.900002,53.799999,52.750000,53.450001,49.853458,133600
2016-10-27,53.549999,53.599998,52.849998,53.150002,49.573631,107500
2016-10-28,53.099998,53.900002,53.099998,53.299999,49.713543,94400
2016-10-31,53.549999,53.549999,52.750000,53.250000,49.666904,101700
2016-11-01,53.299999,53.349998,52.450001,52.450001,48.920734,130500
2016-11-02,52.549999,52.750000,51.650002,51.900002,48.407745,259400
2016-11-03,52.000000,52.150002,51.200001,51.450001,47.988026,192300
2016-11-04,51.500000,53.500000,51.450001,52.650002,49.107281,188500
2016-11-07,53.750000,54.349998,53.400002,54.200001,50.552982,135900
2016-11-08,53.950001,55.130001,53.750000,54.799999,51.112610,100000
2016-11-09,54.200001,61.049999,54.200001,60.750000,56.662247,361800
2016-11-10,61.250000,62.049999,59.750000,60.000000,55.962711,249100
2016-11-11,60.299999,61.849998,59.700001,61.549999,57.408409,190400
2016-11-14,62.200001,63.000000,61.500000,62.799999,58.574306,165000
2016-11-15,63.049999,63.450001,62.049999,63.200001,58.947384,182200
2016-11-16,63.000000,63.849998,62.000000,62.900002,58.667580,153600
2016-11-17,62.900002,63.799999,62.650002,63.099998,58.854118,83000
2016-11-18,63.150002,64.349998,62.849998,64.300003,59.973377,131100
2016-11-21,64.599998,64.750000,63.200001,64.150002,59.833462,117900
2016-11-22,64.599998,65.750000,63.599998,65.699997,61.279156,133200
2016-11-23,65.349998,66.500000,64.150002,66.400002,61.932064,96500
2016-11-25,66.750000,67.349998,66.150002,66.750000,62.258518,61800
2016-11-28,66.500000,66.500000,65.250000,65.449997,61.045971,203800
2016-11-29,65.550003,66.349998,64.800003,64.849998,60.486362,71300
2016-11-30,65.000000,66.000000,64.900002,65.099998,60.719532,102600
2016-12-01,65.300003,66.300003,64.320000,64.750000,60.393085,121600
2016-12-02,65.000000,65.500000,63.950001,64.449997,60.113274,83500
2016-12-05,65.199997,66.300003,64.750000,65.199997,60.812801,151900
2016-12-06,65.449997,66.550003,64.900002,66.300003,61.838795,138100
2016-12-07,66.449997,67.699997,66.099998,67.589996,63.041996,118000
2016-12-08,64.599998,65.900002,61.049999,63.150002,58.900761,446000
2016-12-09,62.900002,64.050003,61.900002,63.950001,59.646915,192500
2016-12-12,63.849998,64.550003,63.740002,64.150002,59.833462,141100
2016-12-13,64.650002,65.000000,63.500000,64.949997,60.579636,107000
2016-12-14,64.849998,65.250000,63.450001,63.750000,59.460373,89000
2016-12-15,64.000000,65.849998,63.799999,65.059998,60.682232,207600
2016-12-16,65.300003,65.629997,63.950001,64.400002,60.066643,491800
2016-12-19,64.849998,65.000000,63.599998,64.400002,60.066643,124700
2016-12-20,64.750000,65.400002,63.650002,65.400002,60.999355,82000
2016-12-21,65.199997,65.849998,64.900002,64.949997,60.579636,125800
2016-12-22,64.900002,65.150002,63.849998,64.449997,60.113274,63700
2016-12-23,64.699997,65.199997,64.199997,64.599998,60.253185,65000
2016-12-27,64.800003,65.900002,63.549999,65.449997,61.045971,74900
2016-12-28,65.750000,65.750000,64.050003,64.199997,59.880089,50300
2016-12-29,64.449997,65.050003,63.700001,64.500000,60.159916,55300
2016-12-30,64.500000,64.949997,63.849998,63.900002,59.600288,107700
2017-01-03,64.849998,64.849998,63.849998,64.400002,60.066643,170700
2017-01-04,64.800003,65.849998,64.650002,65.699997,61.279156,120000
2017-01-05,65.449997,65.830002,64.000000,64.650002,60.299824,207900
2017-01-06,60.000000,62.349998,58.049999,59.849998,55.822803,589000
2017-01-09,59.349998,59.450001,57.150002,57.349998,53.491024,424000
2017-01-10,59.299999,60.000000,57.450001,59.150002,55.169907,259800
2017-01-11,59.349998,60.349998,58.650002,60.299999,56.242519,229200
2017-01-12,60.349998,60.349998,58.549999,59.799999,55.776176,146500
2017-01-13,60.099998,60.529999,59.400002,59.799999,55.776176,135100
2017-01-17,59.700001,59.799999,57.900002,58.049999,54.143921,153800
2017-01-18,58.299999,58.849998,57.799999,58.750000,54.796825,192500
2017-01-19,58.900002,59.549999,57.549999,57.849998,53.957375,224500
2017-01-20,58.250000,59.099998,58.250000,58.700001,54.750179,146500
2017-01-23,58.750000,59.250000,58.250000,58.599998,54.656910,123700
2017-01-24,58.950001,59.799999,58.950001,59.450001,55.449718,164000
2017-01-25,60.200001,60.849998,60.099998,60.450001,56.382431,91000
2017-01-26,60.450001,60.750000,60.000000,60.150002,56.102619,92100
2017-01-27,60.400002,60.630001,59.750000,60.099998,56.055981,73400
2017-01-30,59.450001,60.049999,58.849998,59.500000,55.496361,134500
2017-01-31,59.500000,59.650002,58.799999,59.549999,55.542988,131600
2017-02-01,59.849998,60.700001,59.200001,59.500000,55.496361,105000
2017-02-02,59.099998,59.500000,58.200001,58.299999,54.532913,205800
2017-02-03,58.900002,59.650002,58.500000,59.299999,55.468292,80100
2017-02-06,59.200001,59.500000,58.500000,58.900002,55.094135,64900
2017-02-07,59.150002,59.950001,58.150002,58.750000,54.953835,142800
2017-02-08,58.500000,58.599998,57.450001,58.000000,54.252289,100300
2017-02-09,58.099998,58.900002,57.349998,58.200001,54.439373,375300
2017-02-10,58.400002,58.799999,57.250000,58.349998,54.579678,170600
2017-02-13,58.700001,59.500000,58.700001,59.400002,55.561832,86100
2017-02-14,59.000000,59.250000,58.450001,58.950001,55.140907,117900
2017-02-15,58.900002,59.400002,58.750000,58.900002,55.094135,118700
2017-02-16,59.000000,59.099998,58.250000,59.049999,55.234444,106100
2017-02-17,58.950001,59.000000,58.049999,58.750000,54.953835,98100
2017-02-21,58.799999,59.950001,58.700001,59.900002,56.029522,74800
2017-02-22,59.650002,59.910000,59.299999,59.750000,55.889214,46200
2017-02-23,59.900002,59.900002,58.400002,58.700001,54.907059,65700
2017-02-24,58.150002,59.599998,58.000000,59.599998,55.748905,96500
2017-02-27,59.650002,60.549999,59.000000,60.549999,56.637524,156200
2017-02-28,60.450001,60.580002,58.599998,58.650002,54.860291,119800
2017-03-01,59.650002,60.799999,59.299999,60.549999,56.637524,128600
2017-03-02,60.400002,60.650002,59.200001,59.400002,55.561832,68900
2017-03-03,59.450001,60.080002,58.849998,59.299999,55.468292,72000
2017-03-06,58.950001,59.000000,58.349998,58.650002,54.860291,57600
2017-03-07,58.650002,58.950001,57.849998,57.900002,54.158756,49100
2017-03-08,58.000000,58.650002,57.250000,57.250000,53.550758,58100
2017-03-09,57.349998,58.349998,56.650002,56.799999,53.129829,82000
2017-03-10,57.349998,57.980000,57.250000,57.650002,53.924911,64000
2017-03-13,57.650002,58.349998,57.290001,58.049999,54.299061,68200
2017-03-14,57.950001,58.000000,57.400002,57.900002,54.158756,56400
2017-03-15,58.349998,59.950001,58.000000,59.599998,55.748905,98500
2017-03-16,59.950001,59.950001,58.950001,59.049999,55.234444,50500
2017-03-17,59.200001,59.599998,58.750000,59.200001,55.374752,249500
2017-03-20,59.250000,59.250000,58.700001,59.049999,55.234444,54700
2017-03-21,59.450001,59.450001,57.000000,57.049999,53.363682,80700
2017-03-22,56.849998,57.400002,55.900002,56.450001,52.802456,90300
2017-03-23,56.549999,57.599998,55.700001,56.849998,53.176594,59800
2017-03-24,57.099998,57.450001,56.299999,56.450001,52.802456,128400
2017-03-27,55.799999,57.400002,55.599998,57.150002,53.457214,74700
2017-03-28,56.849998,57.650002,56.849998,57.150002,53.457214,105900
2017-03-29,57.049999,58.049999,56.900002,57.549999,53.831360,62200
2017-03-30,57.549999,58.450001,57.549999,58.349998,54.579678,103000
2017-03-31,58.349998,59.650002,58.150002,59.500000,55.655373,191300
2017-04-03,59.599998,59.950001,57.099998,57.250000,53.550758,100300
2017-04-04,57.250000,57.900002,57.250000,57.700001,53.971676,81600
2017-04-05,58.250000,58.950001,58.200001,58.599998,54.813519,203100
2017-04-06,58.349998,58.799999,57.799999,58.099998,54.345833,92100
2017-04-07,57.799999,58.900002,57.700001,58.750000,54.953835,149100
2017-04-10,58.549999,59.650002,57.200001,58.799999,55.000595,72100
2017-04-11,58.650002,59.950001,58.450001,59.900002,56.029522,55600
2017-04-12,59.900002,59.900002,58.200001,58.500000,54.719982,80200
2017-04-13,58.549999,58.599998,57.250000,57.349998,53.644291,73800
2017-04-17,57.500000,58.400002,57.400002,58.099998,54.345833,105700
2017-04-18,57.799999,58.650002,57.450001,58.599998,54.813519,119900
2017-04-19,58.950001,60.099998,58.349998,58.799999,55.000595,317400
2017-04-20,55.500000,57.000000,53.299999,54.500000,50.978451,477500
2017-04-21,54.549999,57.750000,54.549999,56.750000,53.083061,312500
2017-04-24,57.549999,59.250000,57.049999,59.099998,55.447311,154100
2017-04-25,59.700001,61.549999,59.500000,61.000000,57.229885,180200
2017-04-26,60.849998,61.099998,60.049999,60.500000,56.760780,168200
2017-04-27,60.849998,60.849998,59.549999,60.200001,56.479332,121900
2017-04-28,60.299999,60.349998,59.000000,59.049999,55.400410,120100
2017-05-01,59.250000,59.349998,58.549999,58.900002,55.259678,69100
2017-05-02,59.049999,59.400002,58.299999,58.750000,55.118950,86200
2017-05-03,58.400002,58.400002,57.450001,57.750000,54.180752,102500
2017-05-04,57.900002,58.099998,57.240002,57.849998,54.274574,59500
2017-05-05,58.299999,58.299999,57.450001,57.849998,54.274574,57500
2017-05-08,57.700001,58.200001,57.529999,58.099998,54.509121,61800
2017-05-09,58.150002,58.650002,57.500000,57.849998,54.274574,111800
2017-05-10,57.750000,57.900002,56.950001,57.650002,54.086937,78900
2017-05-11,57.299999,57.599998,56.250000,57.299999,53.758556,76700
2017-05-12,57.000000,57.000000,55.799999,56.150002,52.679638,96200
2017-05-15,56.400002,57.230000,56.400002,56.950001,53.430187,78200
2017-05-16,56.900002,57.400002,56.099998,56.349998,52.867283,60900
2017-05-17,56.349998,56.349998,54.299999,54.349998,50.990891,102500
2017-05-18,54.000000,54.849998,53.799999,54.299999,50.943974,68900
2017-05-19,54.700001,55.049999,54.299999,54.299999,50.943974,87000
2017-05-22,54.549999,55.549999,54.349998,54.599998,51.225441,57500
2017-05-23,54.799999,54.900002,53.880001,54.799999,51.413078,67200
2017-05-24,54.950001,55.549999,54.349998,54.700001,51.319260,81100
2017-05-25,55.000000,55.200001,54.349998,54.500000,51.131615,54600
2017-05-26,54.549999,55.049999,54.000000,54.799999,51.413078,69500
2017-05-30,54.700001,54.700001,54.150002,54.400002,51.037807,44200
2017-05-31,54.799999,54.799999,53.450001,54.250000,50.897068,77500
2017-06-01,54.400002,55.450001,53.950001,55.450001,52.022903,71400
2017-06-02,55.500000,57.599998,55.500000,56.349998,52.867283,88900
2017-06-05,56.099998,56.150002,55.400002,55.500000,52.069809,73100
2017-06-06,55.150002,55.750000,54.599998,55.250000,51.835262,67400
2017-06-07,55.349998,55.349998,54.099998,54.349998,50.990891,86200
2017-06-08,54.349998,56.450001,54.099998,56.000000,52.538914,82400
2017-06-09,56.250000,57.799999,55.900002,57.500000,53.946205,91000
2017-06-12,57.500000,58.000000,57.349998,57.500000,53.946205,90700
2017-06-13,57.450001,57.849998,56.900002,57.099998,53.570919,43000
2017-06-14,57.150002,57.250000,56.400002,56.950001,53.430187,59300
2017-06-15,56.299999,57.299999,56.299999,57.000000,53.477112,58700
2017-06-16,56.299999,56.599998,55.250000,56.349998,52.867283,145500
2017-06-19,56.599998,57.099998,56.450001,56.950001,53.430187,45000
2017-06-20,56.650002,56.650002,55.520000,55.599998,52.163624,38000
2017-06-21,55.650002,55.900002,54.500000,54.549999,51.178524,56500
2017-06-22,54.549999,55.700001,54.549999,55.250000,51.835262,53700
2017-06-23,55.500000,55.900002,55.250000,55.549999,52.116718,106700
2017-06-26,55.549999,56.349998,55.450001,55.799999,52.351273,42200
2017-06-27,55.799999,56.549999,54.750000,54.849998,51.459984,58700
2017-06-28,55.000000,55.500000,54.650002,55.450001,52.022903,131100
2017-06-29,55.700001,56.250000,54.599998,55.299999,51.882168,54900
2017-06-30,55.500000,56.299999,55.200001,55.799999,52.351273,58500
2017-07-03,55.950001,57.250000,55.950001,57.099998,53.570919,45000
2017-07-05,57.150002,57.650002,55.700001,56.250000,52.773460,114800
2017-07-06,50.500000,53.450001,50.500000,52.250000,49.020683,310600
2017-07-07,52.000000,52.540001,48.349998,48.400002,45.408634,345400
2017-07-10,48.000000,50.400002,47.630001,49.500000,46.440647,242800
2017-07-11,49.599998,49.950001,48.750000,49.000000,45.971554,159000
2017-07-12,49.299999,49.650002,48.549999,48.849998,45.830818,83000
2017-07-13,50.000000,51.000000,49.900002,50.700001,47.566479,209300
2017-07-14,50.500000,51.450001,49.950001,51.250000,48.244251,159400
2017-07-17,51.400002,51.900002,50.650002,51.299999,48.291317,166700
2017-07-18,51.150002,51.400002,50.849998,51.099998,48.103046,119700
2017-07-19,51.200001,52.200001,50.700001,52.150002,49.091469,119600
2017-07-20,52.099998,52.299999,51.549999,51.549999,48.526657,124400
2017-07-21,51.750000,52.000000,51.000000,51.150002,48.150120,155800
2017-07-24,51.200001,51.200001,50.349998,50.450001,47.491169,143300
2017-07-25,50.849998,52.000000,50.700001,51.799999,48.761990,161400
2017-07-26,51.750000,51.750000,49.750000,50.349998,47.397038,138100
2017-07-27,50.299999,50.700001,50.150002,50.400002,47.444107,73400
2017-07-28,50.349998,50.450001,49.700001,50.250000,47.302906,81100
2017-07-31,50.349998,50.950001,50.049999,50.700001,47.726505,73900
2017-08-01,50.900002,50.900002,49.750000,50.299999,47.349976,112300
2017-08-02,50.049999,50.450001,49.750000,50.200001,47.255825,73500
2017-08-03,50.150002,50.299999,49.650002,50.000000,47.067574,77200
2017-08-04,50.250000,51.000000,50.049999,50.750000,47.773575,63000
2017-08-07,50.450001,50.750000,49.849998,50.250000,47.302906,66500
2017-08-08,50.200001,51.250000,49.900002,50.150002,47.208771,63000
2017-08-09,49.950001,50.299999,49.349998,50.099998,47.161694,103600
2017-08-10,49.750000,49.950001,49.299999,49.500000,46.596897,85200
2017-08-11,49.500000,49.849998,49.250000,49.549999,46.643951,82800
2017-08-14,49.849998,50.049999,49.450001,49.599998,46.691021,77900
2017-08-15,49.549999,49.650002,49.250000,49.599998,46.691021,74800
2017-08-16,49.700001,49.849998,49.200001,49.299999,46.408619,58400
2017-08-17,49.099998,49.400002,47.549999,47.549999,44.761253,88000
2017-08-18,47.150002,48.060001,47.099998,47.349998,44.572975,75600
2017-08-21,47.349998,47.500000,46.200001,47.299999,44.525909,125000
2017-08-22,47.450001,48.099998,47.450001,48.099998,45.278996,105600
2017-08-23,47.750000,48.049999,47.049999,47.200001,44.431778,62700
2017-08-24,47.400002,47.400002,46.849998,46.900002,44.149376,65000
2017-08-25,47.099998,47.549999,46.700001,47.400002,44.620049,197200
2017-08-28,47.500000,47.650002,47.049999,47.299999,44.525909,95600
2017-08-29,47.099998,47.799999,46.849998,47.549999,44.761253,75300
2017-08-30,47.450001,47.849998,47.349998,47.650002,44.855385,91100
2017-08-31,47.799999,48.950001,47.639999,48.900002,46.032074,96400
2017-09-01,49.000000,49.230000,48.400002,48.549999,45.702599,78700
2017-09-05,48.599998,48.700001,47.549999,47.799999,44.996593,82600
2017-09-06,48.250000,48.900002,48.150002,48.349998,45.514332,73900
2017-09-07,48.400002,48.400002,47.500000,47.650002,44.855385,50900
2017-09-08,47.549999,48.549999,47.400002,48.349998,45.514332,78700
2017-09-11,48.650002,49.150002,48.549999,48.900002,46.032074,46300
2017-09-12,48.900002,49.650002,48.900002,49.549999,46.643951,74700
2017-09-13,49.500000,50.070000,49.450001,50.000000,47.067574,54200
2017-09-14,50.049999,50.250000,49.700001,50.200001,47.255825,47000
2017-09-15,50.200001,51.099998,50.000000,51.049999,48.055977,211900
2017-09-18,51.150002,51.549999,50.599998,51.299999,48.291317,89400
2017-09-19,51.299999,51.700001,50.599998,50.849998,47.867702,88300
2017-09-20,51.000000,51.380001,50.500000,50.549999,47.585300,79500
2017-09-21,50.400002,50.750000,50.150002,50.150002,47.208771,70100
2017-09-22,50.150002,51.099998,50.150002,50.950001,47.961849,81200
2017-09-25,44.799999,48.849998,44.799999,47.250000,44.478840,314500
2017-09-26,47.049999,48.250000,46.849998,48.200001,45.373135,132300
2017-09-27,48.049999,49.349998,47.049999,48.950001,46.079144,234100
2017-09-28,48.849998,49.200001,47.700001,49.150002,46.267414,111800
2017-09-29,48.900002,48.900002,48.250000,48.700001,45.843815,99300
2017-10-02,48.650002,50.349998,48.450001,50.200001,47.255825,217700
2017-10-03,47.299999,50.200001,45.349998,48.049999,45.231930,357600
2017-10-04,47.750000,48.799999,47.500000,47.500000,44.714184,202900
2017-10-05,47.549999,48.049999,45.599998,46.400002,43.678703,227500
2017-10-06,45.849998,46.700001,45.650002,46.200001,43.490433,139800
2017-10-09,46.299999,46.650002,45.549999,45.849998,43.160957,206600
2017-10-10,46.099998,46.950001,45.950001,46.849998,44.102310,139000
2017-10-11,47.000000,47.099998,46.450001,46.799999,44.055233,132400
2017-10-12,46.849998,47.750000,46.770000,47.150002,44.384712,172700
2017-10-13,47.400002,47.549999,46.799999,47.349998,44.572975,145500
2017-10-16,47.349998,48.150002,47.250000,47.500000,44.714184,114400
2017-10-17,47.200001,47.700001,47.200001,47.549999,44.922028,107600
2017-10-18,47.700001,47.950001,47.299999,47.400002,44.780315,158500
2017-10-19,47.099998,47.200001,46.480000,47.049999,44.449657,107800
2017-10-20,47.400002,47.400002,46.849998,47.200001,44.591362,141100
2017-10-23,47.200001,47.200001,46.650002,46.650002,44.071766,100000
2017-10-24,46.650002,47.200001,46.400002,47.000000,44.402428,87600
2017-10-25,46.900002,46.950001,46.000000,46.849998,44.260715,132000
2017-10-26,46.950001,47.900002,46.599998,47.500000,44.874786,80300
2017-10-27,47.349998,48.200001,47.049999,48.049999,45.394394,121700
2017-10-30,47.799999,47.799999,46.599998,47.400002,44.780315,94000
2017-10-31,47.549999,48.099998,47.000000,47.799999,45.158215,84200
2017-11-01,48.200001,48.700001,47.049999,47.099998,44.496895,129000
2017-11-02,47.299999,47.450001,46.700001,47.250000,44.638603,70200
2017-11-03,47.049999,47.549999,46.200001,46.250000,43.693874,76200
2017-11-06,46.099998,47.049999,46.000000,46.799999,44.213474,78300
2017-11-07,46.700001,46.700001,45.299999,45.750000,43.221497,140600
2017-11-08,45.450001,45.650002,44.700001,45.349998,42.843613,107000
2017-11-09,44.950001,45.450001,44.150002,44.250000,41.804413,112700
2017-11-10,44.000000,44.599998,44.000000,44.349998,41.898880,69000
2017-11-13,44.200001,45.049999,43.950001,44.000000,41.568230,151900
2017-11-14,43.650002,44.049999,43.250000,43.900002,41.473751,90700
2017-11-15,43.500000,44.299999,43.180000,43.450001,41.048630,134200
2017-11-16,43.599998,44.799999,43.599998,44.750000,42.276779,92800
2017-11-17,44.400002,45.150002,44.400002,44.750000,42.276779,99000
2017-11-20,44.700001,45.250000,44.349998,45.150002,42.654671,73200
2017-11-21,45.500000,45.820000,45.250000,45.500000,42.985329,71000
2017-11-22,45.599998,46.070000,45.200001,45.250000,42.749142,49700
2017-11-24,45.400002,45.450001,44.599998,45.200001,42.701904,38100
2017-11-27,45.200001,45.700001,45.099998,45.599998,43.079796,156500
2017-11-28,45.650002,47.750000,45.549999,47.650002,45.016502,166000
2017-11-29,47.650002,48.700001,47.650002,48.099998,45.441628,140600
2017-11-30,48.250000,48.549999,47.750000,48.099998,45.441628,118000
2017-12-01,48.049999,48.049999,45.549999,47.500000,44.874786,175200
2017-12-04,48.200001,48.750000,47.099998,47.150002,44.544136,79300
2017-12-05,47.299999,47.650002,46.650002,47.299999,44.685841,90400
2017-12-06,47.299999,47.650002,47.150002,47.500000,44.874786,86000
2017-12-07,47.400002,48.150002,47.250000,47.450001,44.827545,69900
2017-12-08,47.599998,47.900002,46.900002,46.950001,44.355186,67600
2017-12-11,47.099998,47.099998,46.500000,46.650002,44.071766,67900
2017-12-12,46.900002,47.650002,46.650002,47.599998,44.969261,108200
2017-12-13,47.500000,48.450001,47.450001,48.349998,45.677811,100400
2017-12-14,48.400002,48.799999,47.900002,48.200001,45.536106,217300
2017-12-15,48.349998,49.849998,48.279999,49.500000,46.764259,513400
2017-12-18,49.849998,50.450001,49.150002,49.500000,46.764259,130000
2017-12-19,49.750000,50.750000,49.400002,50.099998,47.331093,181300
2017-12-20,50.250000,51.200001,50.250000,50.650002,47.850693,120200
2017-12-21,50.950001,51.250000,50.529999,51.049999,48.228588,111100
2017-12-22,51.150002,51.549999,50.799999,51.400002,48.559242,122300
2017-12-26,51.450001,51.549999,50.950001,51.250000,48.417538,71600
2017-12-27,51.500000,51.500000,50.820000,51.299999,48.464767,65000
2017-12-28,51.400002,51.799999,51.250000,51.500000,48.653717,94000
2017-12-29,51.650002,51.650002,51.099998,51.099998,48.275822,186000
2018-01-02,51.250000,52.200001,51.099998,51.250000,48.417538,292600
2018-01-03,51.299999,51.799999,50.700001,51.750000,48.889900,153000
2018-01-04,52.000000,52.950001,51.549999,51.700001,48.842667,129600
2018-01-05,51.799999,52.150002,50.500000,50.650002,47.850693,161300
2018-01-08,50.599998,50.900002,50.000000,50.639999,47.841251,112800
2018-01-09,47.700001,48.000000,45.700001,47.500000,44.874786,713500
2018-01-10,47.200001,48.200001,47.000000,47.349998,44.733078,209000
2018-01-11,47.450001,47.450001,46.799999,47.150002,44.544136,285000
2018-01-12,46.950001,47.299999,46.750000,47.150002,44.544136,186200
2018-01-16,47.200001,47.750000,46.750000,47.000000,44.402428,139200
2018-01-17,47.299999,47.500000,46.450001,46.950001,44.355186,143600
2018-01-18,46.700001,47.700001,46.400002,46.900002,44.307949,120000
2018-01-19,46.849998,47.500000,46.349998,47.400002,44.780315,158600
2018-01-22,47.400002,47.750000,46.750000,47.400002,44.780315,116200
2018-01-23,47.250000,47.450001,46.900002,47.049999,44.449657,67000
2018-01-24,47.049999,47.500000,46.650002,46.900002,44.307949,105600
2018-01-25,46.950001,47.200001,46.400002,46.599998,44.024536,104300
2018-01-26,46.599998,47.590000,46.250000,47.000000,44.402428,173900
2018-01-29,46.799999,46.900002,46.299999,46.450001,43.882820,158800
2018-01-30,45.950001,46.450001,45.799999,45.950001,43.410461,106800
2018-01-31,46.200001,46.200001,45.099998,45.500000,42.985329,121400
2018-02-01,45.250000,45.799999,44.950001,45.500000,42.985329,197600
2018-02-02,45.150002,45.250000,44.700001,45.000000,42.512951,154200
2018-02-05,44.349998,44.950001,41.950001,42.049999,39.876648,192000
2018-02-06,41.349998,42.750000,41.150002,42.349998,40.161137,235800
2018-02-07,42.250000,42.750000,42.099998,42.250000,40.066315,84500
2018-02-08,42.200001,42.549999,41.549999,41.700001,39.544735,194400
2018-02-09,42.049999,43.049999,40.900002,42.700001,40.493053,210000
2018-02-12,42.900002,43.250000,41.950001,42.750000,40.540466,117900
2018-02-13,42.400002,42.700001,42.150002,42.200001,40.018890,62900
2018-02-14,41.750000,43.099998,41.750000,42.950001,40.730129,60500
2018-02-15,43.200001,43.200001,42.549999,42.950001,40.730129,95600
2018-02-16,42.700001,44.150002,42.599998,43.549999,41.299118,193300
2018-02-20,43.049999,44.250000,42.799999,43.549999,41.299118,176500
2018-02-21,43.400002,44.000000,42.599998,42.599998,40.398212,162800
2018-02-22,42.750000,43.799999,42.450001,42.750000,40.540466,143800
2018-02-23,43.049999,43.250000,41.799999,42.200001,40.018890,145500
2018-02-26,42.599998,43.150002,42.150002,43.000000,40.777534,134400
2018-02-27,43.049999,43.799999,42.480000,42.650002,40.445637,125700
2018-02-28,42.750000,42.799999,40.799999,40.849998,38.738670,161700
2018-03-01,40.700001,41.599998,40.200001,40.549999,38.454166,180000
2018-03-02,40.250000,42.200001,40.000000,41.400002,39.260242,159800
2018-03-05,41.000000,42.150002,40.900002,41.950001,39.781818,103500
2018-03-06,42.049999,43.250000,41.950001,42.950001,40.730129,115600
2018-03-07,42.549999,43.900002,42.549999,43.500000,41.251698,187000
2018-03-08,43.599998,44.200001,42.950001,43.200001,40.967213,77600
2018-03-09,43.500000,44.200001,43.299999,43.950001,41.678444,84600
2018-03-12,43.950001,44.549999,43.950001,44.400002,42.105183,135900
2018-03-13,44.799999,46.000000,44.599998,45.450001,43.100914,172100
2018-03-14,45.549999,45.849998,44.599998,44.900002,42.579346,192100
2018-03-15,45.000000,45.000000,43.849998,43.950001,41.678444,147600
2018-03-16,44.049999,44.650002,43.799999,44.500000,42.200016,246100
2018-03-19,44.450001,44.900002,43.349998,44.099998,41.820686,125600
2018-03-20,44.349998,44.400002,43.700001,43.900002,41.631023,88600
2018-03-21,43.750000,44.400002,43.549999,43.849998,41.583614,74700
2018-03-22,43.650002,44.049999,42.700001,42.700001,40.493053,114100
2018-03-23,42.799999,42.900002,42.000000,42.000000,39.829227,120200
2018-03-26,42.500000,42.950001,42.000000,42.799999,40.587879,123600
2018-03-27,42.849998,43.299999,42.250000,42.450001,40.255970,77900
2018-03-28,42.650002,42.950001,42.349998,42.750000,40.540466,85900
2018-03-29,42.500000,43.950001,42.500000,43.700001,41.441364,174500
2018-04-02,43.599998,43.750000,42.349998,42.799999,40.587879,137800
2018-04-03,42.900002,42.950001,42.200001,42.700001,40.493053,136400
2018-04-04,42.200001,43.500000,42.000000,43.450001,41.204285,83600
2018-04-05,43.500000,44.299999,43.000000,44.250000,41.962936,86300
2018-04-06,44.000000,44.599998,43.049999,43.349998,41.109459,73400
2018-04-09,43.599998,43.700001,42.950001,43.049999,40.824963,58100
2018-04-10,43.549999,44.349998,43.400002,43.950001,41.678444,72600
2018-04-11,43.599998,44.549999,43.599998,44.549999,42.247429,70400
2018-04-12,44.750000,45.500000,44.150002,45.299999,42.958668,152400
2018-04-13,45.450001,45.799999,45.150002,45.250000,42.911251,74900
2018-04-16,45.549999,46.130001,45.349998,45.799999,43.432819,84000
2018-04-17,46.099998,46.450001,45.549999,46.250000,43.859566,111200
2018-04-18,46.200001,46.450001,45.150002,46.049999,43.669907,108300
2018-04-19,45.950001,46.849998,45.049999,45.200001,42.863838,153200
2018-04-20,45.049999,46.150002,44.900002,45.650002,43.290581,247000
2018-04-23,45.700001,46.299999,45.700001,45.900002,43.527657,72600
2018-04-24,45.799999,46.349998,45.000000,45.400002,43.213547,101900
2018-04-25,45.200001,46.250000,45.200001,46.250000,44.022610,91400
2018-04-26,46.150002,46.349998,45.700001,46.200001,43.975021,77500
2018-04-27,46.099998,46.349998,45.049999,45.750000,43.546696,131100
2018-04-30,45.200001,45.900002,44.549999,44.549999,42.404484,112900
2018-05-01,44.349998,44.900002,43.750000,44.849998,42.690029,138500
2018-05-02,44.700001,44.700001,43.849998,43.950001,41.833385,135300
2018-05-03,43.900002,43.900002,42.950001,43.549999,41.452641,153300
2018-05-04,43.450001,44.599998,43.299999,44.250000,42.118931,88700
2018-05-07,44.500000,45.349998,44.279999,45.099998,42.927994,114600
2018-05-08,44.950001,46.700001,44.500000,46.400002,44.165390,195400
2018-05-09,46.599998,46.950001,46.000000,46.500000,44.260574,242900
2018-05-10,46.549999,46.549999,45.700001,45.799999,43.594284,108500
2018-05-11,45.900002,45.900002,45.299999,45.349998,43.165955,80800
2018-05-14,45.500000,45.779999,44.950001,45.049999,42.880405,102300
2018-05-15,41.700001,42.650002,39.500000,39.599998,37.692871,428500
2018-05-16,39.849998,41.299999,39.849998,41.250000,39.263409,383500
2018-05-17,41.150002,42.450001,41.150002,41.599998,39.596550,245700
2018-05-18,41.500000,42.099998,41.500000,42.000000,39.977291,178100
2018-05-21,42.000000,43.250000,41.849998,43.049999,40.976727,255200
2018-05-22,43.000000,43.500000,43.000000,43.150002,41.071907,179100
2018-05-23,43.049999,43.500000,42.900002,43.150002,41.071907,168700
2018-05-24,43.000000,43.299999,42.799999,43.000000,40.929127,77400
2018-05-25,42.750000,43.349998,42.700001,43.000000,40.929127,119500
2018-05-29,42.599998,43.250000,42.400002,42.599998,40.548401,114200
2018-05-30,42.700001,43.750000,42.700001,43.500000,41.405052,148000
2018-05-31,43.400002,43.799999,43.099998,43.250000,41.167088,118100
2018-06-01,43.599998,43.950001,43.450001,43.599998,41.500240,144300
2018-06-04,43.750000,44.799999,43.500000,44.650002,42.499664,194400
2018-06-05,44.650002,44.900002,44.299999,44.849998,42.690029,199100
2018-06-06,45.049999,45.200001,44.700001,44.950001,42.785225,82500
2018-06-07,45.000000,45.400002,44.799999,44.900002,42.737629,77300
2018-06-08,45.000000,45.049999,44.400002,44.549999,42.404484,92200
2018-06-11,44.549999,45.000000,44.500000,44.799999,42.642441,117000
2018-06-12,44.900002,44.950001,44.450001,44.549999,42.404484,171800
2018-06-13,44.700001,45.299999,44.400002,45.049999,42.880405,272700
2018-06-14,45.349998,45.950001,45.049999,45.400002,43.213547,178500
2018-06-15,45.200001,45.650002,44.700001,45.200001,43.023186,286400
2018-06-18,44.950001,45.950001,44.950001,45.950001,43.737061,151200
2018-06-19,45.549999,45.650002,44.650002,45.000000,42.832817,270800
2018-06-20,45.099998,45.150002,44.650002,45.099998,42.927994,141600
2018-06-21,44.950001,45.049999,44.250000,44.500000,42.356895,145000
2018-06-22,44.950001,44.950001,44.250000,44.299999,42.166523,259000
2018-06-25,44.200001,44.299999,43.450001,43.849998,41.738197,96900
2018-06-26,43.900002,44.650002,43.900002,44.549999,42.404484,233100
2018-06-27,44.650002,44.900002,43.549999,43.599998,41.500240,247700
2018-06-28,43.599998,43.599998,42.849998,42.950001,40.881542,188700
2018-06-29,43.400002,44.099998,42.950001,43.450001,41.357468,430600
2018-07-02,43.099998,43.799999,42.650002,43.599998,41.500240,472300
2018-07-03,49.200001,51.500000,46.450001,48.500000,46.164257,918200
2018-07-05,48.849998,52.400002,48.450001,52.000000,49.495693,888300
2018-07-06,52.250000,53.349998,51.650002,52.849998,50.304756,418500
2018-07-09,53.250000,54.500000,53.250000,54.400002,51.780117,293900
2018-07-10,54.500000,54.900002,53.279999,54.849998,52.208443,214500
2018-07-11,54.299999,54.750000,54.099998,54.400002,51.780117,187800
2018-07-12,54.849998,54.950001,54.000000,54.549999,51.922882,190500
2018-07-13,54.549999,54.950001,54.200001,54.650002,52.018078,160400
2018-07-16,54.400002,54.650002,53.799999,53.849998,51.416542,140500
2018-07-17,54.000000,54.500000,53.450001,53.900002,51.464279,125600
2018-07-18,53.900002,54.250000,53.650002,53.799999,51.368797,229400
2018-07-19,53.700001,54.750000,53.430000,54.549999,52.084908,216800
2018-07-20,54.650002,56.049999,54.349998,55.500000,52.991982,225700
2018-07-23,54.900002,55.150002,54.500000,54.799999,52.323608,181300
2018-07-24,55.250000,55.400002,54.599998,54.849998,52.371353,208200
2018-07-25,54.750000,54.849998,53.700001,54.299999,51.846210,165600
2018-07-26,54.299999,55.000000,53.950001,54.299999,51.846210,217500
2018-07-27,54.500000,54.500000,53.200001,53.700001,51.273319,139800
2018-07-30,53.599998,54.150002,53.250000,53.349998,50.939137,101700
2018-07-31,53.400002,55.000000,53.400002,54.200001,51.750725,210700
2018-08-01,54.200001,54.500000,53.450001,54.450001,51.989429,160100
2018-08-02,53.900002,54.400002,53.750000,54.049999,51.607502,126700
2018-08-03,54.200001,54.750000,53.500000,53.599998,51.177841,150000
2018-08-06,53.349998,54.150002,53.169998,53.900002,51.464279,103600
2018-08-07,53.349998,54.650002,53.349998,54.099998,51.655235,81500
2018-08-08,54.049999,54.349998,53.400002,54.099998,51.655235,104800
2018-08-09,54.049999,54.299999,53.150002,53.250000,50.843655,86400
2018-08-10,52.799999,53.599998,52.299999,53.349998,50.939137,94400
2018-08-13,53.299999,54.000000,53.049999,53.549999,51.130104,100100
2018-08-14,53.849998,54.549999,53.400002,54.049999,51.607502,90800
2018-08-15,53.700001,53.849998,53.200001,53.400002,50.986881,53600
2018-08-16,53.650002,54.150002,53.650002,54.000000,51.559761,47700
2018-08-17,54.000000,54.279999,53.849998,53.900002,51.464279,53500
2018-08-20,54.049999,54.500000,53.500000,53.700001,51.273319,85900
2018-08-21,53.849998,54.849998,53.849998,54.750000,52.275875,139400
2018-08-22,54.849998,54.849998,53.950001,54.200001,51.750725,83000
2018-08-23,54.099998,54.200001,53.349998,53.849998,51.416542,66900
2018-08-24,54.200001,54.400002,53.750000,54.049999,51.607502,80000
2018-08-27,54.299999,54.799999,54.099998,54.200001,51.750725,67800
2018-08-28,54.250000,55.000000,53.900002,54.200001,51.750725,108500
2018-08-29,54.150002,54.700001,53.799999,54.250000,51.798470,114700
2018-08-30,54.000000,54.250000,53.549999,53.849998,51.416542,50700
2018-08-31,53.599998,53.900002,53.450001,53.750000,51.321056,62700
2018-09-04,53.599998,54.200001,52.750000,53.849998,51.416542,100300
2018-09-05,53.750000,54.500000,53.650002,54.150002,51.702980,68600
2018-09-06,54.450001,55.320000,54.049999,54.250000,51.798470,98800
2018-09-07,54.150002,54.599998,53.599998,53.900002,51.464279,79300
2018-09-10,54.299999,54.599998,53.849998,54.000000,51.559761,85500
2018-09-11,53.950001,53.950001,53.099998,53.299999,50.891399,73100
2018-09-12,53.349998,53.799999,53.009998,53.549999,51.130104,64900
2018-09-13,53.950001,54.279999,53.250000,53.450001,51.034622,65100
2018-09-14,53.500000,54.049999,53.250000,53.650002,51.225578,69200
2018-09-17,53.599998,53.650002,52.900002,53.000000,50.604954,68000
2018-09-18,53.150002,53.200001,52.450001,52.500000,50.127544,100800
2018-09-19,52.599998,52.950001,51.450001,51.750000,49.411438,144300
2018-09-20,52.049999,52.650002,51.400002,52.549999,50.175293,102800
2018-09-21,52.650002,52.950001,51.400002,51.450001,49.125004,223500
2018-09-24,51.150002,52.450001,50.599998,52.049999,49.697876,135300
2018-09-25,52.049999,52.500000,51.299999,51.700001,49.363697,82100
2018-09-26,51.700001,51.700001,50.799999,50.849998,48.552105,91200
2018-09-27,50.849998,51.049999,49.950001,50.200001,47.931484,122900
2018-09-28,50.000000,50.750000,50.000000,50.500000,48.217922,128400
2018-10-01,50.779999,50.970001,49.330002,49.660000,47.415894,156200
2018-10-02,49.529999,49.750000,49.119999,49.220001,46.995766,93600
2018-10-03,49.389999,50.070000,48.610001,49.910000,47.654587,137800
2018-10-04,49.770000,49.959999,48.759998,48.770000,46.566101,68000
2018-10-05,48.759998,48.820000,47.419998,47.910000,45.744965,150500
2018-10-08,47.880001,49.369999,47.880001,48.669998,46.470627,233700
2018-10-09,44.630001,49.750000,43.340000,45.650002,43.587097,482000
2018-10-10,45.650002,46.869999,44.139999,44.259998,42.259907,328400
2018-10-11,44.029999,47.029999,44.029999,46.310001,44.217274,205500
2018-10-12,46.849998,47.090000,45.070000,45.680000,43.615742,130700
2018-10-15,45.220001,46.549999,45.220001,46.310001,44.382446,129000
2018-10-16,46.310001,47.470001,46.259998,47.290001,45.321648,102400
2018-10-17,46.840000,47.070000,46.130001,46.430000,44.497448,178200
2018-10-18,46.160000,46.430000,45.130001,45.439999,43.548653,79900
2018-10-19,45.330002,45.500000,44.599998,44.880001,43.011967,77800
2018-10-22,45.060001,46.279999,45.060001,45.529999,43.634907,101900
2018-10-23,45.689999,45.689999,44.410000,44.830002,42.964054,206500
2018-10-24,44.709999,45.090000,42.520000,42.630001,40.855614,174500
2018-10-25,42.860001,43.580002,42.410000,42.639999,40.865204,203500
2018-10-26,42.230000,43.410000,41.939999,42.560001,40.788528,113200
2018-10-29,44.400002,45.610001,43.680000,44.279999,42.436932,207000
2018-10-30,44.400002,45.070000,44.099998,44.889999,43.021545,82200
2018-10-31,45.150002,45.540001,44.299999,44.349998,42.504021,104900
2018-11-01,44.740002,45.740002,44.740002,45.570000,43.673237,164100
2018-11-02,45.880001,46.439999,45.639999,45.660000,43.759499,102800
2018-11-05,45.639999,46.060001,45.160000,45.919998,44.008678,96100
2018-11-06,45.869999,47.189999,45.869999,46.959999,45.005386,75600
2018-11-07,47.000000,47.779999,46.139999,47.770000,45.781670,112000
2018-11-08,47.450001,48.270000,47.180000,47.849998,45.858334,122900
2018-11-09,47.400002,47.740002,46.810001,47.480000,45.503738,161500
2018-11-12,47.490002,47.770000,46.570000,46.810001,44.861626,137600
2018-11-13,47.049999,48.279999,46.930000,47.599998,45.618744,151400
2018-11-14,47.730000,48.689999,47.730000,48.080002,46.078770,124000
2018-11-15,47.650002,48.490002,47.180000,48.380001,46.366283,137300
2018-11-16,48.110001,49.290001,48.020000,49.130001,47.085068,133000
2018-11-19,49.049999,49.459999,47.849998,47.930000,45.935013,163300
2018-11-20,47.740002,48.330002,47.020000,47.250000,45.283318,115500
2018-11-21,47.290001,48.310001,46.970001,47.570000,45.589993,56600
2018-11-23,47.299999,47.799999,47.150002,47.380001,45.407906,44700
2018-11-26,47.610001,48.310001,47.400002,48.209999,46.203354,77900
2018-11-27,47.950001,48.209999,47.290001,47.320000,45.350407,64200
2018-11-28,47.290001,48.360001,46.540001,48.320000,46.308781,156300
2018-11-29,48.110001,48.330002,47.209999,47.669998,45.685837,65600
2018-11-30,47.680000,47.970001,47.369999,47.740002,45.752930,133700
2018-12-03,48.080002,48.459999,46.849998,47.049999,45.091640,124000
2018-12-04,47.029999,47.410000,44.540001,44.639999,42.781956,143100
2018-12-06,44.290001,44.840000,42.990002,44.730000,42.868202,221500
2018-12-07,45.009998,45.270000,43.930000,44.150002,42.312351,92800
2018-12-10,43.849998,44.209999,41.639999,41.820000,40.079327,168900
2018-12-11,42.340000,43.279999,41.630001,41.830002,40.088917,142700
2018-12-12,42.349998,43.419998,42.090000,42.700001,40.922699,95200
2018-12-13,42.919998,42.970001,42.320000,42.480000,40.711857,78100
2018-12-14,42.209999,43.099998,41.990002,42.490002,40.721447,378400
2018-12-17,42.290001,42.830002,41.790001,41.980000,40.232674,186900
2018-12-18,42.180000,42.509998,41.240002,41.430000,39.705563,117700
2018-12-19,41.650002,42.450001,40.730000,41.090000,39.379719,193500
2018-12-20,41.160000,41.709999,40.200001,40.490002,38.804691,164700
2018-12-21,40.560001,40.660000,38.180000,38.500000,36.897518,739400
2018-12-24,38.580002,38.610001,37.689999,37.689999,36.121231,106600
2018-12-26,37.770000,39.919998,37.430000,39.820000,38.162571,114000
2018-12-27,39.230000,40.099998,38.740002,40.070000,38.402168,124100
2018-12-28,40.200001,41.169998,39.910000,40.450001,38.766357,135700
2018-12-31,40.509998,40.669998,39.480000,40.360001,38.680088,108700
2019-01-02,39.770000,41.240002,39.709999,40.610001,38.919685,157600
2019-01-03,40.570000,40.830002,39.450001,40.009998,38.344669,120300
2019-01-04,40.369999,41.090000,39.779999,40.900002,39.197620,119600
2019-01-07,40.970001,41.810001,40.889999,41.450001,39.724731,141800
2019-01-08,40.869999,46.610001,39.580002,43.580002,41.766075,419100
2019-01-09,43.740002,44.740002,43.380001,44.450001,42.599857,303800
2019-01-10,44.110001,45.869999,43.910000,45.840000,43.932011,210900
2019-01-11,45.630001,45.860001,44.779999,45.470001,43.577408,135400
2019-01-14,45.110001,45.639999,44.180000,44.270000,42.427357,111400
2019-01-15,44.049999,44.160000,43.430000,43.919998,42.091915,135900
2019-01-16,43.930000,44.610001,43.889999,44.439999,42.590275,114100
2019-01-17,44.049999,45.380001,44.049999,45.250000,43.366562,202600
2019-01-18,45.299999,46.180000,45.209999,45.779999,43.874504,129100
2019-01-22,45.490002,46.160000,44.759998,45.080002,43.203644,179500
2019-01-23,45.150002,45.430000,44.279999,44.290001,42.446518,108000
2019-01-24,44.040001,44.860001,44.040001,44.279999,42.436932,154800
2019-01-25,44.750000,45.470001,44.430000,44.720001,42.858616,90400
2019-01-28,44.099998,44.250000,42.830002,43.500000,41.848484,93400
2019-01-29,43.619999,44.150002,43.610001,43.980000,42.310261,54100
2019-01-30,44.209999,44.849998,43.439999,44.580002,42.887486,76300
2019-01-31,44.470001,45.209999,44.259998,44.750000,43.051029,130700
2019-02-01,44.820000,45.230000,44.220001,44.450001,42.762413,55900
2019-02-04,44.320000,45.410000,44.070000,45.369999,43.647484,239900
2019-02-05,45.369999,45.830002,44.560001,44.759998,43.060646,68800
2019-02-06,44.529999,46.110001,44.279999,45.730000,43.993820,177300
2019-02-07,45.380001,45.750000,44.540001,45.139999,43.426224,80800
2019-02-08,44.959999,45.580002,44.279999,44.590000,42.897106,56700
2019-02-11,44.660000,44.660000,44.070000,44.639999,42.945206,63900
2019-02-12,44.880001,46.020000,44.880001,45.980000,44.234329,90300
2019-02-13,46.070000,46.759998,46.070000,46.490002,44.724968,93900
2019-02-14,46.320000,47.200001,46.150002,46.150002,44.397877,100500
2019-02-15,46.549999,47.419998,46.549999,46.959999,45.177124,141500
2019-02-19,46.840000,47.599998,46.840000,47.259998,45.465733,63000
2019-02-20,47.310001,48.660000,47.310001,48.330002,46.495113,85700
2019-02-21,48.119999,48.660000,47.119999,47.500000,45.696621,82300
2019-02-22,47.730000,47.880001,47.189999,47.509998,45.706245,140600
2019-02-25,47.700001,48.009998,47.349998,47.349998,45.552315,59200
2019-02-26,47.459999,47.849998,46.619999,46.689999,44.917374,74500
2019-02-27,46.689999,47.000000,46.380001,46.669998,44.898125,79000
2019-02-28,46.529999,46.540001,45.980000,46.020000,44.272804,73800
2019-03-01,46.279999,46.650002,45.779999,46.169998,44.417118,102000
2019-03-04,46.189999,46.310001,45.560001,45.660000,43.926476,135500
2019-03-05,45.730000,45.860001,45.029999,45.150002,43.435841,69800
2019-03-06,45.320000,45.320000,44.070000,44.240002,42.560394,177900
2019-03-07,44.200001,44.279999,43.290001,43.680000,42.021656,128000
2019-03-08,43.340000,43.910000,43.330002,43.779999,42.117851,65000
2019-03-11,43.880001,44.099998,43.470001,43.990002,42.319881,103200
2019-03-12,44.049999,44.209999,43.500000,43.540001,41.886971,88100
2019-03-13,43.820000,44.099998,43.209999,43.709999,42.050514,85000
2019-03-14,43.549999,43.669998,42.709999,42.790001,41.165447,49400
2019-03-15,42.840000,43.360001,42.130001,42.380001,40.771004,222300
2019-03-18,42.459999,43.599998,42.439999,43.529999,41.877342,93700
2019-03-19,43.779999,43.799999,42.930000,43.060001,41.425190,39000
2019-03-20,42.910000,42.980000,42.040001,42.250000,40.645950,82700
2019-03-21,42.080002,43.299999,42.080002,42.650002,41.030758,95300
2019-03-22,42.270000,42.320000,40.090000,40.110001,38.587193,80200
2019-03-25,40.189999,41.209999,40.049999,40.599998,39.058590,83400
2019-03-26,40.880001,41.220001,40.189999,40.639999,39.097069,100900
2019-03-27,40.689999,40.980000,40.049999,40.820000,39.270241,51100
2019-03-28,40.939999,41.279999,40.180000,41.130001,39.568462,63400
2019-03-29,41.330002,41.540001,40.610001,40.930000,39.376060,87200
2019-04-01,41.290001,41.840000,41.169998,41.570000,39.991760,75300
2019-04-02,41.599998,42.130001,41.110001,41.340000,39.770496,56600
2019-04-03,41.720001,42.529999,41.369999,41.959999,40.366955,67200
2019-04-04,41.919998,42.490002,41.919998,42.349998,40.742149,44400
2019-04-05,42.430000,43.259998,42.430000,42.750000,41.126957,124900
2019-04-08,42.759998,43.189999,42.580002,42.980000,41.348225,120900
2019-04-09,42.880001,43.299999,42.570000,42.610001,40.992271,90600
2019-04-10,42.639999,43.540001,42.639999,43.389999,41.742653,118900
2019-04-11,43.400002,43.709999,42.910000,43.189999,41.550247,58300
2019-04-12,43.639999,44.540001,43.110001,43.970001,42.300644,165800
2019-04-15,44.029999,44.770000,44.029999,44.509998,42.820137,114300
2019-04-16,44.639999,45.480000,44.580002,45.430000,43.705208,135900
2019-04-17,45.680000,46.369999,45.560001,46.130001,44.378639,272300
2019-04-18,45.980000,46.869999,45.980000,46.730000,44.955860,149700
2019-04-22,46.680000,46.740002,45.070000,45.580002,43.849518,89300
2019-04-23,45.580002,46.770000,45.049999,46.630001,45.027596,115400
2019-04-24,46.549999,47.580002,46.459999,47.259998,45.635941,125400
2019-04-25,46.790001,47.180000,46.029999,46.400002,44.805496,115500
2019-04-26,46.580002,47.090000,46.459999,46.880001,45.269005,54200
2019-04-29,46.900002,47.580002,46.900002,47.130001,45.510406,167500
2019-04-30,47.119999,47.540001,46.470001,47.490002,45.858044,163100
2019-05-01,47.459999,47.689999,46.599998,46.810001,45.201408,279500
2019-05-02,46.700001,47.320000,46.130001,47.139999,45.520069,71200
2019-05-03,47.459999,48.290001,47.450001,48.220001,46.562950,158900
2019-05-06,47.270000,48.709999,47.270000,48.540001,46.871956,96900
2019-05-07,48.150002,48.529999,47.209999,48.000000,46.350510,83200
2019-05-08,48.049999,48.049999,47.310001,47.779999,46.138073,96400
2019-05-09,47.330002,48.520000,47.330002,48.119999,46.466389,122400
2019-05-10,48.160000,48.299999,47.099998,48.180000,46.524326,63300
2019-05-13,47.470001,47.470001,46.349998,46.779999,45.172440,163400
2019-05-14,46.880001,48.000000,46.369999,46.779999,45.172440,149000
2019-05-15,46.369999,47.320000,46.369999,46.980000,45.365562,241700
2019-05-16,47.419998,47.419998,46.389999,46.650002,45.046906,129900
2019-05-17,46.299999,46.880001,45.200001,45.560001,43.994362,207400
2019-05-20,43.220001,44.860001,43.070000,44.349998,42.825935,179100
2019-05-21,44.490002,45.470001,43.880001,45.259998,43.704670,246500
2019-05-22,45.180000,45.180000,42.939999,43.529999,42.034119,263700
2019-05-23,43.090000,43.689999,41.889999,43.279999,41.792717,321100
2019-05-24,43.650002,43.650002,42.669998,43.189999,41.705799,95700
2019-05-28,43.220001,43.459999,42.849998,42.880001,41.406464,129900
2019-05-29,42.419998,42.860001,41.889999,42.299999,40.846386,205300
2019-05-30,42.330002,42.950001,42.240002,42.630001,41.165047,97900
2019-05-31,42.099998,42.380001,41.860001,42.080002,40.633945,127700
2019-06-03,42.279999,43.700001,42.279999,43.570000,42.072750,168000
2019-06-04,43.939999,44.570000,43.770000,44.389999,42.864571,128700
2019-06-05,44.389999,44.400002,43.570000,44.000000,42.487968,55100
2019-06-06,44.270000,44.410000,43.000000,43.450001,41.956871,56200
2019-06-07,43.860001,44.099998,43.119999,43.910000,42.401062,80200
2019-06-10,43.959999,44.590000,43.750000,43.869999,42.362434,71900
2019-06-11,44.200001,44.889999,43.639999,43.840000,42.333473,82300
2019-06-12,43.720001,43.849998,43.240002,43.459999,41.966526,75200
2019-06-13,43.700001,44.150002,43.419998,43.980000,42.468655,115000
2019-06-14,44.049999,44.110001,43.529999,43.570000,42.072750,63600
2019-06-17,43.660000,43.720001,43.150002,43.330002,41.840992,74500
2019-06-18,43.720001,44.570000,43.340000,43.630001,42.130692,122100
2019-06-19,43.580002,44.250000,43.299999,43.790001,42.285179,92200
2019-06-20,44.369999,44.410000,43.709999,43.910000,42.401062,114500
2019-06-21,43.889999,44.480000,43.500000,44.040001,42.526596,199200
2019-06-24,44.189999,44.279999,43.389999,43.430000,41.937561,98500
2019-06-25,43.560001,44.009998,43.080002,43.090000,41.609241,161800
2019-06-26,43.160000,44.099998,43.049999,43.910000,42.401062,97800
2019-06-27,44.110001,45.209999,43.770000,45.200001,43.646736,157400
2019-06-28,45.200001,46.070000,45.029999,46.020000,44.438545,272000
2019-07-01,46.459999,46.889999,45.560001,46.009998,44.428894,116000
2019-07-02,46.049999,46.400002,45.180000,45.730000,44.158520,99900
2019-07-03,45.779999,46.020000,45.250000,45.419998,43.859173,63400
2019-07-05,45.400002,46.169998,44.549999,46.099998,44.515804,135200
2019-07-08,48.570000,50.360001,47.490002,48.860001,47.180958,821600
2019-07-09,48.730000,48.759998,47.020000,47.080002,45.462132,209600
2019-07-10,47.310001,47.790001,46.540001,46.730000,45.124157,183900
2019-07-11,46.660000,47.070000,45.160000,45.349998,43.791576,147000
2019-07-12,45.360001,46.270000,45.230000,46.169998,44.583401,186500
2019-07-15,46.240002,46.279999,45.799999,46.209999,44.622025,87800
2019-07-16,46.049999,46.490002,46.049999,46.299999,44.708923,137100
2019-07-17,46.279999,46.509998,45.650002,45.779999,44.206802,112600
2019-07-18,45.610001,46.000000,45.310001,45.480000,43.917110,131500
2019-07-19,45.209999,45.830002,44.950001,45.240002,43.849262,175600
2019-07-22,45.230000,45.529999,43.779999,44.139999,42.783073,98300
2019-07-23,44.439999,45.189999,44.090000,45.040001,43.655407,380900
2019-07-24,44.740002,46.060001,44.740002,45.970001,44.556820,114800
2019-07-25,45.910000,46.689999,45.740002,46.540001,45.109299,150300
2019-07-26,46.770000,46.980000,46.150002,46.959999,45.516384,212300
2019-07-29,47.020000,47.320000,46.160000,46.459999,45.031765,106400
2019-07-30,46.230000,47.259998,46.009998,46.980000,45.535770,113300
2019-07-31,46.759998,47.529999,46.389999,46.580002,45.148071,245700
2019-08-01,46.529999,47.520000,45.320000,45.619999,44.217579,112800
2019-08-02,45.310001,45.320000,43.980000,44.340000,42.976929,174000
2019-08-05,43.450001,43.520000,42.330002,43.020000,41.697506,145000
2019-08-06,42.990002,43.250000,42.549999,43.139999,41.813824,304100
2019-08-07,42.730000,43.349998,42.169998,43.270000,41.939819,100800
2019-08-08,43.580002,44.650002,43.570000,44.009998,42.657070,269500
2019-08-09,43.880001,43.880001,42.680000,43.070000,41.745975,77900
2019-08-12,42.900002,42.900002,41.790001,41.889999,40.602245,243500
2019-08-13,41.869999,43.430000,41.869999,42.740002,41.426117,79800
2019-08-14,42.060001,42.070000,40.709999,40.939999,39.681454,278100
2019-08-15,41.200001,41.259998,40.389999,40.639999,39.390675,71300
2019-08-16,40.720001,41.380001,40.720001,41.230000,39.962536,136000
2019-08-19,41.639999,42.330002,41.380001,42.099998,40.805790,138200
2019-08-20,42.049999,42.189999,41.349998,41.500000,40.224239,145500
2019-08-21,41.880001,42.270000,41.680000,42.029999,40.737942,95200
2019-08-22,42.000000,42.900002,41.639999,41.680000,40.398701,101700
2019-08-23,41.689999,41.770000,39.930000,40.099998,38.867271,196200
2019-08-26,40.540001,41.099998,40.029999,40.299999,39.061123,123000
2019-08-27,40.610001,40.689999,39.520000,39.549999,38.334183,108100
2019-08-28,39.520000,40.549999,39.250000,40.169998,38.935120,283300
2019-08-29,40.619999,41.340000,40.619999,41.290001,40.020691,146100
2019-08-30,41.619999,41.830002,41.160000,41.270000,40.001305,74800
2019-09-03,41.000000,41.029999,40.000000,40.340000,39.099895,78700
2019-09-04,40.810001,41.200001,40.310001,40.480000,39.235596,85000
2019-09-05,40.959999,41.950001,40.959999,41.279999,40.010998,138700
2019-09-06,41.349998,41.630001,40.660000,40.750000,39.497292,77100
2019-09-09,40.799999,42.349998,40.770000,42.310001,41.009335,122000
2019-09-10,42.349998,43.419998,41.990002,43.320000,41.988289,171600
2019-09-11,43.439999,44.060001,42.950001,43.919998,42.569839,86400
2019-09-12,44.150002,44.459999,43.250000,44.049999,42.695843,96000
2019-09-13,44.310001,44.700001,43.880001,44.259998,42.899387,93300
2019-09-16,44.020000,44.889999,44.020000,44.549999,43.180473,133100
2019-09-17,44.450001,44.939999,43.270000,44.130001,42.773388,76100
2019-09-18,44.169998,44.169998,43.380001,43.860001,42.511684,81200
2019-09-19,43.990002,44.410000,43.259998,43.340000,42.007671,71900
2019-09-20,43.380001,43.750000,42.820000,42.970001,41.649044,204500
2019-09-23,42.470001,43.230000,42.259998,42.880001,41.561817,129400
2019-09-24,43.009998,43.189999,41.980000,42.470001,41.164417,117600
2019-09-25,42.320000,43.639999,42.320000,43.360001,42.027054,190800
2019-09-26,43.689999,43.770000,43.090000,43.270000,41.939819,102700
2019-09-27,43.619999,43.980000,42.669998,42.840000,41.523041,141600
2019-09-30,43.130001,44.209999,42.950001,43.560001,42.220909,172900
2019-10-01,43.810001,44.320000,42.490002,42.730000,41.416424,142400
2019-10-02,42.299999,42.750000,41.720001,42.150002,40.854259,136900
2019-10-03,42.169998,42.410000,41.639999,42.330002,41.028725,107800
2019-10-04,42.240002,42.919998,42.130001,42.799999,41.484272,153800
2019-10-07,42.720001,43.279999,42.259998,43.009998,41.687820,226300
2019-10-08,40.000000,41.000000,35.810001,37.119999,35.978882,698900
2019-10-09,37.529999,38.779999,37.340000,38.020000,36.851215,319700
2019-10-10,38.320000,38.939999,38.189999,38.549999,37.364925,312000
2019-10-11,39.180000,40.209999,38.840000,38.900002,37.704166,254200
2019-10-14,38.750000,39.000000,38.049999,38.320000,37.141991,212200
2019-10-15,38.549999,39.520000,38.220001,38.869999,37.675083,144400
2019-10-16,38.689999,39.259998,38.419998,38.740002,37.549084,116900
2019-10-17,39.000000,39.340000,38.580002,39.070000,37.868938,153500
2019-10-18,38.820000,39.029999,38.490002,38.880001,37.849472,99100
2019-10-21,39.330002,39.840000,39.200001,39.450001,38.404358,119800
2019-10-22,39.380001,39.889999,39.040001,39.360001,38.316742,238700
2019-10-23,39.500000,39.500000,38.299999,38.450001,37.430866,91700
2019-10-24,38.619999,38.680000,37.500000,37.869999,36.866238,94600
2019-10-25,37.860001,38.520000,37.660000,38.220001,37.206959,133800
2019-10-28,38.570000,39.330002,38.410000,38.770000,37.742382,98300
2019-10-29,38.730000,39.689999,38.380001,38.980000,37.946812,137200
2019-10-30,38.630001,38.880001,38.259998,38.730000,37.703442,108900
2019-10-31,38.599998,38.889999,38.090000,38.790001,37.761852,129600
2019-11-01,39.029999,39.470001,38.849998,39.450001,38.404358,217700
2019-11-04,39.750000,40.029999,39.090000,39.700001,38.647736,120900
2019-11-05,39.689999,40.040001,39.040001,39.419998,38.375153,252500
2019-11-06,39.389999,39.500000,38.779999,38.919998,37.888405,140200
2019-11-07,39.230000,39.639999,38.740002,38.930000,37.898140,165700
2019-11-08,38.730000,39.580002,38.590000,39.500000,38.453033,273700
2019-11-11,39.040001,39.639999,38.980000,39.389999,38.345947,187600
2019-11-12,39.380001,39.779999,38.770000,39.029999,37.995487,190300
2019-11-13,38.810001,39.779999,38.599998,39.029999,37.995487,205200
2019-11-14,39.080002,39.540001,38.450001,38.490002,37.469803,118100
2019-11-15,38.869999,39.020000,38.180000,38.389999,37.372452,113700
2019-11-18,38.200001,38.549999,37.160000,37.240002,36.252934,154600
2019-11-19,37.500000,38.139999,37.259998,37.660000,36.661804,118800
2019-11-20,37.520000,38.169998,37.270000,37.490002,36.496311,133000
2019-11-21,37.450001,37.599998,36.840000,37.150002,36.165321,84900
2019-11-22,37.320000,37.630001,36.520000,37.099998,36.116646,81200
2019-11-25,37.230000,38.099998,37.049999,37.970001,36.963589,102000
2019-11-26,37.950001,38.369999,37.700001,37.950001,36.944118,181000
2019-11-27,38.090000,38.889999,37.919998,38.279999,37.265369,135400
2019-11-29,38.090000,38.220001,37.480000,38.070000,37.060940,52900
2019-12-02,37.939999,38.250000,37.000000,37.080002,36.097179,122100
2019-12-03,36.790001,37.209999,36.490002,37.000000,36.019295,141500
2019-12-04,37.169998,38.849998,37.009998,38.330002,37.314045,205700
2019-12-05,42.020000,45.500000,41.599998,44.040001,42.872700,562400
2019-12-06,44.369999,46.000000,44.369999,45.380001,44.177181,307900
2019-12-09,45.299999,45.490002,44.299999,44.799999,43.612553,218300
2019-12-10,44.599998,45.250000,44.189999,44.430000,43.252361,136200
2019-12-11,44.520000,44.759998,43.869999,44.480000,43.301033,141700
2019-12-12,44.410000,45.369999,44.410000,44.799999,43.612553,262100
2019-12-13,44.799999,45.060001,44.279999,44.740002,43.554150,147100
2019-12-16,45.290001,46.290001,45.290001,45.689999,44.478962,171200
2019-12-17,45.910000,46.799999,45.709999,46.700001,45.462196,257900
2019-12-18,46.990002,47.220001,46.599998,46.790001,45.549805,151700
2019-12-19,46.650002,47.119999,46.570000,47.080002,45.832127,145500
2019-12-20,47.209999,47.360001,46.619999,47.180000,45.929470,590700
2019-12-23,47.200001,47.200001,46.060001,46.529999,45.296696,146900
2019-12-24,46.630001,46.799999,46.200001,46.779999,45.540073,47300
2019-12-26,46.880001,47.009998,46.509998,46.919998,45.676361,69800
2019-12-27,47.200001,47.310001,46.189999,46.259998,45.033855,112200
2019-12-30,46.240002,46.639999,45.919998,46.200001,44.975449,312600
2019-12-31,46.200001,46.830002,45.919998,45.950001,44.732071,142800
2020-01-02,46.310001,46.410000,44.700001,45.139999,43.943539,136300
2020-01-03,44.349998,45.500000,44.349998,45.209999,44.011688,193300
2020-01-06,44.770000,45.599998,44.369999,45.360001,44.157707,142700
2020-01-07,45.060001,45.340000,44.599998,44.650002,43.466530,116500
2020-01-08,44.669998,45.419998,44.580002,45.220001,44.021420,282500
2020-01-09,49.250000,49.459999,46.610001,47.040001,45.793182,434000
2020-01-10,47.150002,47.150002,43.770000,44.230000,43.057663,250200
2020-01-13,44.119999,45.080002,43.900002,45.000000,43.807251,362000
2020-01-14,44.759998,45.000000,44.180000,44.619999,43.437317,192800
2020-01-15,44.490002,45.169998,44.169998,44.389999,43.213421,254800
2020-01-16,44.630001,45.099998,44.240002,44.910000,43.719643,143700
2020-01-17,44.770000,44.770000,43.310001,44.070000,42.901905,177800
2020-01-21,44.070000,44.070000,42.990002,43.240002,42.093903,481800
2020-01-22,43.240002,44.759998,43.230000,44.250000,43.077133,181700
2020-01-23,43.849998,45.160000,43.529999,45.070000,43.875401,219200
2020-01-24,45.119999,45.119999,44.000000,44.360001,43.184219,192400
2020-01-27,42.810001,44.180000,42.810001,43.279999,42.132839,137500
2020-01-28,43.580002,44.110001,43.330002,43.750000,42.590382,113900
2020-01-29,43.900002,43.900002,42.709999,42.799999,41.665565,100800
2020-01-30,42.290001,43.020000,42.119999,42.980000,41.840797,74500
2020-01-31,42.470001,42.500000,40.820000,41.259998,40.325882,127300
2020-02-03,41.529999,41.939999,41.330002,41.779999,40.834110,157600
2020-02-04,42.639999,42.639999,41.730000,42.130001,41.176189,425900
2020-02-05,42.970001,43.060001,42.090000,42.869999,41.899433,115600
2020-02-06,43.270000,43.290001,42.369999,42.500000,41.537811,131100
2020-02-07,42.160000,42.400002,41.939999,42.349998,41.391205,112100
2020-02-10,42.139999,42.660000,42.139999,42.650002,41.684414,101900
2020-02-11,43.090000,43.880001,43.090000,43.500000,42.515171,96300
2020-02-12,43.889999,44.119999,42.919998,43.709999,42.720413,144600
2020-02-13,43.389999,44.009998,43.070000,43.580002,42.593361,130300
2020-02-14,43.630001,44.009998,43.310001,43.580002,42.593361,135300
2020-02-18,43.380001,43.619999,42.669998,42.880001,41.909210,114400
2020-02-19,43.009998,43.770000,42.759998,43.349998,42.368568,155400
2020-02-20,43.090000,43.959999,43.090000,43.520000,42.534721,110700
2020-02-21,43.320000,44.560001,43.310001,43.660000,42.671551,82400
2020-02-24,41.810001,43.720001,41.790001,43.369999,42.388115,162900
2020-02-25,43.330002,43.400002,40.919998,41.160000,40.228149,146500
2020-02-26,41.400002,41.520000,40.270000,40.540001,39.622189,181800
2020-02-27,39.180000,39.970001,37.480000,37.560001,36.709656,226300
2020-02-28,36.130001,37.520000,36.119999,36.889999,36.054817,137400
2020-03-02,37.090000,37.500000,36.049999,37.439999,36.592365,160200
2020-03-03,37.529999,38.200001,35.860001,36.110001,35.292477,170600
2020-03-04,36.980000,37.400002,35.840000,37.029999,36.191647,97800
2020-03-05,35.869999,36.799999,35.119999,35.840000,35.028591,147200
2020-03-06,34.340000,35.880001,34.180000,35.290001,34.491043,96200
2020-03-09,32.910000,32.910000,30.469999,31.400000,30.689114,125900
2020-03-10,32.959999,32.970001,29.240000,31.250000,30.542507,123900
2020-03-11,30.180000,30.410000,29.219999,29.860001,29.183979,148800
2020-03-12,27.559999,29.129999,26.469999,26.760000,26.154161,235300
2020-03-13,28.330000,28.910000,26.020000,28.910000,28.255487,192200
2020-03-16,25.850000,27.770000,24.580000,24.840000,24.277630,151700
2020-03-17,25.549999,26.730000,23.730000,25.900000,25.313629,237400
2020-03-18,23.910000,24.799999,19.309999,20.629999,20.162941,199400
2020-03-19,20.400000,23.180000,19.510000,22.959999,22.440191,259300
2020-03-20,23.559999,25.650000,23.250000,25.389999,24.815176,274800
2020-03-23,25.280001,26.400000,23.209999,25.090000,24.521971,194500
2020-03-24,26.690001,27.219999,25.500000,26.870001,26.261673,157000
2020-03-25,26.900000,27.959999,24.950001,26.450001,25.851181,209100
2020-03-26,27.070000,29.010000,26.639999,28.389999,27.747257,132100
2020-03-27,26.990000,28.650000,26.900000,27.690001,27.063108,144300
2020-03-30,28.250000,28.250000,26.709999,27.450001,26.828541,168500
2020-03-31,27.120001,28.730000,27.120001,28.120001,27.483372,320000
2020-04-01,26.820000,27.510000,25.870001,26.150000,25.557970,168800
2020-04-02,26.500000,27.100000,25.360001,26.370001,25.772991,110100
2020-04-03,25.780001,26.200001,24.120001,25.219999,24.649025,130800
2020-04-06,26.510000,27.280001,25.490000,26.350000,25.753443,201700
2020-04-07,27.900000,28.990000,26.480000,26.780001,26.173708,596800
2020-04-08,27.490000,28.240000,26.180000,28.040001,27.405182,166100
2020-04-09,28.920000,29.809999,27.670000,29.580000,28.910318,146300
2020-04-13,29.049999,29.340000,28.080000,28.280001,27.639750,83400
2020-04-14,29.510000,29.690001,28.100000,28.620001,27.972052,261600
2020-04-15,27.190001,27.510000,25.990000,25.990000,25.401594,114600
2020-04-16,26.040001,26.430000,24.959999,26.010000,25.421139,112500
2020-04-17,27.020000,27.870001,26.790001,27.360001,26.740578,99300
2020-04-20,26.389999,28.010000,26.240000,27.250000,26.633064,103800
2020-04-21,26.200001,27.200001,26.049999,26.959999,26.349632,103900
2020-04-22,27.860001,27.860001,26.920000,27.450001,26.828541,112800
2020-04-23,27.690001,28.170000,26.959999,27.370001,26.750349,217800
2020-04-24,27.850000,28.370001,27.200001,27.900000,27.268353,355400
2020-04-27,28.400000,29.049999,27.969999,28.590000,27.942732,520700
2020-04-28,29.790001,30.000000,28.580000,30.000000,29.320807,457400
2020-04-29,31.969999,32.509998,30.820000,31.010000,30.307941,281500
2020-04-30,30.059999,32.529999,29.820000,31.389999,30.679338,265600
2020-05-01,30.440001,31.030001,29.100000,29.590000,28.920094,141900
2020-05-04,28.889999,29.959999,28.219999,28.610001,27.962278,141900
2020-05-05,29.190001,29.820000,28.260000,28.690001,28.040468,238300
2020-05-06,28.660000,29.070000,28.490000,28.620001,28.138786,223300
2020-05-07,29.209999,29.330000,28.920000,29.100000,28.610714,216700
2020-05-08,29.889999,29.889999,29.299999,29.660000,29.161297,121000
2020-05-11,29.170000,29.639999,28.740000,29.510000,29.013821,266400
2020-05-12,29.780001,30.110001,28.129999,28.190001,27.716017,394100
2020-05-13,27.799999,28.100000,26.980000,27.379999,26.919632,178900
2020-05-14,26.620001,27.469999,26.040001,27.299999,26.840977,176100
2020-05-15,27.219999,28.360001,27.070000,28.139999,27.666857,168200
2020-05-18,29.670000,30.629999,29.549999,30.059999,29.554573,374200
2020-05-19,29.870001,30.540001,29.490000,29.540001,29.043318,153100
2020-05-20,30.230000,30.580000,29.930000,30.400000,29.888855,168900
2020-05-21,30.450001,31.430000,30.120001,31.350000,30.822882,155600
2020-05-22,31.510000,32.040001,30.830000,31.280001,30.754063,150700
2020-05-26,32.549999,33.130001,32.070000,32.389999,31.845394,359600
2020-05-27,33.270000,34.240002,32.889999,34.119999,33.546307,234300
2020-05-28,34.490002,34.630001,32.259998,32.389999,31.845394,232300
2020-05-29,31.850000,32.270000,31.080000,31.660000,31.127670,312100
2020-06-01,31.740000,32.389999,31.469999,31.700001,31.166998,147100
2020-06-02,32.029999,32.779999,31.600000,32.580002,32.032204,151900
2020-06-03,33.410000,34.439999,33.160000,33.630001,33.064545,155300
2020-06-04,33.209999,35.480000,33.000000,35.459999,34.863773,198500
2020-06-05,37.139999,38.230000,36.910000,37.529999,36.898972,334900
2020-06-08,38.099998,38.630001,37.880001,38.009998,37.370895,213400
2020-06-09,37.150002,37.500000,36.389999,37.040001,36.417213,169800
2020-06-10,36.880001,36.880001,35.099998,35.299999,34.706467,231700
2020-06-11,33.599998,33.860001,31.840000,31.879999,31.343971,149900
2020-06-12,33.080002,33.349998,31.690001,32.310001,31.766741,128100
2020-06-15,31.139999,33.330002,30.889999,32.450001,31.904392,173300
2020-06-16,33.910000,34.279999,33.150002,33.930000,33.359505,201600
2020-06-17,34.310001,34.310001,32.119999,32.570000,32.022369,203800
2020-06-18,32.150002,32.990002,31.780001,32.790001,32.238670,194500
2020-06-19,33.220001,33.240002,32.540001,33.029999,32.474636,316800
2020-06-22,32.720001,33.770000,32.480000,33.759998,33.192360,127000
2020-06-23,34.360001,34.520000,34.009998,34.209999,33.634796,185500
2020-06-24,33.560001,33.849998,32.639999,32.720001,32.169849,223200
2020-06-25,32.389999,33.509998,32.330002,33.480000,32.917072,147600
2020-06-26,33.220001,33.570000,32.509998,32.869999,32.317326,348600
2020-06-29,33.570000,34.250000,33.480000,34.090000,33.516811,119000
2020-06-30,34.000000,34.490002,33.840000,34.320000,33.742947,134000
2020-07-01,34.560001,34.820000,33.060001,33.270000,32.710602,133000
2020-07-02,34.139999,34.400002,33.070000,33.130001,32.572956,115700
2020-07-06,33.930000,34.189999,33.349998,33.990002,33.418495,251400
2020-07-07,33.590000,33.910000,33.029999,33.230000,32.671272,160000
2020-07-08,33.340000,33.730000,32.650002,33.080002,32.523796,175600
2020-07-09,30.010000,31.330000,28.180000,28.610001,28.128954,776200
2020-07-10,28.600000,29.440001,28.600000,29.230000,28.738527,219500
2020-07-13,29.690001,29.690001,28.570000,28.620001,28.138786,183300
2020-07-14,28.490000,29.290001,28.459999,29.010000,28.522226,219700
2020-07-15,29.850000,31.559999,29.760000,31.110001,30.586918,253600
2020-07-16,31.670000,32.689999,31.480000,31.740000,31.206326,226000
2020-07-17,33.549999,33.840000,32.049999,32.240002,31.868608,352400
2020-07-20,32.049999,32.509998,30.799999,31.030001,30.672546,213700
2020-07-21,31.820000,32.419998,31.610001,31.969999,31.601717,203700
2020-07-22,31.650000,32.099998,31.570000,31.650000,31.285404,261200
2020-07-23,31.650000,32.310001,31.480000,32.209999,31.838953,169800
2020-07-24,32.049999,32.419998,31.309999,31.320000,30.959204,146800
2020-07-27,31.400000,31.600000,31.000000,31.549999,31.186556,85900
2020-07-28,31.320000,31.910000,31.090000,31.129999,30.771393,123400
2020-07-29,31.410000,32.480000,31.350000,32.279999,31.908144,216600
2020-07-30,31.660000,33.500000,31.660000,32.040001,31.670912,170200
2020-07-31,31.709999,31.990000,30.910000,31.580000,31.216209,163600
2020-08-03,31.790001,32.099998,31.469999,32.000000,31.631372,97400
2020-08-04,31.750000,32.380001,31.600000,32.240002,31.868608,144600
2020-08-05,32.610001,33.049999,32.400002,32.910000,32.530891,109500
2020-08-06,32.840000,32.990002,32.500000,32.730000,32.352962,104400
2020-08-07,32.540001,33.700001,32.369999,33.669998,33.282135,142200
2020-08-10,33.779999,34.910000,33.779999,34.259998,33.865337,122700
2020-08-11,34.740002,35.410000,34.580002,34.779999,34.379345,151700
2020-08-12,35.369999,35.650002,34.520000,34.860001,34.458427,127900
2020-08-13,34.520000,34.820000,34.320000,34.459999,34.063030,81800
2020-08-14,34.209999,34.830002,34.119999,34.529999,34.132225,70600
2020-08-17,34.660000,34.660000,34.180000,34.400002,34.003727,89300
2020-08-18,34.400002,34.400002,33.860001,34.180000,33.786259,141700
2020-08-19,34.320000,34.529999,34.090000,34.180000,33.786259,118100
2020-08-20,33.639999,34.139999,33.529999,34.060001,33.667641,86100
2020-08-21,33.750000,34.180000,33.599998,33.869999,33.479828,89700
2020-08-24,34.209999,34.709999,33.860001,34.580002,34.181652,98700
2020-08-25,34.750000,35.049999,34.419998,34.779999,34.379345,99200
2020-08-26,34.630001,34.750000,34.240002,34.320000,33.924644,90000
2020-08-27,34.619999,34.970001,34.150002,34.639999,34.240959,90800
2020-08-28,34.919998,35.099998,34.270000,35.049999,34.646236,87100
2020-08-31,34.849998,35.180000,34.680000,34.730000,34.329922,148600
2020-09-01,34.540001,35.270000,34.380001,35.150002,34.745087,87900
2020-09-02,35.200001,35.500000,34.980000,35.220001,34.814281,74000
2020-09-03,35.270000,35.520000,35.080002,35.320000,34.913124,186900
2020-09-04,35.880001,36.000000,34.970001,35.360001,34.952667,106200
2020-09-08,35.060001,35.060001,34.380001,34.529999,34.132225,167600
2020-09-09,34.740002,34.959999,33.930000,34.040001,33.647873,186800
2020-09-10,33.970001,34.029999,33.500000,33.630001,33.242596,93700
2020-09-11,33.610001,33.759998,32.990002,33.389999,33.005360,98800
2020-09-14,33.560001,34.330002,33.509998,34.040001,33.647873,152100
2020-09-15,34.209999,34.599998,33.759998,34.470001,34.072918,102700
2020-09-16,34.570000,35.799999,34.310001,35.169998,34.764851,126900
2020-09-17,34.810001,35.820000,34.490002,35.650002,35.239326,125100
2020-09-18,35.790001,36.049999,34.790001,35.020000,34.616581,358200
2020-09-21,34.299999,34.299999,32.849998,33.459999,33.074554,195300
2020-09-22,33.419998,33.759998,32.810001,33.470001,33.084438,155400
2020-09-23,33.560001,34.020000,32.820000,32.860001,32.481464,142500
2020-09-24,33.080002,33.779999,32.650002,33.259998,32.876858,92600
2020-09-25,32.980000,33.660000,32.910000,33.369999,32.985592,99400
2020-09-28,33.680000,34.689999,33.680000,34.330002,33.934532,102700
2020-09-29,34.279999,34.380001,33.529999,34.060001,33.667641,129800
2020-09-30,34.250000,35.000000,34.110001,34.119999,33.726952,165000
2020-10-01,34.060001,34.430000,33.580002,34.110001,33.717068,124200
2020-10-02,33.540001,35.349998,33.540001,35.060001,34.656124,115000
2020-10-05,35.360001,35.860001,34.439999,35.740002,35.328289,111800
2020-10-06,36.150002,36.740002,35.750000,35.770000,35.357944,178400
2020-10-07,36.090000,36.389999,35.450001,35.880001,35.466675,181100
2020-10-08,36.299999,36.759998,35.740002,36.619999,36.198151,131900
2020-10-09,36.720001,37.330002,36.389999,36.540001,36.119072,113200
2020-10-12,36.549999,37.560001,36.340000,37.340000,36.909859,172700
2020-10-13,35.930000,36.560001,34.560001,35.080002,34.675892,219200
2020-10-14,35.000000,36.369999,34.959999,35.599998,35.189899,213900
2020-10-15,35.209999,35.360001,34.549999,34.950001,34.547390,216500
2020-10-16,34.810001,35.380001,34.779999,34.900002,34.497967,152400
2020-10-19,34.889999,35.700001,34.799999,35.209999,34.804394,154500
2020-10-20,35.380001,35.529999,34.840000,35.020000,34.784527,173000
2020-10-21,35.020000,35.080002,34.299999,34.680000,34.446815,154200
2020-10-22,34.919998,34.919998,34.389999,34.820000,34.585869,182900
2020-10-23,35.070000,35.540001,34.799999,35.360001,35.122242,99600
2020-10-26,35.009998,35.009998,34.090000,34.720001,34.486549,129800
2020-10-27,34.770000,35.119999,33.970001,34.060001,33.830982,115000
2020-10-28,33.320000,33.650002,32.930000,32.939999,32.718513,164100
2020-10-29,32.779999,33.610001,32.509998,33.400002,33.175423,139200
2020-10-30,33.290001,34.290001,33.290001,33.590000,33.364140,117300
2020-11-02,34.009998,34.549999,33.750000,34.439999,34.208427,108300
2020-11-03,35.060001,35.759998,34.930000,35.459999,35.221569,146000
2020-11-04,34.680000,34.840000,33.720001,33.830002,33.602531,112200
2020-11-05,34.040001,35.590000,34.040001,35.310001,35.072578,105800
2020-11-06,35.439999,35.810001,34.619999,34.740002,34.506409,116600
2020-11-09,37.770000,38.900002,36.650002,36.939999,36.691616,264100
2020-11-10,37.540001,38.730000,37.290001,38.150002,37.893486,199500
2020-11-11,38.160000,38.400002,36.669998,37.220001,36.969734,127900
2020-11-12,37.250000,37.889999,36.450001,37.580002,37.327316,234400
2020-11-13,38.040001,38.900002,37.959999,38.750000,38.489449,145600
2020-11-16,39.810001,41.279999,39.500000,41.200001,40.922974,207600
2020-11-17,40.549999,40.950001,40.020000,40.660000,40.386604,188600
2020-11-18,40.709999,40.900002,39.770000,39.770000,39.502590,165700
2020-11-19,41.029999,41.849998,40.000000,41.110001,40.833580,219000
2020-11-20,40.750000,41.490002,40.669998,41.349998,41.071964,206500
2020-11-23,41.840000,42.959999,41.700001,42.810001,42.522152,155100
2020-11-24,43.450001,44.810001,43.169998,44.389999,44.091526,191000
2020-11-25,43.959999,44.509998,43.389999,44.369999,44.071659,173100
2020-11-27,44.450001,45.119999,44.110001,44.900002,44.598095,114100
2020-11-30,44.509998,44.910000,43.900002,44.590000,44.290180,308200
2020-12-01,45.119999,45.230000,44.150002,45.130001,44.826550,244800
2020-12-02,45.000000,45.810001,44.980000,45.790001,45.482113,173200
2020-12-03,45.980000,46.400002,45.439999,45.779999,45.472176,115000
2020-12-04,46.200001,47.169998,45.439999,47.150002,46.832966,131100
2020-12-07,47.090000,47.660000,46.380001,46.910000,46.594578,106300
2020-12-08,46.580002,47.770000,46.580002,47.680000,47.359402,116000
2020-12-09,48.000000,48.250000,47.470001,47.669998,47.349468,114500
2020-12-10,47.240002,47.750000,46.930000,47.549999,47.230278,78100
2020-12-11,47.430000,47.830002,46.919998,46.970001,46.654175,73800
2020-12-14,47.619999,47.619999,46.230000,46.529999,46.217133,217000
2020-12-15,47.009998,47.840000,46.509998,47.810001,47.488529,196000
2020-12-16,47.880001,48.330002,47.189999,47.270000,46.952160,267400
2020-12-17,47.520000,47.520000,46.230000,46.900002,46.584648,109900
2020-12-18,46.919998,47.169998,46.189999,46.849998,46.534981,788000
2020-12-21,46.099998,46.790001,45.660000,46.610001,46.296600,130100
2020-12-22,46.459999,46.459999,45.889999,46.340000,46.028416,82100
2020-12-23,46.669998,47.560001,46.490002,47.380001,47.061420,71700
2020-12-24,47.480000,47.520000,46.889999,47.439999,47.121014,40600
2020-12-28,47.990002,48.610001,47.880001,47.959999,47.637520,81400
2020-12-29,48.099998,48.099998,46.070000,46.389999,46.078075,93300
2020-12-30,46.540001,47.150002,46.540001,46.939999,46.624378,77400
2020-12-31,46.990002,47.700001,46.740002,47.439999,47.121014,89800
2021-01-04,48.020000,48.490002,46.369999,46.650002,46.336330,154700
2021-01-05,46.570000,48.270000,46.570000,47.610001,47.289871,125800
2021-01-06,48.599998,51.680000,48.580002,50.740002,50.398830,303300
2021-01-07,49.470001,51.009998,48.209999,50.830002,50.488224,196300
2021-01-08,51.009998,51.230000,48.529999,49.400002,49.067841,172500
2021-01-11,48.970001,51.490002,48.049999,49.700001,49.365818,153800
2021-01-12,50.130001,50.290001,49.470001,50.080002,49.743267,135400
2021-01-13,49.919998,49.919998,48.759998,49.180000,48.849316,106400
2021-01-14,49.480000,49.730000,48.490002,48.680000,48.352680,109600
2021-01-15,47.799999,47.880001,46.549999,47.380001,47.061420,144900
2021-01-19,48.000000,48.959999,47.869999,48.759998,48.432140,127600
2021-01-20,48.660000,49.689999,48.290001,48.490002,48.163956,126500
2021-01-21,48.290001,48.860001,47.669998,48.380001,48.054695,120900
2021-01-22,47.650002,48.880001,47.650002,48.740002,48.412277,117400
2021-01-25,48.380001,48.689999,47.360001,48.180000,48.023540,113100
2021-01-26,48.759998,48.770000,47.910000,48.320000,48.163086,105800
2021-01-27,47.150002,48.840000,46.650002,48.259998,48.103279,203700
2021-01-28,48.169998,48.740002,47.650002,48.180000,48.023540,200400
2021-01-29,48.299999,49.349998,47.590000,47.590000,47.435459,199000
2021-02-01,47.990002,49.480000,47.740002,49.080002,48.920620,129900
2021-02-02,49.610001,50.090000,49.150002,49.830002,49.668186,108500
2021-02-03,49.639999,50.430000,49.250000,50.189999,50.027012,104800
2021-02-04,50.099998,50.950001,50.099998,50.209999,50.046947,68600
2021-02-05,50.900002,50.900002,49.779999,50.349998,50.186493,115200
2021-02-08,50.259998,50.849998,50.189999,50.630001,50.465588,89600
2021-02-09,50.400002,50.660000,49.860001,50.340000,50.176529,122800
2021-02-10,50.490002,50.630001,49.450001,49.630001,49.468834,102800
2021-02-11,49.840000,50.230000,48.250000,49.230000,49.070129,122400
2021-02-12,48.950001,49.869999,48.950001,49.599998,49.438927,84500
2021-02-16,49.880001,50.490002,49.439999,50.110001,49.947273,76100
2021-02-17,49.660000,50.169998,49.259998,49.880001,49.718021,80100
2021-02-18,49.590000,50.060001,49.020000,49.580002,49.418995,98900
2021-02-19,49.840000,50.570000,49.740002,50.290001,50.126690,73700
2021-02-22,50.040001,52.000000,49.810001,51.209999,51.043701,187000
2021-02-23,50.919998,52.230000,50.709999,52.099998,51.930809,128700
2021-02-24,52.299999,53.400002,52.299999,53.110001,52.937531,113300
2021-02-25,52.970001,53.709999,51.660000,51.939999,51.771328,135700
2021-02-26,52.000000,52.029999,50.500000,51.090000,50.924091,128200
2021-03-01,51.900002,52.669998,51.790001,52.360001,52.189968,74700
2021-03-02,52.320000,52.790001,51.509998,51.570000,51.402531,89400
2021-03-03,51.720001,52.840000,51.330002,52.009998,51.841103,73500
2021-03-04,52.340000,52.970001,50.910000,51.279999,51.113472,157500
2021-03-05,51.400002,52.459999,50.680000,52.099998,51.930809,197700
2021-03-08,52.439999,54.169998,52.369999,53.919998,53.744900,142400
2021-03-09,54.110001,54.340000,53.410000,53.810001,53.635262,138300
2021-03-10,54.060001,54.720001,53.840000,54.520000,54.342953,151800
2021-03-11,54.759998,56.169998,54.189999,55.180000,55.000809,159700
2021-03-12,55.290001,56.740002,55.240002,56.459999,56.276653,123700
2021-03-15,56.090000,56.139999,55.180000,56.080002,55.897888,104500
2021-03-16,55.750000,55.750000,53.950001,54.240002,54.063866,80800
2021-03-17,54.150002,54.529999,53.000000,54.450001,54.273182,106700
2021-03-18,54.209999,55.430000,52.980000,53.320000,53.146851,119100
2021-03-19,53.330002,53.619999,52.410000,53.070000,52.897663,548200
2021-03-22,52.919998,53.480000,50.869999,51.009998,50.844349,77400
2021-03-23,50.299999,50.299999,48.430000,49.240002,49.080101,157800
2021-03-24,49.689999,50.930000,49.020000,49.209999,49.050194,185200
2021-03-25,48.700001,50.209999,48.049999,49.820000,49.658215,216600
2021-03-26,50.500000,50.860001,49.770000,50.419998,50.256264,119600
2021-03-29,50.029999,51.639999,49.410000,49.500000,49.339256,142100
2021-03-30,49.660000,50.820000,49.430000,50.400002,50.236332,179000
2021-03-31,50.570000,51.340000,50.040001,50.349998,50.186493,211300
2021-04-01,50.419998,51.310001,50.310001,51.040001,50.874256,168700
2021-04-05,51.650002,51.869999,50.840000,51.259998,51.093536,97000
2021-04-06,51.220001,51.709999,50.720001,50.930000,50.764610,60800
2021-04-07,50.849998,50.849998,49.639999,49.860001,49.698086,88400
2021-04-08,50.060001,50.189999,49.430000,50.189999,50.027012,98400
2021-04-09,50.290001,50.709999,49.990002,50.590000,50.425716,115500
2021-04-12,50.650002,51.000000,50.290001,50.779999,50.615097,40200
2021-04-13,50.529999,50.580002,49.480000,50.160000,49.997112,108200
2021-04-14,50.389999,51.240002,50.250000,50.919998,50.754642,69900
2021-04-15,51.029999,51.200001,50.720001,50.880001,50.714775,57200
2021-04-16,51.419998,51.480000,50.619999,50.820000,50.654968,54400
2021-04-19,50.650002,50.740002,49.770000,50.450001,50.286171,63500
2021-04-20,50.290001,50.500000,49.230000,50.500000,50.336006,212400
2021-04-21,50.330002,52.700001,50.330002,52.700001,52.528862,218900
2021-04-22,53.099998,53.540001,52.150002,53.500000,53.326263,176000
2021-04-23,51.730000,53.560001,51.439999,52.349998,52.179996,253900
2021-04-26,51.910000,53.119999,51.470001,52.689999,52.689999,147500
2021-04-27,53.099998,53.689999,52.549999,53.430000,53.430000,165700
2021-04-28,53.450001,53.840000,52.529999,52.910000,52.910000,188500
2021-04-29,53.330002,53.610001,52.919998,53.200001,53.200001,101500
2021-04-30,52.700001,53.209999,52.410000,52.639999,52.639999,165200
2021-05-03,53.150002,53.840000,52.680000,53.240002,53.240002,227100
2021-05-04,53.070000,53.619999,52.599998,53.509998,53.509998,141500
2021-05-05,53.529999,53.529999,52.889999,53.200001,53.200001,108100
2021-05-06,53.400002,54.380001,52.549999,54.250000,54.250000,115200
2021-05-07,54.040001,55.049999,53.849998,54.970001,54.970001,122100
2021-05-10,54.980000,55.680000,54.490002,54.500000,54.500000,144300
2021-05-11,53.709999,54.660000,53.330002,54.450001,54.450001,129000
2021-05-12,54.230000,54.230000,51.689999,51.820000,51.820000,130800
2021-05-13,52.070000,53.750000,52.070000,53.200001,53.200001,104000
2021-05-14,53.779999,54.189999,53.380001,54.090000,54.090000,77600
2021-05-17,53.799999,54.349998,53.340000,54.150002,54.150002,69800
2021-05-18,54.360001,55.680000,53.849998,54.040001,54.040001,146300
2021-05-19,53.270000,54.430000,52.980000,53.810001,53.810001,161800
2021-05-20,53.919998,54.279999,52.770000,53.209999,53.209999,86700
2021-05-21,53.889999,54.150002,53.500000,53.610001,53.610001,312600
2021-05-24,53.689999,54.689999,53.240002,53.700001,53.700001,136400
2021-05-25,53.730000,53.730000,52.310001,52.330002,52.330002,199400
2021-05-26,52.209999,52.490002,51.919998,52.139999,52.139999,202200
2021-05-27,52.689999,53.330002,52.259998,52.910000,52.910000,120300
2021-05-28,53.270000,53.570000,52.520000,53.490002,53.490002,118800