Date,Open,High,Low,Close,Adj Close,Volume
2015-12-18,24.790001,24.790001,24.790001,24.790001,21.379601,26998100
2015-12-21,24.719999,24.719999,24.459999,24.496000,21.126045,197800
2015-12-22,24.750000,24.969999,24.750000,24.969999,21.534840,134100
2015-12-23,25.200001,25.988001,25.200001,25.988001,22.412794,80200
2015-12-24,26.110001,26.110001,25.950001,26.058001,22.473160,26600
2015-12-28,25.879999,25.879999,25.320000,25.389999,21.897058,52000
2015-12-29,25.000000,25.590000,25.000000,25.555000,22.039360,31300
2015-12-30,25.200001,25.200001,25.090000,25.111000,21.656439,31400
2015-12-31,25.000000,25.174999,25.000000,25.129999,21.672827,60100
2016-01-04,24.840000,25.211000,24.677999,25.100000,21.646954,75000
2016-01-05,25.110001,25.200001,24.809999,25.059999,21.612457,92100
2016-01-06,24.559999,24.780001,24.260000,24.360001,21.008757,77100
2016-01-07,23.879999,24.360001,23.879999,24.139999,20.819021,51400
2016-01-08,24.250000,24.250000,23.719999,23.770000,20.499926,39900
2016-01-11,23.969999,23.969999,22.660000,22.900000,19.749609,32900
2016-01-12,23.110001,23.110001,22.197001,22.620001,19.508129,49700
2016-01-13,22.709999,22.969999,22.290001,22.360001,19.283905,42300
2016-01-14,22.469999,22.920000,22.469999,22.770000,19.637493,27700
2016-01-15,22.270000,22.459999,22.049999,22.340000,19.266653,37600
2016-01-19,22.549999,22.549999,21.312000,21.620001,18.645704,72300
2016-01-20,21.139999,21.440001,20.600000,21.440001,18.490465,97700
2016-01-21,21.559999,22.058001,21.299999,22.058001,19.023449,76000
2016-01-22,22.549999,22.719999,22.174000,22.320000,19.249401,50900
2016-01-25,21.600000,22.413000,21.600000,21.889999,18.878559,38200
2016-01-26,22.129999,22.645000,22.129999,22.594000,19.485706,53100
2016-01-27,22.570000,23.290001,22.570000,22.797001,19.660784,22300
2016-01-28,23.111000,23.330000,22.889999,23.330000,20.120455,65600
2016-01-29,23.566999,23.830000,23.385000,23.830000,20.551670,390400
2016-02-01,23.650000,23.809999,23.440001,23.709999,20.448177,30000
2016-02-02,23.059999,23.059999,22.830000,22.870001,19.723738,25000
2016-02-03,23.320000,24.410000,23.320000,24.410000,21.051880,53700
2016-02-04,24.410000,25.330000,24.410000,25.153999,21.693525,21600
2016-02-05,25.000000,25.160000,24.530001,25.160000,21.698698,31000
2016-02-08,24.780001,25.510000,24.780001,25.350000,21.862562,82100
2016-02-09,25.000000,25.000000,24.520000,24.639999,21.250237,145100
2016-02-10,24.530001,24.535999,24.212000,24.430000,21.069126,32000
2016-02-11,24.520000,24.750000,24.365000,24.610001,21.224363,34000
2016-02-12,24.799999,25.379999,24.690001,25.330000,21.845310,49400
2016-02-16,25.950001,25.950001,25.190001,25.330999,21.846174,35900
2016-02-17,25.590000,26.280001,25.590000,26.280001,22.664621,17200
2016-02-18,26.330000,26.570000,26.000000,26.559999,22.906097,116700
2016-02-19,25.965000,26.070000,25.940001,26.049999,22.466259,94700
2016-02-22,26.440001,26.850000,26.440001,26.750000,23.069962,18400
2016-02-23,25.450001,26.636000,25.450001,26.280001,22.664621,35500
2016-02-24,26.020000,26.520000,26.020000,26.389999,22.759487,43500
2016-02-25,26.450001,26.690001,26.221001,26.690001,23.018215,29000
2016-02-26,26.719999,26.860001,26.450001,26.559999,22.906097,28900
2016-02-29,26.549999,26.860001,26.549999,26.680000,23.009588,41500
2016-03-01,26.680000,26.910000,26.500000,26.780001,23.095835,35800
2016-03-02,26.600000,27.559999,26.600000,27.559999,23.768524,41100
2016-03-03,27.820000,28.080000,27.820000,28.070000,24.208366,71300
2016-03-04,28.139999,28.924000,28.124001,28.440001,24.527466,88100
2016-03-07,28.379999,29.129999,28.379999,29.000000,25.010424,232600
2016-03-08,28.879999,28.879999,27.889999,27.930000,24.087627,60200
2016-03-09,28.090000,28.534000,27.900000,28.420000,24.510218,66200
2016-03-10,28.420000,28.780001,28.330000,28.780001,24.820688,240800
2016-03-11,29.129999,29.188000,29.040001,29.059999,25.062168,2268100
2016-03-14,28.920000,29.105000,28.600000,28.940001,24.958681,27400
2016-03-15,28.639999,28.760000,28.350000,28.760000,24.803440,49900
2016-03-16,28.770000,29.910000,28.700001,29.910000,25.795235,28500
2016-03-17,30.129999,30.750000,30.129999,30.370001,26.191950,387000
2016-03-18,30.700001,30.700001,30.233999,30.400000,26.217827,53800
2016-03-21,30.350000,30.451000,29.931999,30.209999,26.053967,20300
2016-03-22,30.010000,30.250000,30.000000,30.000000,25.872852,30800
2016-03-23,29.620001,29.620001,28.650000,28.670000,24.725826,40000
2016-03-24,28.240000,28.920000,28.240000,28.879999,24.906935,22000
2016-03-28,28.870001,28.950001,28.680000,28.870001,24.898308,20800
2016-03-29,28.660000,29.400000,28.563999,29.400000,25.355394,42100
2016-03-30,29.709999,29.709999,29.280001,29.400000,25.355394,61100
2016-03-31,29.320000,29.344000,29.139999,29.139999,25.131166,17000
2016-04-01,29.139999,29.139999,28.344000,28.900000,24.924185,25500
2016-04-04,28.969999,28.969999,28.340000,28.379999,24.475719,34800
2016-04-05,28.139999,28.600000,28.139999,28.500000,24.579210,46400
2016-04-06,28.357000,28.889999,28.267000,28.889999,24.915556,25500
2016-04-07,28.780001,29.080000,28.680000,28.750000,24.794815,18300
2016-04-08,29.200001,29.639999,29.200001,29.480000,25.424387,38900
2016-04-11,29.770000,30.219999,29.770000,30.093000,25.953060,20700
2016-04-12,30.200001,30.959999,30.110001,30.830000,26.588667,122000
2016-04-13,31.000000,31.070000,30.680000,30.770000,26.536922,55200
2016-04-14,30.799999,30.799999,30.350000,30.510000,26.312695,21400
2016-04-15,30.325001,30.589001,30.090000,30.514999,26.317001,31400
2016-04-18,30.190001,30.990000,30.180000,30.990000,26.726656,35500
2016-04-19,31.320000,32.172001,31.320000,32.119999,27.701197,40300
2016-04-20,32.119999,32.689999,32.060001,32.209999,27.778820,135900
2016-04-21,32.330002,32.584999,32.070000,32.150002,27.727076,44200
2016-04-22,32.560001,32.630001,32.080002,32.240002,27.804697,40100
2016-04-25,32.169998,32.169998,31.770000,31.930000,27.537340,29500
2016-04-26,32.070000,32.560001,32.070000,32.540001,28.063421,22600
2016-04-27,32.730000,33.200001,32.700001,33.119999,28.563627,96200
2016-04-28,32.990002,33.799999,32.990002,33.270000,28.692995,162800
2016-04-29,34.130001,34.299999,33.799999,34.250000,29.538172,106700
2016-05-02,34.380001,34.380001,33.723000,33.910000,29.244946,877900
2016-05-03,33.590000,33.590000,32.730000,32.779999,28.270405,29400
2016-05-04,32.590000,32.590000,31.969999,32.040001,27.632210,45400
2016-05-05,32.709999,32.810001,32.060001,32.130001,27.709824,19100
2016-05-06,32.349998,32.700001,32.349998,32.639999,28.149664,21500
2016-05-09,32.230000,32.230000,31.260000,31.400000,27.080256,20900
2016-05-10,31.530001,32.230000,31.530001,32.220001,27.787443,22600
2016-05-11,32.279999,32.660000,32.279999,32.540001,28.063421,26700
2016-05-12,33.000000,33.036999,32.351002,32.419998,27.959925,26200
2016-05-13,32.380001,32.480000,32.099998,32.150002,27.727076,13200
2016-05-16,32.785999,32.987999,32.785999,32.840000,28.322147,18500
2016-05-17,32.849998,33.389999,32.849998,33.111000,28.555866,35000
2016-05-18,32.900002,33.044998,31.920000,31.920000,27.528715,30500
2016-05-19,31.700001,32.270000,31.469999,32.270000,27.830568,33500
2016-05-20,32.610001,32.610001,32.240002,32.430000,27.968557,23400
2016-05-23,32.410000,32.740002,32.380001,32.599998,28.115166,37900
2016-05-24,32.669998,32.669998,32.169998,32.169998,27.744322,21900
2016-05-25,32.470001,32.980000,32.400002,32.939999,28.408394,27900
2016-05-26,33.090000,33.209999,32.709999,32.810001,28.296278,14000
2016-05-27,32.619999,32.689999,32.430000,32.570000,28.089293,17200
2016-05-31,32.580002,32.929001,32.529999,32.549999,28.072046,13600
2016-06-01,32.360001,32.500000,32.175999,32.480000,28.011677,21100
2016-06-02,32.380001,32.560001,32.310001,32.520000,28.046173,28200
2016-06-03,32.570000,33.560001,32.570000,33.549999,28.934475,23200
2016-06-06,33.700001,34.080002,33.700001,34.040001,29.357065,19400
2016-06-07,34.060001,34.349998,34.060001,34.310001,29.589918,15800
2016-06-08,34.830002,34.919998,34.410000,34.459999,29.719282,34400
2016-06-09,34.200001,34.360001,34.032001,34.320000,29.598547,24800
2016-06-10,34.230000,34.230000,33.549999,33.639999,29.012094,18200
2016-06-13,33.480000,34.000000,33.480000,33.560001,28.943098,30700
2016-06-14,33.410000,33.570000,32.959999,33.220001,28.649876,46300
2016-06-15,33.459999,33.889999,33.334000,33.560001,28.943098,43300
2016-06-16,33.240002,33.465000,33.060001,33.340000,28.753365,32300
2016-06-17,33.180000,33.580002,33.169998,33.349998,28.976660,48500
2016-06-20,33.608002,33.790001,33.569000,33.639999,29.228634,19700
2016-06-21,33.689999,33.689999,33.349998,33.520000,29.124367,31600
2016-06-22,33.590000,33.605999,33.404999,33.590000,29.185192,43800
2016-06-23,33.880001,34.009998,33.796001,33.980000,29.524042,24100
2016-06-24,32.650002,33.619999,32.650002,33.160000,28.811575,26000
2016-06-27,32.799999,33.070000,32.195999,32.480000,28.220747,36100
2016-06-28,32.930000,33.020000,32.805000,32.980000,28.655180,78400
2016-06-29,33.349998,33.849998,33.349998,33.639999,29.228634,41600
2016-06-30,33.680000,34.127998,33.680000,34.090000,29.619619,25700
2016-07-01,34.160000,34.580002,34.160000,34.580002,30.045370,40500
2016-07-05,34.349998,34.382999,33.910000,34.209999,29.723890,85200
2016-07-06,34.099998,34.590000,34.099998,34.580002,30.045370,64100
2016-07-07,34.639999,34.666000,34.020000,34.080002,29.610935,152300
2016-07-08,34.279999,34.779999,34.209999,34.669998,30.123564,54200
2016-07-11,34.849998,35.020000,34.700001,34.779999,30.219139,33900
2016-07-12,35.250000,35.439999,35.060001,35.130001,30.523247,35900
2016-07-13,35.139999,35.299999,35.040001,35.240002,30.618818,51800
2016-07-14,35.419998,35.509998,35.240002,35.480000,30.827347,64500
2016-07-15,35.709999,35.709999,35.296001,35.438000,30.790854,204000
2016-07-18,35.250000,35.580002,35.161999,35.560001,30.896856,44400
2016-07-19,35.360001,35.360001,35.110001,35.119999,30.514551,153700
2016-07-20,34.720001,34.810001,34.450001,34.529999,30.001921,27900
2016-07-21,34.939999,34.939999,34.570999,34.750000,30.193071,35800
2016-07-22,34.980000,34.980000,34.598000,34.700001,30.149630,20100
2016-07-25,34.290001,34.452000,33.889999,33.974998,29.519703,16500
2016-07-26,34.160000,34.459999,34.132000,34.430000,29.915039,23300
2016-07-27,34.400002,34.910000,34.250000,34.669998,30.123564,46100
2016-07-28,34.799999,34.830002,34.419998,34.689999,30.140940,24100
2016-07-29,34.430000,35.056000,34.430000,35.044998,30.449389,22900
2016-08-01,34.840000,34.840000,34.340000,34.389999,29.880285,49600
2016-08-02,34.483002,34.700001,34.389999,34.674999,30.127913,22100
2016-08-03,34.529999,34.889999,34.529999,34.869999,30.297329,33700
2016-08-04,34.770000,35.060001,34.705002,34.889999,30.314714,22700
2016-08-05,34.750000,34.840000,34.570000,34.799999,30.236515,22700
2016-08-08,35.264999,35.264999,35.189999,35.189999,30.575373,17600
2016-08-09,35.354000,35.389999,35.119999,35.240002,30.618818,18900
2016-08-10,35.389999,35.619999,35.151001,35.189999,30.575373,24300
2016-08-11,35.599998,35.599998,35.430000,35.430000,30.783901,13000
2016-08-12,35.599998,35.599998,35.279999,35.360001,30.723082,16100
2016-08-15,35.299999,35.740002,35.299999,35.619999,30.948986,20700
2016-08-16,35.459999,35.680000,35.400002,35.570000,30.905540,53300
2016-08-17,35.290001,35.389999,35.009998,35.320000,30.688328,23800
2016-08-18,35.490002,35.779999,35.490002,35.730999,31.045433,21900
2016-08-19,35.389999,35.400002,35.320000,35.380001,30.740459,12500
2016-08-22,35.180000,35.180000,34.799999,35.139999,30.531927,22200
2016-08-23,35.299999,35.384998,35.244999,35.244999,30.623165,18600
2016-08-24,35.000000,35.000000,34.188000,34.189999,29.706503,27600
2016-08-25,34.130001,34.160000,34.090000,34.090000,29.619619,10600
2016-08-26,34.500000,34.639999,33.839001,34.049999,29.584869,24300
2016-08-29,33.840000,34.400002,33.840000,34.369999,29.862902,17300
2016-08-30,34.150002,34.450001,33.799999,33.849998,29.411098,20200
2016-08-31,33.730000,33.770000,33.340000,33.500000,29.106993,31400
2016-09-01,33.509998,33.650002,33.299999,33.639999,29.228634,103000
2016-09-02,33.820000,34.209999,33.820000,34.139999,29.663065,21400
2016-09-06,34.230000,34.740002,34.230000,34.740002,30.184385,17100
2016-09-07,34.750000,34.799999,34.580002,34.756001,30.198290,34000
2016-09-08,34.660000,35.009998,34.639999,34.910000,30.332090,21600
2016-09-09,34.450001,34.450001,33.750000,33.759998,29.332895,29800
2016-09-12,33.340000,34.270000,33.340000,34.119999,29.645689,22400
2016-09-13,33.660000,33.660000,32.889999,33.029999,28.698622,24100
2016-09-14,32.860001,33.369999,32.770000,32.820000,28.516163,23600
2016-09-15,32.849998,33.220001,32.849998,33.099998,28.759447,22700
2016-09-16,32.950001,33.000000,32.578999,32.790001,28.490097,26500
2016-09-19,33.150002,33.150002,32.840000,32.842999,28.536148,24100
2016-09-20,32.669998,32.980000,32.669998,32.744999,28.450996,39000
2016-09-21,32.860001,33.715000,32.860001,33.709999,29.289455,29000
2016-09-22,33.970001,34.400002,33.939999,33.939999,29.489290,59500
2016-09-23,33.720001,33.937000,33.299999,33.360001,28.985352,18100
2016-09-26,33.349998,33.515999,33.139999,33.180000,28.828953,35400
2016-09-27,33.000000,33.000000,32.630001,32.810001,28.507477,32000
2016-09-28,32.830002,33.910000,32.700001,33.910000,29.463226,32300
2016-09-29,33.630001,34.115002,33.630001,34.020000,29.558800,25500
2016-09-30,34.049999,34.255001,34.026001,34.180000,29.697824,23500
2016-10-03,34.000000,34.070000,33.720001,33.875000,29.432814,33000
2016-10-04,33.630001,33.630001,32.750000,32.860001,28.550915,53400
2016-10-05,33.160000,33.439999,33.054001,33.360001,28.985352,21600
2016-10-06,33.180000,33.369999,32.990002,33.110001,28.768135,42300
2016-10-07,33.380001,33.380001,32.860001,33.028999,28.697756,20300
2016-10-10,33.340000,33.490002,33.290001,33.310001,28.941904,18200
2016-10-11,33.049999,33.049999,32.796001,32.910000,28.594362,13700
2016-10-12,32.610001,33.049999,32.610001,32.930000,28.611742,19500
2016-10-13,32.509998,32.990002,32.424999,32.830002,28.524855,34700
2016-10-14,32.930000,32.972000,32.598000,32.639999,28.359768,21600
2016-10-17,32.490002,32.689999,32.490002,32.619999,28.342390,32700
2016-10-18,32.820000,33.080002,32.721001,33.080002,28.742075,24100
2016-10-19,33.310001,33.660000,33.240002,33.549999,29.150436,28900
2016-10-20,33.450001,33.509998,33.169998,33.500000,29.106993,22700
2016-10-21,33.240002,33.459999,33.189999,33.389999,29.011415,38000
2016-10-24,33.270000,33.270000,32.998001,33.209999,28.855019,16600
2016-10-25,33.410000,33.520000,33.320000,33.320000,28.950598,28400
2016-10-26,33.240002,33.240002,33.060001,33.174999,28.824614,20700
2016-10-27,33.349998,33.410000,33.110001,33.270000,28.907152,20900
2016-10-28,33.410000,33.602001,33.256001,33.310001,28.941904,16900
2016-10-31,33.139999,33.389999,33.090000,33.330002,28.959284,37800
2016-11-01,33.450001,33.709999,33.450001,33.529999,29.133059,26000
2016-11-02,33.660000,33.750000,33.270000,33.349998,28.976660,41300
2016-11-03,33.438999,33.450001,33.320000,33.380001,29.002728,31200
2016-11-04,33.160000,33.349998,33.160000,33.270000,28.907152,16500
2016-11-07,33.560001,33.560001,33.262001,33.389999,29.011415,23300
2016-11-08,33.459999,33.849998,33.430000,33.775002,29.345930,18500
2016-11-09,33.369999,34.230000,33.369999,34.189999,29.706503,25200
2016-11-10,34.060001,34.070000,33.660000,33.660000,29.246008,35700
2016-11-11,33.330002,33.479000,32.570000,32.730000,28.437962,33100
2016-11-14,32.869999,32.970001,32.470001,32.950001,28.629114,18600
2016-11-15,32.860001,33.889999,32.860001,33.889999,29.445852,31200
2016-11-16,33.540001,33.887001,33.540001,33.779999,29.350271,23900
2016-11-17,33.930000,34.169998,33.389999,33.389999,29.011415,34500
2016-11-18,33.369999,33.639999,33.360001,33.540001,29.141745,18900
2016-11-21,34.320000,34.320000,34.125999,34.299999,29.802082,28500
2016-11-22,34.240002,34.480000,34.169998,34.439999,29.923723,26300
2016-11-23,34.270000,34.430000,33.860001,34.349998,29.845526,36300
2016-11-25,34.400002,34.400002,34.174999,34.270000,29.776018,27800
2016-11-28,34.200001,34.430000,34.200001,34.230000,29.741262,24500
2016-11-29,34.040001,34.040001,33.487000,33.790001,29.358961,68300
2016-11-30,34.490002,34.869999,34.400002,34.660000,30.114874,135100
2016-12-01,35.270000,35.270000,34.709999,34.709999,30.158321,333100
2016-12-02,34.770000,35.228001,34.720001,35.099998,30.497171,129600
2016-12-05,35.389999,35.619999,35.230000,35.400002,30.757833,145800
2016-12-06,35.110001,35.430000,35.110001,35.330002,30.697018,66900
2016-12-07,35.310001,35.590000,35.310001,35.470001,30.818655,23000
2016-12-08,35.619999,35.689999,35.384998,35.689999,31.009808,22500
2016-12-09,35.689999,35.709000,35.439999,35.523998,30.865574,20000
2016-12-12,36.000000,36.130001,35.580002,35.619999,30.948986,32700
2016-12-13,35.980000,35.980000,35.509998,35.820000,31.122755,33300
2016-12-14,35.730000,36.490002,34.830002,34.840000,30.271267,37700
2016-12-15,34.520000,34.730000,34.330002,34.619999,30.080120,26600
2016-12-16,33.480000,33.480000,33.220001,33.230000,30.116375,30900
2016-12-19,33.029999,33.160000,33.020000,33.049999,29.953238,200800
2016-12-20,32.990002,33.240002,32.990002,33.209999,30.098246,54600
2016-12-21,33.230000,33.279999,33.139999,33.139999,30.034805,48900
2016-12-22,33.150002,33.169998,33.070000,33.099998,29.998554,31200
2016-12-23,33.160000,33.270000,33.070000,33.160000,30.052929,61000
2016-12-27,33.380001,33.459999,33.330002,33.439999,30.306700,33800
2016-12-28,33.470001,33.470001,33.340000,33.389999,30.261379,29500
2016-12-29,33.770000,33.889999,33.689999,33.830002,30.660151,72600
2016-12-30,33.880001,34.080002,33.439999,33.480000,30.342945,471700
2017-01-03,33.580002,34.000000,33.540001,33.820000,30.651093,34700
2017-01-04,33.990002,34.290001,33.990002,34.290001,31.077053,45100
2017-01-05,34.360001,34.880001,34.360001,34.720001,31.466764,36400
2017-01-06,34.779999,34.779999,34.240002,34.439999,31.212994,34600
2017-01-09,34.369999,34.369999,34.090000,34.110001,30.913918,33900
2017-01-10,34.180000,34.459999,34.144001,34.200001,30.995481,38300
2017-01-11,34.080002,34.459999,34.080002,34.405998,31.182184,17000
2017-01-12,34.580002,34.810001,34.325001,34.360001,31.140491,27500
2017-01-13,34.180000,34.590000,34.180000,34.570000,31.330812,16500
2017-01-17,34.860001,34.860001,34.665001,34.669998,31.421442,28600
2017-01-18,34.660000,34.667000,34.294998,34.430000,31.203938,30400
2017-01-19,34.299999,34.340000,34.259998,34.320000,31.104240,25900
2017-01-20,34.320000,34.660000,34.320000,34.639999,31.394253,29000
2017-01-23,34.500000,34.790001,34.500000,34.790001,31.530205,17400
2017-01-24,34.759998,35.560001,34.759998,35.400002,32.083046,33800
2017-01-25,35.500000,35.500000,35.199001,35.369999,32.055855,28900
2017-01-26,35.400002,35.400002,34.807999,34.900002,31.629890,33200
2017-01-27,34.840000,34.880001,34.740002,34.740002,31.484884,31200
2017-01-30,34.790001,34.790001,34.262001,34.369999,31.149549,22600
2017-01-31,34.580002,34.779999,34.567001,34.779999,31.521141,28100
2017-02-01,34.790001,34.790001,34.380001,34.695000,31.444103,33100
2017-02-02,34.680000,35.000000,34.680000,34.919998,31.648024,47200
2017-02-03,35.090000,35.169998,34.860001,34.959999,31.684271,19600
2017-02-06,35.099998,35.099998,34.770000,35.090000,31.802094,39500
2017-02-07,34.790001,34.980000,34.619999,34.724998,31.471289,20400
2017-02-08,34.869999,34.889999,34.590000,34.830002,31.566456,35200
2017-02-09,34.820000,34.919998,34.764999,34.849998,31.584579,22600
2017-02-10,34.930000,35.299999,34.930000,35.299999,31.992413,22300
2017-02-13,35.430000,35.430000,35.209999,35.299999,31.992413,33800
2017-02-14,35.299999,35.320000,34.910000,35.259998,31.956161,25900
2017-02-15,35.369999,35.369999,35.029999,35.070000,31.783966,28400
2017-02-16,35.090000,35.205002,34.880001,34.880001,31.611771,27400
2017-02-17,34.860001,34.860001,34.564999,34.638000,31.392441,33300
2017-02-21,34.799999,34.799999,34.500000,34.689999,31.439571,31000
2017-02-22,34.619999,34.619999,34.139999,34.179001,30.976456,30300
2017-02-23,34.439999,34.590000,34.090000,34.090000,30.895790,49300
2017-02-24,34.049999,34.060001,33.700001,33.759998,30.596712,26500
2017-02-27,33.959999,34.020000,33.639999,33.639999,30.487959,32200
2017-02-28,33.360001,33.700001,33.279999,33.380001,30.252319,86000
2017-03-01,33.580002,33.990002,33.549999,33.959999,30.777969,59400
2017-03-02,33.799999,33.799999,33.250000,33.250000,30.134499,35400
2017-03-03,33.259998,33.393002,33.188999,33.360001,30.234192,75400
2017-03-06,33.250000,33.250000,33.020000,33.160000,30.052929,36500
2017-03-07,33.060001,33.060001,32.800999,32.889999,29.808231,36800
2017-03-08,32.660000,32.805000,32.259998,32.259998,29.237261,103900
2017-03-09,32.220001,32.450001,32.160000,32.419998,29.382267,373100
2017-03-10,32.500000,32.619999,32.310001,32.540001,29.491026,79800
2017-03-13,32.560001,32.674999,32.498001,32.570000,29.518211,42100
2017-03-14,32.299999,32.299999,32.099998,32.110001,29.101315,33100
2017-03-15,32.240002,33.230000,32.240002,33.200001,30.089186,144200
2017-03-16,33.248001,33.248001,32.993999,32.993999,29.902483,64400
2017-03-17,32.880001,33.200001,32.880001,32.950001,29.862606,31500
2017-03-20,32.770000,33.060001,32.770000,33.060001,29.962303,30200
2017-03-21,33.070000,33.250000,32.939999,33.009998,29.916985,44700
2017-03-22,32.730000,33.070000,32.730000,33.049999,29.953238,30500
2017-03-23,32.910000,33.000000,32.770000,32.900002,29.817297,39200
2017-03-24,32.840000,32.950001,32.820000,32.831001,29.754759,26400
2017-03-27,32.459999,32.916000,32.459999,32.900002,29.817297,28400
2017-03-28,32.799999,32.990002,32.799999,32.970001,29.880732,34700
2017-03-29,32.980000,33.368999,32.900002,33.310001,30.188875,32500
2017-03-30,33.349998,33.435001,33.228001,33.270000,30.152624,20800
2017-03-31,33.279999,33.369999,33.250000,33.334999,30.211533,25900
2017-04-03,33.230000,33.400002,33.160000,33.389999,30.261379,26100
2017-04-04,33.299999,33.619999,33.240002,33.619999,30.469830,28700
2017-04-05,33.770000,33.884998,33.590000,33.622002,30.471645,27900
2017-04-06,33.590000,33.820000,33.590000,33.779999,30.614838,24800
2017-04-07,33.790001,33.889999,33.599998,33.619999,30.469830,30200
2017-04-10,33.650002,34.078999,33.650002,33.939999,30.759844,47700
2017-04-11,33.918999,34.180000,33.918999,34.060001,30.868603,28500
2017-04-12,34.180000,34.180000,33.770000,33.950001,30.768908,29000
2017-04-13,33.860001,33.869999,33.529999,33.549999,30.406389,18700
2017-04-17,33.590000,33.689999,33.500000,33.575001,30.429050,24700
2017-04-18,33.369999,33.470001,33.259998,33.369999,30.243254,27800
2017-04-19,33.340000,33.340000,32.680000,32.730000,29.663223,32200
2017-04-20,32.820000,33.063999,32.820000,32.970001,29.880732,17500
2017-04-21,32.950001,32.950001,32.799999,32.910000,29.826359,25600
2017-04-24,33.070000,33.070000,32.860001,32.939999,29.853544,47100
2017-04-25,32.910000,32.910000,32.598000,32.759998,29.690407,58100
2017-04-26,32.770000,32.935001,32.750000,32.750000,29.681349,58100
2017-04-27,32.639999,32.639999,32.189999,32.330002,29.300701,21800
2017-04-28,32.509998,32.730000,32.509998,32.570000,29.518211,203100
2017-05-01,32.669998,32.669998,32.250000,32.299999,29.273514,41500
2017-05-02,32.320000,32.328999,32.029999,32.070000,29.065067,144100
2017-05-03,31.879999,31.955000,31.780001,31.825001,28.843021,168200
2017-05-04,31.670000,31.670000,31.136000,31.240000,28.312834,137200
2017-05-05,31.270000,31.760000,31.270000,31.750000,28.775047,467000
2017-05-08,31.809999,31.910000,31.690001,31.895000,28.906462,52500
2017-05-09,31.895000,31.895000,31.600000,31.670000,28.702543,28200
2017-05-10,31.830000,32.150002,31.830000,32.099998,29.092253,36500
2017-05-11,32.389999,32.389999,32.090000,32.200001,29.182886,29200
2017-05-12,32.259998,32.299999,32.174999,32.189999,29.173817,26900
2017-05-15,32.529999,32.630001,32.404999,32.500000,29.454775,30700
2017-05-16,32.599998,32.630001,32.470001,32.509998,29.463835,47500
2017-05-17,32.389999,32.509998,32.169998,32.180000,29.164759,30200
2017-05-18,32.000000,32.070000,31.900000,31.969999,28.974432,22400
2017-05-19,32.259998,32.520000,32.259998,32.459999,29.418518,22700
2017-05-22,32.439999,32.580002,32.439999,32.509998,29.463835,55100
2017-05-23,32.599998,32.599998,32.400002,32.430000,29.391333,48200
2017-05-24,32.330002,32.459999,32.139999,32.450001,29.409460,28100
2017-05-25,32.279999,32.500000,31.990000,32.084999,29.078657,38800
2017-05-26,32.169998,32.259998,32.101002,32.220001,29.201010,37600
2017-05-30,32.000000,32.075001,31.945000,31.945000,28.951777,16100
2017-05-31,31.830000,31.830000,31.650000,31.740000,28.765984,29400
2017-06-01,31.719999,31.867001,31.709999,31.799999,28.820364,49100
2017-06-02,31.760000,31.778000,31.490000,31.530001,28.575663,49600
2017-06-05,31.410000,31.549999,31.360001,31.489000,28.538504,177500
2017-06-06,31.610001,32.099998,31.600000,32.060001,29.056002,50900
2017-06-07,31.959999,32.130001,31.650000,31.799999,28.820364,35200
2017-06-08,31.740000,31.790001,31.600000,31.719999,28.747862,31600
2017-06-09,31.639999,32.029999,31.639999,31.959999,28.965368,25800
2017-06-12,31.930000,32.389999,31.930000,32.110001,29.101315,24400
2017-06-13,32.209999,32.279999,32.029999,32.279999,29.255384,27600
2017-06-14,32.259998,32.259998,31.570000,31.570000,28.611912,25400
2017-06-15,31.389999,31.402000,31.132000,31.180000,28.258455,36800
2017-06-16,31.030001,31.164000,31.000000,31.164000,28.430880,145500
2017-06-19,31.090000,31.237000,31.059999,31.120001,28.390743,41400
2017-06-20,31.000000,31.000000,30.620001,30.760000,28.062313,101200
2017-06-21,30.570000,30.969999,30.525000,30.639999,27.952837,211300
2017-06-22,30.709999,30.995001,30.709999,30.799999,28.098804,98800
2017-06-23,30.969999,31.190001,30.969999,31.190001,28.454601,46200
2017-06-26,31.160000,31.180000,31.059999,31.120001,28.390743,47500
2017-06-27,31.250000,31.250000,30.920000,30.920000,28.208282,20000
2017-06-28,31.000000,31.200001,31.000000,31.139999,28.408985,36000
2017-06-29,31.250000,31.250000,30.910000,30.910000,28.199158,24000
2017-06-30,30.980000,31.120001,30.865999,30.990000,28.272141,30800
2017-07-03,30.950001,31.440001,30.950001,31.389999,28.637060,163600
2017-07-05,31.090000,31.090000,30.889999,31.000000,28.281265,52200
2017-07-06,30.990000,30.990000,30.530001,30.530001,27.852486,35300
2017-07-07,30.528999,30.528999,30.216999,30.430000,27.761257,32900
2017-07-10,30.570000,30.895000,30.570000,30.860001,28.153543,71900
2017-07-11,30.700001,31.049999,30.620001,31.049999,28.326878,36000
2017-07-12,31.389999,31.389999,31.070000,31.131001,28.400774,25900
2017-07-13,31.080000,31.260000,31.070000,31.180000,28.445478,33600
2017-07-14,31.350000,31.490000,31.350000,31.440001,28.682674,26100
2017-07-17,31.400000,31.780001,31.400000,31.610001,28.837769,42800
2017-07-18,31.830000,31.830000,31.488001,31.580000,28.810398,28100
2017-07-19,31.549999,31.920000,31.549999,31.879999,29.084085,28900
2017-07-20,32.000000,32.000000,31.885000,31.898001,29.100512,27400
2017-07-21,31.860001,31.930000,31.754000,31.788000,29.000156,25500
2017-07-24,31.889999,31.889999,31.580000,31.600000,28.828644,25000
2017-07-25,32.230000,32.410000,32.224998,32.330002,29.494621,50500
2017-07-26,32.299999,32.730000,32.299999,32.582001,29.724520,24700
2017-07-27,32.630001,32.630001,32.419998,32.520000,29.667957,26600
2017-07-28,32.730000,32.751999,32.599998,32.719002,29.849508,29900
2017-07-31,32.689999,32.849998,32.680000,32.700001,29.832174,19700
2017-08-01,32.680000,32.740002,32.560001,32.669998,29.804802,20400
2017-08-02,32.549999,32.689999,32.430000,32.584999,29.727259,24800
2017-08-03,32.480000,32.560001,32.261002,32.369999,29.531115,27100
2017-08-04,32.283001,32.400002,32.283001,32.400002,29.558483,18300
2017-08-07,32.320000,32.377998,32.250000,32.299999,29.467255,22400
2017-08-08,32.270000,32.400002,32.230000,32.310001,29.476374,17500
2017-08-09,32.490002,32.490002,32.247002,32.320000,29.485500,25200
2017-08-10,32.463001,32.463001,32.223000,32.223000,29.397005,22300
2017-08-11,32.110001,32.130001,32.050999,32.110001,29.293915,26600
2017-08-14,32.061001,32.061001,31.940001,31.940001,29.138826,20800
2017-08-15,31.780001,31.860001,31.709999,31.780001,28.992855,25500
2017-08-16,31.989000,32.130001,31.989000,32.090000,29.275671,29900
2017-08-17,31.980000,32.040001,31.719999,31.730000,28.947239,31100
2017-08-18,31.740000,31.865000,31.709999,31.709999,28.928997,19800
2017-08-21,31.846001,31.867001,31.760000,31.844999,29.052156,21900
2017-08-22,32.029999,32.029999,31.910999,31.945000,29.143387,21700
2017-08-23,31.889999,32.169998,31.889999,32.169998,29.348652,28800
2017-08-24,32.189999,32.259998,32.049999,32.200001,29.376024,21500
2017-08-25,32.244999,32.310001,32.240002,32.250000,29.421640,22200
2017-08-28,32.279999,32.490002,32.279999,32.490002,29.640591,24100
2017-08-29,32.400002,32.520000,32.310001,32.520000,29.667957,22400
2017-08-30,32.462002,32.463001,32.361000,32.400002,29.558483,25300
2017-08-31,32.500000,32.750000,32.500000,32.700001,29.832174,21800
2017-09-01,32.759998,33.049999,32.759998,33.040001,30.142355,22800
2017-09-05,33.179001,33.179001,32.840000,32.959999,30.069370,26900
2017-09-06,33.009998,33.369999,33.009998,33.310001,30.388672,27400
2017-09-07,33.299999,33.509998,33.299999,33.509998,30.571131,40500
2017-09-08,33.389999,33.389999,32.959999,33.020000,30.124109,27500
2017-09-11,33.139999,33.299000,33.139999,33.200001,30.288322,14500
2017-09-12,33.259998,33.259998,33.150002,33.240002,30.324812,28500
2017-09-13,33.230000,33.270000,33.210999,33.230000,30.315693,22200
2017-09-14,33.369999,33.410000,33.259998,33.344002,30.419695,25600
2017-09-15,33.369999,33.389999,33.298000,33.389999,30.461657,21000
2017-09-18,33.443001,33.443001,33.341000,33.400002,30.470787,20500
2017-09-19,33.389999,33.577000,33.389999,33.540001,30.598503,22200
2017-09-20,33.669998,33.849998,33.430000,33.459999,30.525522,21300
2017-09-21,33.369999,33.619999,33.369999,33.470001,30.534647,23300
2017-09-22,33.410000,33.730000,33.410000,33.700001,30.744473,19900
2017-09-25,33.792999,33.950001,33.706001,33.931000,30.955214,18700
2017-09-26,33.730000,33.910000,33.730000,33.779999,30.817455,26300
2017-09-27,33.709999,33.723999,33.570000,33.709999,30.753595,34500
2017-09-28,33.689999,33.900002,33.689999,33.849998,30.881319,22700
2017-09-29,33.650002,33.790001,33.639999,33.720001,30.762720,20200
2017-10-02,33.520000,33.810001,33.520000,33.770000,30.808332,27300
2017-10-03,33.790001,34.020000,33.790001,34.000000,31.018162,35000
2017-10-04,34.000000,34.080002,33.959999,33.990002,31.009041,25200
2017-10-05,34.207001,34.259998,34.110001,34.169998,31.173248,22200
2017-10-06,33.910000,33.956001,33.799999,33.840000,30.872192,28300
2017-10-09,33.938000,34.009998,33.889999,33.910000,30.936054,33400
2017-10-10,34.090000,34.189999,34.011002,34.029999,31.045532,31300
2017-10-11,33.970001,34.119999,33.950001,34.105000,31.113953,21400
2017-10-12,33.900002,34.169998,33.900002,34.099998,31.109390,33000
2017-10-13,34.430000,34.430000,34.279999,34.330002,31.319221,21700
2017-10-16,34.500000,34.500000,34.270000,34.310001,31.300980,25600
2017-10-17,34.290001,34.290001,34.029999,34.189999,31.191494,30800
2017-10-18,34.202000,34.202000,34.018002,34.080002,31.091146,33200
2017-10-19,34.009998,34.029999,33.995998,34.029999,31.045532,22600
2017-10-20,34.009998,34.080002,33.955002,34.080002,31.091146,40900
2017-10-23,33.950001,34.110001,33.939999,33.959999,30.981667,21500
2017-10-24,34.110001,34.126999,34.020000,34.020000,31.036406,23100
2017-10-25,33.990002,33.990002,33.529999,33.689999,30.735346,25200
2017-10-26,33.639999,33.639999,33.410000,33.439999,30.507277,26000
2017-10-27,33.270000,33.439999,33.049999,33.390999,30.462568,25500
2017-10-30,33.619999,33.619999,33.299999,33.610001,30.662367,18000
2017-10-31,33.580002,33.610001,33.380001,33.590000,30.644121,24200
2017-11-01,33.720001,34.023998,33.720001,33.799999,30.835699,21800
2017-11-02,33.889999,33.889999,33.678001,33.779999,30.817455,28400
2017-11-03,33.700001,33.820000,33.641998,33.820000,30.853949,23800
2017-11-06,33.820000,34.459999,33.820000,34.430000,31.410452,24000
2017-11-07,34.270000,34.310001,34.200001,34.310001,31.300980,24200
2017-11-08,34.299999,34.404999,34.264000,34.349998,31.337465,27300
2017-11-09,34.390999,34.445000,34.330002,34.410000,31.392208,20000
2017-11-10,34.279999,34.360001,34.188000,34.299999,31.291847,23600
2017-11-13,34.230000,34.330002,34.189999,34.189999,31.191494,26400
2017-11-14,34.080002,34.080002,33.729000,33.729000,30.770929,20900
2017-11-15,33.439999,33.549000,33.320000,33.500000,30.562012,32200
2017-11-16,33.459999,33.560001,33.430000,33.470001,30.534647,24200
2017-11-17,33.450001,33.669998,33.450001,33.650002,30.698862,20900
2017-11-20,33.540001,33.540001,33.456001,33.480000,30.543764,20300
2017-11-21,33.490002,33.757999,33.490002,33.709999,30.753595,24200
2017-11-22,33.750000,33.970001,33.750000,33.869999,30.899563,25700
2017-11-24,33.869999,34.040001,33.869999,33.970001,30.990795,20900
2017-11-27,33.860001,33.860001,33.625000,33.689999,30.735346,9400
2017-11-28,33.619999,33.790001,33.619999,33.764999,30.803774,25200
2017-11-29,33.639999,33.650002,33.480000,33.610001,30.662367,23800
2017-11-30,33.590000,33.880001,33.590000,33.830002,30.863068,35900
2017-12-01,33.959999,34.241001,33.959999,34.150002,31.155006,23700
2017-12-04,34.169998,34.189999,33.959999,33.959999,30.981667,27900
2017-12-05,33.841999,33.841999,33.630001,33.630001,30.680609,29800
2017-12-06,33.606998,33.606998,33.310001,33.310001,30.388672,21200
2017-12-07,33.459999,33.497002,33.424999,33.470001,30.534647,25700
2017-12-08,33.570000,33.708000,33.570000,33.619999,30.671488,20900
2017-12-11,33.660000,33.851002,33.660000,33.750000,30.790087,19800
2017-12-12,33.799999,33.889999,33.709999,33.869999,30.899563,27300
2017-12-13,33.820000,34.230000,33.820000,34.200001,31.200619,28100
2017-12-14,34.080002,34.183998,34.049999,34.049999,31.063780,19900
2017-12-15,33.810001,33.810001,33.680000,33.680000,31.133106,25100
2017-12-18,33.750000,34.049999,33.750000,33.980000,31.410414,40800
2017-12-19,33.959999,33.990002,33.889999,33.930000,31.364201,84400
2017-12-20,34.020000,34.380001,34.000999,34.340000,31.743193,29200
2017-12-21,34.450001,34.939999,34.450001,34.889999,32.251606,51600
2017-12-22,34.870998,35.034000,34.870998,34.980000,32.334797,34500
2017-12-26,35.040001,35.379002,35.040001,35.340000,32.667583,69200
2017-12-27,35.400002,35.404999,35.290001,35.340000,32.667583,66900
2017-12-28,35.360001,35.580002,35.320000,35.500000,32.815475,45700
2017-12-29,35.619999,35.619999,35.389999,35.459999,32.778500,50800
2018-01-02,35.580002,36.130001,35.580002,36.130001,33.397839,53300
2018-01-03,36.099998,36.317001,36.009998,36.276001,33.532795,37100
2018-01-04,36.349998,36.520000,36.240002,36.493999,33.734310,22200
2018-01-05,36.520000,36.520000,36.354000,36.448002,33.691788,23300
2018-01-08,36.369999,36.549000,36.369999,36.490002,33.730614,32900
2018-01-09,36.439999,36.439999,36.290001,36.290001,33.545742,43400
2018-01-10,36.259998,36.450001,36.259998,36.324001,33.577168,28500
2018-01-11,36.320000,36.990002,36.320000,36.957001,34.162296,70500
2018-01-12,36.959999,37.300999,36.959999,37.290001,34.470119,30500
2018-01-16,37.430000,37.430000,36.950001,37.139999,34.331455,30800
2018-01-17,37.099998,37.316002,36.880001,37.099998,34.294479,55000
2018-01-18,36.860001,37.000000,36.730000,36.730000,33.952465,39800
2018-01-19,36.709999,36.839001,36.693001,36.790001,34.007931,25900
2018-01-22,36.779999,37.154999,36.779999,37.154999,34.345322,20300
2018-01-23,36.910000,37.360001,36.910000,37.349998,34.525578,24200
2018-01-24,37.470001,37.792000,37.470001,37.639999,34.793648,29300
2018-01-25,37.480000,37.681000,37.250000,37.380001,34.553307,18900
2018-01-26,37.514999,37.560001,37.459999,37.529999,34.691963,22400
2018-01-29,37.410000,37.444000,36.950001,37.020000,34.220531,29600
2018-01-30,36.759998,36.930000,36.400002,36.529999,33.767582,33600
2018-01-31,36.599998,36.700001,36.351002,36.655998,33.884056,40300
2018-02-01,36.490002,36.750000,36.459999,36.700001,33.924736,37200
2018-02-02,36.330002,36.330002,35.150002,35.150002,32.491943,27400
2018-02-05,34.919998,35.279999,34.240002,34.240002,31.650766,29300
2018-02-06,33.419998,34.435001,33.419998,34.389999,31.789415,46500
2018-02-07,34.310001,34.514999,33.889999,33.889999,31.327223,37500
2018-02-08,34.020000,34.020000,33.060001,33.090000,30.587719,41600
2018-02-09,33.230000,33.230000,32.305000,33.091000,30.588644,33300
2018-02-12,33.540001,33.820000,33.220001,33.669998,31.123859,9600600
2018-02-13,33.459999,33.709999,33.459999,33.650002,31.105379,299000
2018-02-14,33.459999,34.639999,33.450001,34.610001,31.992777,253400
2018-02-15,34.849998,34.849998,34.090000,34.560001,31.946566,253200
2018-02-16,34.330002,34.490002,34.285000,34.360001,31.761688,192300
2018-02-20,34.090000,34.290001,33.910000,33.959999,31.391930,130200
2018-02-21,33.919998,34.221001,33.730000,33.770000,31.216299,120000
2018-02-22,33.770000,34.220001,33.770000,33.799999,31.244030,118300
2018-02-23,34.256001,34.459999,34.250000,34.459999,31.854122,94100
2018-02-26,34.549999,34.639999,34.490002,34.610001,31.992777,90300
2018-02-27,34.560001,34.570000,34.000000,34.000000,31.428905,73400
2018-02-28,34.000000,34.080002,33.389999,33.389999,30.865034,35000
2018-03-01,33.330002,33.500000,32.970001,33.330002,30.809572,34600
2018-03-02,33.208000,33.430000,33.067001,33.380001,30.855795,41900
2018-03-05,33.259998,33.709999,33.259998,33.680000,31.133106,27800
2018-03-06,33.939999,34.130001,33.939999,33.985001,31.415037,36000
2018-03-07,33.660000,33.660000,33.470001,33.529999,30.994450,42400
2018-03-08,33.560001,33.560001,33.110001,33.270000,30.754110,48000
2018-03-09,33.439999,33.709999,33.439999,33.700001,31.151594,34600
2018-03-12,33.650002,33.939999,33.650002,33.939999,31.373444,24900
2018-03-13,33.910000,34.040001,33.722000,33.750000,31.197809,25000
2018-03-14,34.000000,34.000000,33.730000,33.730000,31.179323,17400
2018-03-15,33.799999,33.799999,33.369999,33.369999,30.846544,26700
2018-03-16,33.410000,33.648998,33.410000,33.560001,31.022179,12200
2018-03-19,33.419998,33.419998,33.064999,33.130001,30.624695,33800
2018-03-20,33.290001,33.310001,33.131001,33.150002,30.643185,35600
2018-03-21,33.349998,34.049999,33.349998,34.049999,31.475126,15600
2018-03-22,33.720001,33.770000,33.189999,33.189999,30.680159,20300
2018-03-23,33.650002,33.715000,33.240002,33.240002,30.726377,21200
2018-03-26,33.639999,33.830002,33.320000,33.830002,31.271763,21300
2018-03-27,33.730000,33.820000,33.389999,33.439999,30.911257,16600
2018-03-28,33.180000,33.209999,32.759998,32.779999,30.301161,29700
2018-03-29,32.849998,33.639999,32.849998,33.590000,31.049913,22700
2018-04-02,33.459999,33.480000,32.939999,33.110001,30.606211,15100
2018-04-03,33.209999,33.549999,32.991001,33.549999,31.012938,27800
2018-04-04,33.040001,33.560001,33.009998,33.470001,30.938988,21400
2018-04-05,33.700001,34.240002,33.700001,34.150002,31.567566,18800
2018-04-06,33.869999,34.090000,33.439999,33.680000,31.133106,20400
2018-04-09,33.620998,34.110001,33.620998,33.884998,31.322603,17800
2018-04-10,34.279999,34.889999,34.279999,34.639999,32.020508,20900
2018-04-11,34.560001,35.049999,34.560001,34.910000,32.270092,41500
2018-04-12,35.009998,35.040001,34.904999,34.910000,32.270092,26800
2018-04-13,35.080002,35.348999,35.080002,35.270000,32.602867,21100
2018-04-16,35.340000,35.400002,35.262001,35.330002,32.658333,30700
2018-04-17,35.389999,35.639999,35.389999,35.520000,32.833969,25800
2018-04-18,35.880001,36.299999,35.869999,36.080002,33.351620,18400
2018-04-19,36.237999,36.237999,35.930000,36.084999,33.356239,28200
2018-04-20,35.950001,35.950001,35.674999,35.790001,33.083546,21000
2018-04-23,35.570000,35.729000,35.480000,35.630001,32.935650,16900
2018-04-24,35.680000,35.869999,35.028000,35.240002,32.575142,23100
2018-04-25,35.049999,35.290001,35.049999,35.180000,32.519672,38900
2018-04-26,35.310001,35.540001,35.290001,35.500000,32.815475,15600
2018-04-27,35.200001,35.410000,35.200001,35.360001,32.686062,21000
2018-04-30,35.424999,35.424999,35.160000,35.160000,32.501186,26600
2018-05-01,35.049999,35.060001,34.664001,35.020000,32.371777,36100
2018-05-02,34.990002,35.380001,34.990002,35.080002,32.427235,29700
2018-05-03,35.130001,35.150002,34.880001,35.150002,32.491943,13100
2018-05-04,34.939999,35.380001,34.939999,35.340000,32.667583,29700
2018-05-07,35.410000,35.750000,35.250000,35.279999,32.612114,15400
2018-05-08,35.209999,35.400002,34.860001,35.400002,32.723038,27200
2018-05-09,35.650002,36.150002,35.650002,35.889999,33.175983,20600
2018-05-10,36.080002,36.419998,36.080002,36.360001,33.610439,17100
2018-05-11,36.490002,36.605000,36.400002,36.439999,33.684391,33000
2018-05-14,36.570000,36.720001,36.570000,36.669998,33.896999,18100
2018-05-15,36.619999,36.619999,36.279999,36.520000,33.758347,52100
2018-05-16,36.619999,36.790001,36.587002,36.779999,33.998680,33800
2018-05-17,36.840000,37.000000,36.820000,37.000000,34.202045,85000
2018-05-18,36.820000,36.849998,36.759998,36.770000,33.989433,144900
2018-05-21,37.119999,37.119999,36.877998,37.119999,34.312973,131400
2018-05-22,37.180000,37.270000,36.770000,36.779999,33.998680,31800
2018-05-23,36.439999,36.770000,36.439999,36.709999,33.933971,17700
2018-05-24,36.450001,36.580002,36.430000,36.529999,33.767582,22500
2018-05-25,36.027000,36.027000,35.700001,35.820000,33.111275,16800
2018-05-29,35.630001,35.630001,35.520000,35.610001,32.917160,8800
2018-05-30,35.669998,36.480000,35.669998,36.410000,33.656666,15900
2018-05-31,36.130001,36.250000,36.130001,36.150002,33.416321,15000
2018-06-01,36.009998,36.150002,35.930000,35.970001,33.439560,13900
2018-06-04,36.270000,36.279999,35.740002,35.740002,33.225746,10700
2018-06-05,35.840000,36.092999,35.840000,35.959999,33.430267,22100
2018-06-06,36.200001,36.400002,36.110001,36.400002,33.839321,16500
2018-06-07,36.680000,36.699001,36.490002,36.630001,34.053135,10800
2018-06-08,36.680000,36.680000,36.459999,36.630001,34.053135,15700
2018-06-11,36.509998,36.910000,36.509998,36.770000,34.183281,12700
2018-06-12,36.759998,36.866001,36.570000,36.660000,34.081020,21600
2018-06-13,36.750000,36.840000,36.549999,36.650002,34.071728,12200
2018-06-14,36.709999,36.770000,36.529999,36.563999,33.991776,17100
2018-06-15,36.410000,36.410000,35.689999,35.750000,33.235039,11900
2018-06-18,35.669998,36.150002,35.669998,35.990002,33.458157,17400
2018-06-19,35.580002,35.759998,35.470001,35.689999,33.179260,19200
2018-06-20,35.700001,35.790001,35.680000,35.720001,33.207153,25000
2018-06-21,35.500999,35.520000,35.290001,35.290001,32.807396,15400
2018-06-22,35.779999,36.071999,35.779999,35.990002,33.458157,16900
2018-06-25,35.779999,35.779999,35.119999,35.200001,32.723732,16700
2018-06-26,35.279999,35.799999,35.279999,35.669998,33.160664,16100
2018-06-27,36.209999,36.270000,35.880001,35.919998,33.393078,46300
2018-06-28,35.779999,35.900002,35.775002,35.900002,33.374489,15200
2018-06-29,36.470001,36.602001,36.400002,36.410000,33.848614,11800
2018-07-02,36.119999,36.160000,35.820000,35.938000,33.409813,56600
2018-07-03,36.400002,36.400002,36.340000,36.340000,33.783535,12800
2018-07-05,36.340000,36.381001,36.220001,36.330002,33.774235,18500
2018-07-06,36.200001,36.590000,36.200001,36.549999,33.978760,16200
2018-07-09,36.689999,36.946999,36.689999,36.889999,34.294838,16200
2018-07-10,37.000000,37.139999,36.980000,37.110001,34.499367,19100
2018-07-11,36.740002,36.759998,36.049999,36.099998,33.560417,19900
2018-07-12,36.279999,36.360001,36.275002,36.310001,33.755646,14500
2018-07-13,36.279999,36.355000,36.189999,36.220001,33.671974,11600
2018-07-16,35.983002,35.993000,35.750000,35.919998,33.393078,29000
2018-07-17,35.799999,35.980000,35.759998,35.849998,33.328003,13500
2018-07-18,35.560001,35.959999,35.500000,35.919998,33.393078,11200
2018-07-19,35.650002,35.650002,35.410000,35.490002,32.993336,14300
2018-07-20,35.410000,35.599998,35.410000,35.540001,33.039818,11500
2018-07-23,35.689999,35.689999,35.250000,35.320000,32.835293,22900
2018-07-24,35.470001,36.014999,35.470001,35.744999,33.230389,19100
2018-07-25,35.783001,35.980000,35.619999,35.980000,33.448860,12900
2018-07-26,35.810001,36.097000,35.810001,35.939999,33.411671,17700
2018-07-27,35.650002,35.945000,35.650002,35.720001,33.207153,12700
2018-07-30,35.799999,35.990002,35.799999,35.820000,33.300114,13600
2018-07-31,35.919998,36.154999,35.919998,35.990002,33.458157,14400
2018-08-01,35.849998,35.849998,35.389999,35.439999,32.946846,11600
2018-08-02,35.200001,35.439999,35.200001,35.389999,32.900364,20800
2018-08-03,35.200001,35.530998,35.200001,35.485001,32.988686,11000
2018-08-06,35.419998,35.650002,35.419998,35.470001,32.974735,32100
2018-08-07,35.689999,35.700001,35.320000,35.320000,32.835293,18500
2018-08-08,35.180000,35.209999,35.020000,35.200001,32.723732,16100
2018-08-09,35.319000,35.319000,35.150002,35.160000,32.686546,10700
2018-08-10,34.959999,35.005001,34.869999,34.970001,32.509911,14400
2018-08-13,34.799999,34.910000,34.393002,34.459000,32.034863,8400
2018-08-14,34.480000,34.532001,34.320000,34.360001,31.942829,19700
2018-08-15,33.330002,33.330002,32.750000,32.830002,30.520460,28300
2018-08-16,33.080002,33.250000,33.080002,33.099998,30.771463,280800
2018-08-17,33.220001,33.369999,33.036999,33.369999,31.022467,34500
2018-08-20,33.340000,33.540001,33.340000,33.439999,31.087547,21900
2018-08-21,33.529999,33.715000,33.520000,33.520000,31.161915,18900
2018-08-22,33.549999,33.959999,33.549999,33.889999,31.505886,49100
2018-08-23,33.639999,33.639999,33.410000,33.470001,31.115437,32800
2018-08-24,33.680000,34.080002,33.680000,33.900002,31.515184,17700
2018-08-27,33.939999,34.389999,33.939999,34.320000,31.905638,24400
2018-08-28,34.389999,34.595001,34.130001,34.132000,31.730864,49600
2018-08-29,34.160000,34.389999,34.160000,34.351002,31.934460,20400
2018-08-30,34.200001,34.200001,33.910000,33.949001,31.560741,20100
2018-08-31,33.840000,33.930000,33.580002,33.651001,31.283699,12500
2018-09-04,33.549999,33.549999,32.970001,32.970001,30.650606,14800
2018-09-05,32.869999,32.980000,32.689999,32.939999,30.622719,153500
2018-09-06,32.900002,33.049999,32.480000,32.599998,30.306637,27500
2018-09-07,32.212002,32.549999,32.139999,32.522999,30.235054,99600
2018-09-10,32.580002,32.689999,32.470001,32.470001,30.185787,83400
2018-09-11,32.130001,32.650002,32.130001,32.549999,30.260155,45400
2018-09-12,32.650002,33.240002,32.650002,33.169998,30.836538,78000
2018-09-13,32.990002,33.110001,32.980000,33.049999,30.724981,37800
2018-09-14,33.140999,33.348999,33.130001,33.240002,30.901613,44500
2018-09-17,33.150002,33.568001,33.150002,33.490002,31.134027,27200
2018-09-18,33.884998,33.910000,33.784000,33.910000,31.524481,19700
2018-09-19,34.226002,34.389999,34.220001,34.290001,31.877747,20000
2018-09-20,34.429001,34.429001,34.195999,34.310001,31.896343,24600
2018-09-21,34.410000,34.450001,34.279999,34.360001,31.942829,12600
2018-09-24,34.955002,34.955002,34.410000,34.410000,31.989305,91600
2018-09-25,34.790001,34.840000,34.570000,34.639999,32.203125,16900
2018-09-26,34.540001,34.540001,34.119999,34.119999,31.719707,17200
2018-09-27,34.150002,34.363998,34.139999,34.189999,31.784777,30700
2018-09-28,34.110001,34.540001,34.110001,34.299999,31.887041,12100
2018-10-01,34.459999,34.750000,34.419998,34.639999,32.203125,17100
2018-10-02,34.610001,34.959999,34.610001,34.849998,32.398354,16900
2018-10-03,34.950001,34.990002,34.759998,34.810001,32.361168,18900
2018-10-04,34.660000,34.884998,34.470001,34.619999,32.184532,12800
2018-10-05,34.590000,34.619999,34.439999,34.520000,32.091568,15700
2018-10-08,34.250000,34.619999,34.200001,34.560001,32.128761,107000
2018-10-09,34.463001,34.610001,34.463001,34.470001,32.045086,18200
2018-10-10,34.500000,34.500000,33.529999,33.529999,31.171215,17700
2018-10-11,33.430000,33.840000,33.430000,33.790001,31.412924,26700
2018-10-12,34.139999,34.139999,33.324001,33.490002,31.134027,3200
2018-10-15,33.720001,33.814999,33.590000,33.610001,31.245586,26700
2018-10-16,33.660000,33.735001,33.630001,33.669998,31.301363,20400
2018-10-17,33.590000,33.590000,33.450001,33.450001,31.096840,1300
2018-10-18,33.299999,33.520000,33.200001,33.205002,30.869081,22100
2018-10-19,33.250000,33.590000,33.209000,33.279999,30.938797,14900
2018-10-22,33.160000,33.299999,32.779999,32.830002,30.520460,18600
2018-10-23,32.320000,32.389999,31.889999,32.200001,29.934778,36200
2018-10-24,32.369999,32.369999,31.120001,31.120001,28.930756,25600
2018-10-25,31.320000,31.320000,30.770000,30.809999,28.642559,21200
2018-10-26,30.540001,31.100000,30.459999,30.840000,28.670450,46800
2018-10-29,30.980000,31.120001,30.270000,30.490000,28.345072,25100
2018-10-30,30.360001,31.070000,30.360001,31.030001,28.847086,21900
2018-10-31,31.129999,31.408001,31.129999,31.230000,29.033014,18400
2018-11-01,31.309999,32.110001,31.309999,32.110001,29.851110,13600
2018-11-02,32.279999,32.511002,32.040001,32.060001,29.804626,16600
2018-11-05,32.419998,32.471001,32.139999,32.240002,29.971964,12800
2018-11-06,32.290001,32.470001,32.290001,32.459999,30.176485,20600
2018-11-07,32.810001,32.852001,32.652000,32.830002,30.520460,17000
2018-11-08,32.837002,32.837002,32.290001,32.389999,30.111410,12700
2018-11-09,31.832001,32.160000,31.700001,32.160000,29.897591,13100
2018-11-12,32.119999,32.119999,31.400000,31.400000,29.191057,32500
2018-11-13,31.370001,31.669001,31.030001,31.110001,28.921455,13100
2018-11-14,31.368999,31.368999,31.000000,31.170000,28.977234,19000
2018-11-15,30.950001,31.670000,30.950001,31.670000,29.442062,12100
2018-11-16,32.070000,32.070000,31.980000,32.060001,29.804626,11900
2018-11-19,31.959000,31.959000,31.660999,31.680000,29.451361,11600
2018-11-20,31.290001,31.290001,30.760000,30.879999,28.707636,19600
2018-11-21,31.538000,31.879999,31.520000,31.670000,29.442062,16900
2018-11-23,30.860001,30.860001,30.625000,30.790001,28.623968,16700
2018-11-26,30.940001,31.139999,30.923000,30.940001,28.763418,28000
2018-11-27,30.820000,30.820000,30.490000,30.740000,28.577486,32000
2018-11-28,30.611000,31.325001,30.490000,31.325001,29.121334,52200
2018-11-29,31.170000,31.620001,31.170000,31.360001,29.153870,10600
2018-11-30,31.150000,31.370001,30.988001,31.370001,29.163166,13600
2018-12-03,31.959999,32.279999,31.959999,32.258999,29.989626,20800
2018-12-04,32.200001,32.411999,31.625000,31.629999,29.404877,30200
2018-12-06,30.980000,31.205000,30.700001,31.150000,28.958645,28400
2018-12-07,31.420000,31.870001,31.129999,31.129999,28.940052,43100
2018-12-10,30.959999,30.959999,30.530001,30.770000,28.605375,26100
2018-12-11,31.129999,31.190001,30.570000,30.774000,28.609097,27800
2018-12-12,31.020000,31.424000,31.020000,31.020000,28.837788,42500
2018-12-13,31.056000,31.219999,30.861000,31.100000,28.912161,16100
2018-12-14,31.030001,31.030001,30.476000,30.480000,28.335775,32800
2018-12-17,30.350000,30.660000,30.104000,30.104000,27.986227,52000
2018-12-18,30.243999,30.320000,29.879999,29.997999,27.887684,28000
2018-12-19,29.969999,30.420000,29.051001,29.080000,27.034266,35300
2018-12-20,29.059999,29.490000,28.820000,28.933001,26.897608,93300
2018-12-21,28.629999,28.902000,28.129999,28.309999,26.649094,101300
2018-12-24,28.084000,28.270000,27.820000,27.820000,26.187840,49300
2018-12-26,27.910000,28.816000,27.690001,28.816000,27.125408,56200
2018-12-27,28.330000,29.240000,28.330000,29.110001,27.402157,54800
2018-12-28,29.400000,29.400000,28.816999,28.840000,27.148001,38700
2018-12-31,28.969999,29.080000,28.691999,28.980000,27.279785,34700
2019-01-02,28.775999,29.450001,28.775999,29.122000,27.413454,26100
2019-01-03,29.320000,29.320000,28.820000,28.910000,27.213894,18800
2019-01-04,29.110001,29.760000,29.110001,29.670000,27.929306,28300
2019-01-07,29.879999,30.018000,29.709999,29.780001,28.032852,16400
2019-01-08,30.011999,30.200001,29.910000,30.041000,28.278540,28100
2019-01-09,30.299999,30.590000,30.299999,30.500000,28.710609,19200
2019-01-10,30.209999,30.540001,30.209999,30.540001,28.748266,17100
2019-01-11,30.340000,30.525000,30.299999,30.459999,28.672956,20500
2019-01-14,30.379999,30.489000,30.270000,30.320000,28.541168,17000
2019-01-15,30.330000,30.510000,30.049999,30.170000,28.399971,18400
2019-01-16,30.240000,30.389999,30.230000,30.280001,28.503517,26400
2019-01-17,30.141001,30.611000,30.141001,30.546000,28.753908,29700
2019-01-18,30.830000,30.957001,30.660000,30.840000,29.030663,20300
2019-01-22,30.410000,30.422001,30.299999,30.389999,28.607063,28300
2019-01-23,30.360001,30.469999,30.100000,30.180000,28.409384,32000
2019-01-24,30.049999,30.190001,30.049999,30.120001,28.352903,21200
2019-01-25,30.834999,30.855000,30.754999,30.767000,28.961943,18000
2019-01-28,30.490000,30.490000,30.290001,30.480000,28.691782,39300
2019-01-29,30.559999,30.990000,30.559999,30.870001,29.058901,34500
2019-01-30,30.980000,31.525000,30.980000,31.330000,29.491913,10100
2019-01-31,31.400000,31.740000,31.400000,31.731001,29.869390,27000
2019-02-01,31.829000,31.907000,31.740000,31.855000,29.986115,31800
2019-02-04,31.700001,31.968000,31.580999,31.930000,30.056713,27100
2019-02-05,31.781000,31.860001,31.660000,31.853001,29.984232,24600
2019-02-06,31.809999,31.860001,31.620001,31.700001,29.840208,15200
2019-02-07,31.530001,31.535000,31.115000,31.230000,29.397781,16800
2019-02-08,31.150000,31.205000,30.920000,31.164000,29.335655,21300
2019-02-11,30.980000,31.160000,30.980000,31.080000,29.256582,13000
2019-02-12,31.313999,31.450001,31.313999,31.351999,29.512625,24800
2019-02-13,31.290001,31.735001,31.290001,31.450001,29.604877,26400
2019-02-14,31.370001,31.660000,31.370001,31.510000,29.661354,17600
2019-02-15,31.809999,31.962999,31.750999,31.962999,30.087774,21000
2019-02-19,31.820000,32.529999,31.820000,32.396000,30.495373,34800
2019-02-20,32.568001,33.029999,32.568001,32.786999,30.863434,18900
2019-02-21,32.560001,32.580002,32.369999,32.410000,30.508551,18900
2019-02-22,32.650002,32.709999,32.610001,32.629002,30.714706,14200
2019-02-25,32.490002,32.722000,32.490002,32.584999,30.673286,14600
2019-02-26,32.549999,32.549999,32.410000,32.424999,30.522671,22200
2019-02-27,32.520000,32.540001,32.340000,32.354000,30.455837,9500
2019-02-28,32.320000,32.320000,32.049999,32.049999,30.169672,13700
2019-03-01,32.389999,32.389999,32.020000,32.150002,30.263809,16900
2019-03-04,32.330002,32.330002,31.840000,32.259998,30.367352,18800
2019-03-05,32.389999,32.389999,32.155998,32.230000,30.339113,101100
2019-03-06,32.080002,32.153999,31.690001,31.830000,29.962582,16000
2019-03-07,31.537001,31.719999,31.469999,31.646000,29.789373,26500
2019-03-08,31.266001,31.459999,31.100000,31.459999,29.614288,30400
2019-03-11,31.681999,31.840000,31.650000,31.840000,29.971994,19000
2019-03-12,31.870001,32.220001,31.870001,32.130001,30.244982,25300
2019-03-13,32.150002,32.439999,32.150002,32.411999,30.510435,20800
2019-03-14,32.330002,32.349998,32.077000,32.080002,30.197914,22600
2019-03-15,32.000000,32.270000,32.000000,32.150002,30.263809,13400
2019-03-18,32.119999,32.368999,32.119999,32.300999,30.405945,15700
2019-03-19,32.380001,32.570000,32.230000,32.230000,30.339113,24100
2019-03-20,32.189999,32.689999,32.000000,32.535999,30.627157,19700
2019-03-21,32.459999,32.839001,32.459999,32.765999,30.843664,33500
2019-03-22,32.480000,32.480000,31.930000,32.040001,30.160259,13900
2019-03-25,32.040001,32.349998,32.040001,32.220001,30.329702,18100
2019-03-26,32.240002,32.709999,32.240002,32.689999,30.772125,20000
2019-03-27,32.630001,32.630001,32.424000,32.509998,30.602686,16200
2019-03-28,32.553001,32.553001,32.368000,32.509998,30.602686,16300
2019-03-29,32.790001,32.790001,32.590000,32.590000,30.677994,14600
2019-04-01,32.904999,32.951000,32.777000,32.830002,30.903915,22200
2019-04-02,32.720001,32.810001,32.639999,32.700001,30.781540,30100
2019-04-03,32.810001,32.877998,32.490002,32.560001,30.649752,15600
2019-04-04,32.570000,32.970001,32.500000,32.970001,31.035700,25800
2019-04-05,33.099998,33.189999,33.099998,33.189999,31.242794,16800
2019-04-08,33.290001,33.490002,33.290001,33.490002,31.525194,27100
2019-04-09,33.369999,33.369999,33.042000,33.099998,31.158068,29600
2019-04-10,33.220001,33.255001,33.090000,33.119999,31.176897,30600
2019-04-11,33.139999,33.139999,32.860001,32.990002,31.054525,79600
2019-04-12,33.389999,33.389999,33.164001,33.259998,31.308683,30100
2019-04-15,33.209999,33.235001,33.150002,33.180000,31.233377,18900
2019-04-16,33.160000,33.299999,33.080002,33.200001,31.252207,26200
2019-04-17,33.349998,33.500000,33.130001,33.169998,31.223961,25700
2019-04-18,33.180000,33.189999,32.889999,33.020000,31.082764,22800
2019-04-22,33.169998,33.169998,33.051998,33.110001,31.167486,16200
2019-04-23,33.150002,33.178001,32.928001,33.099998,31.158068,26000
2019-04-24,33.130001,33.130001,32.660000,32.660000,30.743885,15900
2019-04-25,32.520000,32.570000,32.200001,32.200001,30.310873,23000
2019-04-26,31.990000,32.240002,31.990000,32.230000,30.339113,20400
2019-04-29,32.160000,32.200001,32.090000,32.141998,30.256273,28600
2019-04-30,32.250000,32.310001,32.130001,32.250000,30.357941,31300
2019-05-01,32.189999,32.189999,31.520000,31.540001,29.689594,129500
2019-05-02,31.450001,31.450001,31.010000,31.010000,29.190689,24200
2019-05-03,31.391001,31.490000,31.389999,31.389999,29.548393,20900
2019-05-06,31.139999,31.340000,31.056999,31.290001,29.454264,24700
2019-05-07,30.980000,30.980000,30.809999,30.950001,29.134209,12600
2019-05-08,30.920000,31.245001,30.920000,31.020000,29.200102,24700
2019-05-09,30.980000,31.105000,30.785000,31.010000,29.190689,12200
2019-05-10,30.700001,31.145000,30.690001,31.100000,29.275408,31500
2019-05-13,30.496000,30.655001,30.445000,30.629999,28.832981,19600
2019-05-14,30.680000,30.950001,30.680000,30.809999,29.002420,26000
2019-05-15,30.570000,30.959999,30.570000,30.889999,29.077728,32800
2019-05-16,30.940001,31.035000,30.870001,30.885000,29.073023,25800
2019-05-17,30.700001,30.705000,30.570000,30.610001,28.814157,18900
2019-05-20,30.510000,30.760000,30.510000,30.570000,28.776501,36700
2019-05-21,30.629999,30.750000,30.500000,30.740000,28.936529,16900
2019-05-22,30.520000,30.520000,30.209999,30.224001,28.450800,15800
2019-05-23,29.959999,29.959999,29.450001,29.530001,27.797520,20400
2019-05-24,29.645000,29.709000,29.520000,29.660000,27.919893,72200
2019-05-28,29.639999,29.750000,29.510000,29.510000,27.778692,15300
2019-05-29,29.350000,29.500000,29.264000,29.490000,27.759865,22400
2019-05-30,29.450001,29.482000,29.320000,29.396999,27.672319,19500
2019-05-31,29.350000,29.563999,29.350000,29.459999,27.731623,13500
2019-06-03,29.290001,29.754999,29.290001,29.719999,28.247725,18900
2019-06-04,29.770000,30.250000,29.770000,30.250000,28.751471,17700
2019-06-05,30.299999,30.299999,29.815001,30.004999,28.518606,10000
2019-06-06,30.020000,30.549999,30.020000,30.450001,28.941563,16700
2019-06-07,30.459999,30.650999,30.459999,30.559999,29.046114,18100
2019-06-10,30.520000,30.629999,30.504000,30.605000,29.088882,18100
2019-06-11,30.860001,30.860001,30.700001,30.700001,29.179178,31100
2019-06-12,30.669001,30.805000,30.669001,30.688999,29.168722,11900
2019-06-13,30.900000,31.000000,30.900000,30.990000,29.454811,23000
2019-06-14,31.000000,31.000000,30.837000,30.860001,29.331251,19200
2019-06-17,30.809999,31.172001,30.809999,31.156000,29.612587,19500
2019-06-18,31.580000,31.680000,31.580000,31.610001,30.044100,18800
2019-06-19,31.540001,31.639999,31.440001,31.570000,30.006079,12300
2019-06-20,31.930000,32.415001,31.930000,32.360001,30.756945,27000
2019-06-21,32.320000,32.439999,32.279999,32.349998,30.747438,14300
2019-06-24,32.380001,32.660000,32.380001,32.630001,31.013569,16800
2019-06-25,32.589001,32.589001,32.380001,32.389999,30.785458,34300
2019-06-26,32.419998,32.633999,32.419998,32.520000,30.909019,22200
2019-06-27,32.369999,32.419998,32.311001,32.334000,30.732231,19000
2019-06-28,32.299999,32.529999,32.299999,32.529999,30.918522,14600
2019-07-01,32.570000,32.639999,32.330002,32.451000,30.843437,237500
2019-07-02,32.189999,32.270000,32.040001,32.270000,30.671404,47300
2019-07-03,32.330002,32.330002,32.240002,32.330002,30.728434,17900
2019-07-05,32.000000,32.290001,31.937000,32.290001,30.690413,21000
2019-07-08,32.310001,32.310001,32.137001,32.150002,30.557350,23300
2019-07-09,32.029999,32.080002,31.920000,32.080002,30.490816,27300
2019-07-10,32.290001,32.459999,32.208000,32.410000,30.804466,47600
2019-07-11,32.410000,32.430000,32.233002,32.419998,30.813969,20500
2019-07-12,32.470001,32.580002,32.450001,32.580002,30.966049,10700
2019-07-15,32.523998,32.523998,32.365002,32.419998,30.813969,10800
2019-07-16,32.490002,32.529999,32.160000,32.160000,30.566851,15700
2019-07-17,32.189999,32.380001,32.110001,32.279999,30.680904,32200
2019-07-18,32.200001,32.548000,32.200001,32.490002,30.880508,92000
2019-07-19,32.450001,32.810001,32.450001,32.738998,31.117168,49600
2019-07-22,32.709999,32.830002,32.639999,32.779999,31.156136,12600
2019-07-23,32.750000,32.910000,32.750000,32.830002,31.203665,17100
2019-07-24,32.919998,32.994999,32.882999,32.900002,31.270197,16200
2019-07-25,32.799999,32.889999,32.240002,32.310001,30.709423,21800
2019-07-26,32.209999,32.209999,32.099998,32.160000,30.566851,24500
2019-07-29,32.150002,32.180000,31.959999,32.169998,30.576355,75300
2019-07-30,31.990000,32.560001,31.990000,32.480000,30.871002,25900
2019-07-31,32.500000,32.580002,31.830000,32.049999,30.462299,22500
2019-08-01,32.009998,32.090000,31.760000,31.820000,30.243694,23500
2019-08-02,31.860001,31.920000,31.309999,31.440001,29.882521,23800
2019-08-05,31.230000,31.360001,30.930000,30.969999,29.435802,166700
2019-08-06,30.969999,31.129999,30.789000,31.010000,29.473822,25400
2019-08-07,30.760000,31.299999,30.760000,31.230000,29.682922,56100
2019-08-08,31.469999,31.875999,31.469999,31.875999,30.296923,10900
2019-08-09,31.879999,31.879999,31.540001,31.540001,29.977566,23600
2019-08-12,31.549999,31.549999,31.037001,31.069000,29.529900,16100
2019-08-13,30.980000,31.231001,30.931999,31.170000,29.625896,32200
2019-08-14,30.969999,30.969999,30.379999,30.400000,28.894039,37300
2019-08-15,30.290001,30.350000,30.187000,30.320000,28.818001,200600
2019-08-16,30.415001,30.625999,30.415001,30.625999,29.108843,119500
2019-08-19,30.799999,30.870001,30.655001,30.840000,29.312243,25800
2019-08-20,30.730000,30.840000,30.679001,30.806000,29.279924,21800
2019-08-21,31.018000,31.070000,30.950001,30.959999,29.426298,19000
2019-08-22,30.940001,31.113001,30.889999,30.889999,29.359766,16500
2019-08-23,30.840000,30.909000,30.510000,30.559999,29.046114,17600
2019-08-26,30.742001,30.893999,30.681000,30.745001,29.221949,33000
2019-08-27,30.820000,30.990000,30.820000,30.910000,29.378775,27300
2019-08-28,31.010000,31.280001,31.010000,31.190001,29.644905,23700
2019-08-29,31.430000,31.459999,31.150000,31.200001,29.654409,12600
2019-08-30,31.190001,31.340000,31.160000,31.340000,29.787474,14200
2019-09-03,30.980000,31.209999,30.980000,31.180000,29.635399,21300
2019-09-04,31.370001,31.730000,31.370001,31.700001,30.129641,27300
2019-09-05,31.879999,31.879999,31.629999,31.629999,30.063107,14700
2019-09-06,31.629999,31.629999,31.450001,31.450001,29.892027,17000
2019-09-09,31.549999,31.690001,31.469999,31.650000,30.082117,10400
2019-09-10,31.620001,32.189999,31.620001,31.990000,30.405275,34500
2019-09-11,32.169998,32.342999,32.116001,32.200001,30.604872,18700
2019-09-12,32.099998,32.279999,32.099998,32.111000,30.520279,15100
2019-09-13,32.335999,32.369999,32.160000,32.160000,30.566851,18400
2019-09-16,32.980000,33.130001,32.840000,32.995998,31.361437,17000
2019-09-17,32.849998,33.009998,32.810001,32.900002,31.270197,23300
2019-09-18,32.720001,32.730000,32.290001,32.590000,30.975552,19200
2019-09-19,32.590000,32.799999,32.590000,32.674000,31.055389,14400
2019-09-20,32.770000,32.806000,32.700001,32.779999,31.156136,9100
2019-09-23,32.708000,32.790001,32.680000,32.750000,31.127626,13300
2019-09-24,32.560001,32.590000,32.369999,32.470001,30.861496,11800
2019-09-25,32.240002,32.279999,32.115002,32.236000,30.639090,21000
2019-09-26,32.049999,32.049999,31.760000,31.790001,30.215181,23500
2019-09-27,31.750000,31.750000,31.570000,31.584000,30.019386,12300
2019-09-30,31.370001,31.493000,31.343000,31.398001,29.842602,19800
2019-10-01,31.280001,31.450001,30.770000,30.770000,29.245712,70100
2019-10-02,30.590000,30.670000,30.260000,30.309999,28.808498,209700
2019-10-03,30.200001,30.495001,30.200001,30.410000,28.903545,76100
2019-10-04,30.370001,30.580000,30.330000,30.580000,29.065123,38900
2019-10-07,30.450001,30.625000,30.450001,30.472000,28.962475,48000
2019-10-08,30.230000,30.309999,30.160999,30.160999,28.666878,20600
2019-10-09,30.200001,30.340000,30.170000,30.270000,28.770481,30800
2019-10-10,30.563000,30.680000,30.535000,30.610001,29.093637,24100
2019-10-11,30.709999,30.930000,30.709999,30.750000,29.226702,22000
2019-10-14,30.500000,30.795000,30.500000,30.700001,29.179178,26400
2019-10-15,30.530001,30.816000,30.530001,30.530001,29.017599,19700
2019-10-16,30.549999,30.625999,30.430000,30.430000,28.922556,106700
2019-10-17,30.671000,30.671000,30.579000,30.579000,29.064173,63000
2019-10-18,30.670000,30.670000,30.469999,30.472000,28.962475,19600
2019-10-21,30.590000,30.639000,30.490000,30.610001,29.093637,31400
2019-10-22,30.500000,30.879000,30.500000,30.750000,29.226702,38500
2019-10-23,30.610001,30.990000,30.610001,30.964001,29.430099,22700
2019-10-24,30.950001,31.042999,30.900000,31.042999,29.505186,21000
2019-10-25,31.316000,31.370001,31.316000,31.350000,29.796978,22700
2019-10-28,31.260000,31.379999,31.111000,31.143999,29.601183,27800
2019-10-29,30.840000,31.430000,30.840000,31.290001,29.739952,32800
2019-10-30,31.260000,31.260000,30.900000,31.010000,29.473822,25800
2019-10-31,30.889999,31.010000,30.790001,31.010000,29.473822,33800
2019-11-01,31.190001,31.472000,31.190001,31.459999,29.901529,19600
2019-11-04,31.750000,32.084999,31.750000,32.020000,30.433790,25700
2019-11-05,31.920000,32.070000,31.920000,32.049999,30.462299,24800
2019-11-06,31.959999,31.959999,31.712000,31.719999,30.148649,13600
2019-11-07,31.790001,31.978001,31.790001,31.978001,30.393869,19900
2019-11-08,31.709999,31.860001,31.670000,31.860001,30.281713,18700
2019-11-11,31.760000,31.809999,31.629999,31.740000,30.167658,18300
2019-11-12,31.840000,31.840000,31.570000,31.670000,30.101126,13200
2019-11-13,31.600000,31.639999,31.500000,31.520000,29.958557,21200
2019-11-14,31.650000,31.664000,31.500000,31.540001,29.977566,21700
2019-11-15,31.540001,31.760000,31.540001,31.722000,30.150553,16900
2019-11-18,31.520000,31.598000,31.440001,31.500000,29.939548,20600
2019-11-19,31.504999,31.510000,31.400000,31.410000,29.854006,23000
2019-11-20,31.330000,31.549999,31.260000,31.441999,29.884418,19600
2019-11-21,31.480000,31.594999,31.410000,31.549999,29.987068,19900
2019-11-22,31.540001,31.650999,31.500000,31.500000,29.939548,35500
2019-11-25,31.600000,31.690001,31.481001,31.620001,30.053604,42800
2019-11-26,31.639999,31.639999,31.490000,31.552999,29.989922,21600
2019-11-27,31.510000,31.639999,31.389999,31.580000,30.015583,24200
2019-11-29,31.400000,31.580000,31.400000,31.520000,29.958557,30500
2019-12-02,31.565001,31.600000,31.450001,31.452999,29.894875,9800
2019-12-03,31.299999,31.299999,31.128000,31.200001,29.654409,27900
2019-12-04,31.370001,31.639999,31.370001,31.500000,29.939548,26900
2019-12-05,31.511000,31.576000,31.420000,31.510000,29.949053,53500
2019-12-06,31.879999,31.965000,31.870001,31.920000,30.338741,25700
2019-12-09,31.809999,32.049999,31.809999,31.950001,30.367258,17200
2019-12-10,31.950001,32.029999,31.907000,32.029999,30.443293,23600
2019-12-11,32.180000,32.360001,32.169998,32.299999,30.699917,24000
2019-12-12,32.349998,32.799999,32.349998,32.770000,31.146633,24400
2019-12-13,32.750000,32.830002,32.634998,32.655998,31.038280,21600
2019-12-16,32.820000,33.043999,32.820000,32.889999,31.260691,16100
2019-12-17,32.880001,33.051998,32.779999,32.873001,31.244534,23800
2019-12-18,32.869999,33.099998,32.869999,33.070999,31.432722,23200
2019-12-19,33.064999,33.080002,32.990002,33.014999,31.379496,20300
2019-12-20,32.810001,32.840000,32.658001,32.692001,31.452618,25400
2019-12-23,32.669998,33.150002,32.669998,33.150002,31.893255,29900
2019-12-24,33.099998,33.459000,33.099998,33.370998,32.105873,16000
2019-12-26,33.549999,33.720001,33.549999,33.650002,32.374302,229100
2019-12-27,33.700001,33.700001,33.455002,33.455002,32.186691,14700
2019-12-30,33.480000,33.675999,33.480000,33.533001,32.261734,36600
2019-12-31,33.471001,33.740002,33.471001,33.740002,32.460888,19400
2020-01-02,33.840000,33.979000,33.619999,33.680000,32.403164,35300
2020-01-03,34.000000,34.000000,33.570000,33.570000,32.297333,26400
2020-01-06,33.660000,33.900002,33.660000,33.770000,32.489746,37100
2020-01-07,33.650002,33.849998,33.650002,33.840000,32.557095,13200
2020-01-08,33.707001,33.707001,33.220001,33.220001,31.960600,16400
2020-01-09,32.944000,33.230000,32.939999,33.167999,31.910572,19500
2020-01-10,33.209999,33.236000,33.108002,33.110001,31.854773,26000
2020-01-13,33.130001,33.220001,33.049999,33.220001,31.960600,23700
2020-01-14,33.130001,33.299999,33.130001,33.299999,32.037567,23100
2020-01-15,33.180000,33.405998,33.180000,33.405998,32.139549,19700
2020-01-16,33.500000,33.575001,33.439999,33.439999,32.172256,21200
2020-01-17,33.474998,33.474998,33.250000,33.250000,31.989460,39700
2020-01-21,32.980000,33.154999,32.950001,32.950001,31.700832,26100
2020-01-22,32.900002,32.900002,32.630001,32.730999,31.490137,35500
2020-01-23,32.259998,32.590000,32.230000,32.529999,31.296757,27500
2020-01-24,32.520000,32.520000,32.181999,32.360001,31.133204,36600
2020-01-27,32.040001,32.040001,31.549999,31.549999,30.353909,21800
2020-01-28,31.629999,31.730000,31.570000,31.639999,30.440500,98900
2020-01-29,31.650000,31.688999,31.549999,31.620001,30.421259,77500
2020-01-30,31.629999,31.820000,31.539000,31.820000,30.613674,36100
2020-01-31,31.415001,31.500000,31.190001,31.278000,30.092222,21500
2020-02-03,31.129999,31.240000,31.049999,31.160000,29.978697,26500
2020-02-04,31.350000,31.379999,31.235001,31.247000,30.062397,98800
2020-02-05,31.639999,32.029999,31.639000,31.995001,30.782042,154500
2020-02-06,32.009998,32.060001,31.900000,31.900000,30.690641,22800
2020-02-07,31.670000,31.670000,31.420000,31.420000,30.228840,21200
2020-02-10,31.250999,31.500000,31.250999,31.469999,30.276943,28400
2020-02-11,31.629999,31.990000,31.629999,31.709999,30.507843,959600
2020-02-12,31.980000,31.980000,31.889999,31.889999,30.681021,1822900
2020-02-13,31.857000,31.927999,31.820000,31.844999,30.637726,2121800
2020-02-14,31.740000,31.830999,31.540001,31.600000,30.402016,167100
2020-02-18,31.580000,31.840000,31.559999,31.840000,30.632917,96700
2020-02-19,32.049999,32.310001,32.020000,32.290001,31.065857,58400
2020-02-20,32.169998,32.556000,32.169998,32.330002,31.104343,54400
2020-02-21,32.310001,32.349998,32.125000,32.298000,31.073555,45100
2020-02-24,31.920000,31.920000,31.610001,31.611000,30.412600,93100
2020-02-25,31.490000,31.540001,30.424000,30.424000,29.270597,32900
2020-02-26,30.330000,30.562000,29.840000,29.840000,28.708738,33100
2020-02-27,29.389999,29.400000,28.340000,28.340000,27.265606,66100
2020-02-28,27.280001,28.105000,27.016001,28.054001,26.990448,144300
2020-03-02,28.719999,28.990000,28.090000,28.990000,27.890963,122300
2020-03-03,29.230000,29.561001,28.690001,29.020000,27.919827,47000
2020-03-04,29.480000,29.639999,29.059999,29.639999,28.516319,68200
2020-03-05,29.040001,29.209999,29.010000,29.184999,28.078569,38900
2020-03-06,28.530001,28.530001,27.680000,28.011999,26.950039,60300
2020-03-09,24.000000,25.069000,23.684999,23.920000,23.013172,54900
2020-03-10,25.110001,25.110001,23.667999,24.809999,23.869429,2401000
2020-03-11,24.070000,24.125999,23.030001,23.260000,22.378193,75300
2020-03-12,21.200001,22.391001,20.360001,20.799999,20.011452,116200
2020-03-13,21.940001,21.940001,20.160000,21.420000,20.607948,175500
2020-03-16,19.709999,20.785999,18.805000,20.010000,19.251404,244800
2020-03-17,20.010000,21.270000,19.825001,20.730000,19.944107,158200
2020-03-18,19.410000,19.950001,17.974001,18.389999,17.692818,124500
2020-03-19,18.379999,19.920000,17.600000,19.219999,18.491352,182400
2020-03-20,19.440001,19.920000,18.570000,18.879999,18.164242,256400
2020-03-23,18.879999,19.320000,18.591999,18.799999,18.087276,221300
2020-03-24,20.270000,21.549999,20.250000,21.420000,20.607948,118700
2020-03-25,21.480000,22.679001,21.330000,21.930000,21.098616,141800
2020-03-26,22.129999,22.788000,22.129999,22.570000,21.714350,102400
2020-03-27,21.700001,21.850000,21.165001,21.200001,20.396288,80000
2020-03-30,21.180000,21.680000,21.180000,21.639999,20.819607,96500
2020-03-31,21.750000,22.424999,21.750000,21.860001,21.031269,71800
2020-04-01,21.584000,21.920000,21.230000,21.469999,20.656054,75500
2020-04-02,21.940001,23.420000,21.940001,22.719999,21.858664,115500
2020-04-03,22.889999,23.070000,22.490000,22.620001,21.762457,45000
2020-04-06,23.330000,23.680000,23.094999,23.600000,22.705301,50300
2020-04-07,24.320000,24.639999,23.750000,23.809999,22.907341,62800
2020-04-08,24.200001,24.680000,23.879999,24.680000,23.744360,65900
2020-04-09,25.190001,25.980000,25.100000,25.650000,24.677586,58200
2020-04-13,25.809999,26.200001,25.420000,26.030001,25.043179,61100
2020-04-14,26.209999,26.629999,25.892000,26.000000,25.014317,54400
2020-04-15,25.010000,25.260000,24.650000,25.240000,24.283129,219600
2020-04-16,25.110001,25.169001,24.780001,24.930000,23.984880,68100
2020-04-17,24.920000,25.950001,24.920000,25.940001,24.956591,62400
2020-04-20,24.940001,26.080000,24.940001,25.490000,24.523651,71500
2020-04-21,24.920000,25.340000,24.740000,25.170000,24.215784,59500
2020-04-22,26.260000,26.344999,25.969999,26.268000,25.272156,78100
2020-04-23,26.820000,27.629999,26.820000,26.959999,25.937922,61000
2020-04-24,27.205000,27.370001,26.915001,27.209999,26.178444,71200
2020-04-27,27.129999,27.580000,26.799999,27.480000,26.438208,70900
2020-04-28,27.860001,28.045000,27.650000,27.850000,26.794182,61000
2020-04-29,28.520000,29.290001,28.520000,29.170000,28.064140,60300
2020-04-30,28.879999,29.034000,28.170000,28.350000,27.275227,50400
2020-05-01,27.900000,27.900000,27.541000,27.670000,26.621004,45600
2020-05-04,27.709999,28.320000,27.709999,28.320000,27.246363,98200
2020-05-05,28.858999,28.940001,28.490000,28.610001,27.525370,35700
2020-05-06,28.750000,28.750000,27.719999,27.730000,26.678732,46100
2020-05-07,28.440001,28.750000,28.440001,28.490000,27.409918,33900
2020-05-08,29.000000,29.180000,28.891001,29.139999,28.035276,42400
2020-05-11,28.940001,28.940001,28.350000,28.379999,27.304087,32100
2020-05-12,28.670000,28.672001,28.000000,28.000000,26.938494,40000
2020-05-13,27.959999,27.959999,27.139999,27.340000,26.303516,34100
2020-05-14,27.575001,27.850000,27.559999,27.740000,26.688353,39700
2020-05-15,28.180000,28.290001,28.100000,28.129999,27.063564,36200
2020-05-18,29.170000,29.242001,29.160000,29.180000,28.073761,44700
2020-05-19,29.400000,29.420000,28.990000,28.990000,27.890963,83400
2020-05-20,29.600000,29.650000,29.295000,29.320000,28.208454,33800
2020-05-21,29.040001,29.040001,28.736000,28.780001,27.688925,56700
2020-05-22,28.629999,28.700001,28.535000,28.690001,27.602337,19600
2020-05-26,28.795000,28.940001,28.680000,28.680000,27.592716,27600
2020-05-27,28.809999,28.846001,28.120001,28.846001,27.752422,45100
2020-05-28,29.110001,29.110001,28.530001,28.639999,27.554232,35300
2020-05-29,28.370001,28.580000,28.370001,28.481001,27.401260,18700
2020-06-01,28.299999,28.764000,28.073000,28.700001,27.945566,23200
2020-06-02,29.003000,29.114000,28.910000,29.063999,28.299997,35700
2020-06-03,29.257000,29.305000,29.049999,29.219999,28.451895,26400
2020-06-04,29.230000,29.395000,29.129999,29.350000,28.578478,25100
2020-06-05,30.010000,30.730000,30.010000,30.700001,29.892992,42500
2020-06-08,31.520000,31.530001,30.990000,31.530001,30.701176,69300
2020-06-09,30.990000,31.184999,30.670000,31.070000,30.253265,68800
2020-06-10,30.969999,30.969999,30.181000,30.490000,29.688511,62900
2020-06-11,29.049999,29.520000,28.020000,28.129999,27.390547,48700
2020-06-12,29.010000,29.010000,28.409000,28.652000,27.898829,59100
2020-06-15,27.730000,28.938000,27.480000,28.780001,28.023462,63000
2020-06-16,29.590000,29.650000,29.146999,29.190001,28.422686,36200
2020-06-17,29.160000,29.160000,28.690001,28.690001,27.935829,28900
2020-06-18,28.820000,28.860001,28.540001,28.629999,27.877405,51800
2020-06-19,29.209999,29.226000,28.767000,28.767000,28.010805,20600
2020-06-22,28.840000,29.170000,28.840000,29.110001,28.344788,28200
2020-06-23,29.500000,29.621000,29.280001,29.290001,28.520058,25800
2020-06-24,29.100000,29.100000,28.170000,28.180000,27.439236,22100
2020-06-25,27.969999,28.639999,27.969999,28.639999,27.887142,30400
2020-06-26,28.080000,28.221001,28.044001,28.138000,27.398340,16900
2020-06-29,28.090000,28.469999,28.090000,28.450001,27.702139,20700
2020-06-30,28.299999,29.170000,28.230000,29.080000,28.315577,27100
2020-07-01,29.129999,29.190001,28.608999,28.730000,27.974775,43300
2020-07-02,28.980000,29.430000,28.926001,28.926001,28.165627,31100
2020-07-06,29.350000,29.350000,29.020000,29.180000,28.412949,16000
2020-07-07,28.920000,29.247999,28.910000,28.927000,28.166597,22400
2020-07-08,29.309999,29.340000,28.860001,29.049999,28.286366,20600
2020-07-09,28.910000,28.910000,28.180000,28.340000,27.595030,14300
2020-07-10,28.450001,28.760000,28.450001,28.760000,28.003988,46200
2020-07-13,29.049999,29.240000,28.587999,28.587999,27.836510,30500
2020-07-14,28.459999,29.486000,28.459999,29.486000,28.710903,26400
2020-07-15,29.680000,29.840000,29.590000,29.820000,29.036125,25500
2020-07-16,29.809999,29.830000,29.520000,29.600000,28.821907,26600
2020-07-17,29.884001,29.884001,29.650000,29.670000,28.890068,16700
2020-07-20,29.910000,29.910000,29.620001,29.620001,28.841383,52000
2020-07-21,30.059999,30.860001,30.059999,30.650000,29.844307,22600
2020-07-22,30.530001,30.740000,30.478001,30.690001,29.883255,21900
2020-07-23,30.600000,30.812000,30.450001,30.500000,29.698250,27500
2020-07-24,30.680000,30.680000,30.490000,30.559999,29.756672,20600
2020-07-27,31.054001,31.219999,30.930000,31.110001,30.292215,18100
2020-07-28,30.790001,30.882999,30.709999,30.709999,29.902727,22200
2020-07-29,30.809999,30.840000,30.510000,30.840000,30.029312,13300
2020-07-30,30.020000,30.099001,29.860001,30.030001,29.240604,13300
2020-07-31,30.049999,30.289000,30.049999,30.289000,29.492796,20400
2020-08-03,30.190001,30.340000,30.084999,30.330000,29.532717,24000
2020-08-04,30.080000,31.100000,30.080000,31.100000,30.282476,36500
2020-08-05,31.600000,32.000000,31.490000,31.580000,30.749859,40200
2020-08-06,31.590000,31.639999,31.200001,31.309999,30.486956,30900
2020-08-07,31.090000,31.090000,30.770000,30.940001,30.126682,21400
2020-08-10,31.129999,31.510000,31.129999,31.469999,30.642750,52700
2020-08-11,31.360001,31.410000,30.680000,30.680000,29.873518,49700
2020-08-12,31.049999,31.049999,30.840000,30.850000,30.039049,32500
2020-08-13,30.850000,31.139999,30.809999,30.930000,30.116945,150700
2020-08-14,30.850000,30.980000,30.850000,30.980000,30.165630,248200
2020-08-17,31.469999,31.657000,31.459999,31.620001,30.788809,422100
2020-08-18,31.820000,31.858000,31.549999,31.549999,30.720646,137900
2020-08-19,31.580000,31.580000,31.049999,31.110001,30.292215,52900
2020-08-20,30.780001,31.080000,30.780001,31.000000,30.185106,28900
2020-08-21,30.730000,30.730000,30.379999,30.500000,29.698250,54300
2020-08-24,30.850000,30.992001,30.830000,30.900000,30.087734,22800
2020-08-25,30.480000,30.733000,30.450001,30.733000,29.925123,70800
2020-08-26,30.629999,30.850000,30.629999,30.780001,29.970890,120900
2020-08-27,30.920000,30.969999,30.440001,30.629999,29.824831,202200
2020-08-28,30.780001,31.190001,30.780001,31.160000,30.340900,24600
2020-08-31,31.170000,31.170000,30.940001,30.940001,30.126682,56000
2020-09-01,30.820000,30.879999,30.680000,30.879999,30.068260,46000
2020-09-02,30.860001,31.030001,30.610001,31.030001,30.214319,440100
2020-09-03,30.860001,30.905001,30.280001,30.549999,29.746935,66500
2020-09-04,30.570000,30.570000,29.990000,30.420000,29.620354,16500
2020-09-08,29.799999,29.927999,29.270000,29.639999,28.860855,15700
2020-09-09,29.870001,30.610001,29.870001,30.440001,29.639826,17300
2020-09-10,30.184000,30.230000,29.719999,29.778999,28.996201,13800
2020-09-11,29.820000,30.000000,29.690001,29.830000,29.045860,12100
2020-09-14,30.200001,30.235001,30.040001,30.150000,29.357449,9900
2020-09-15,30.500000,30.500000,30.098000,30.120001,29.328239,14800
2020-09-16,30.238001,30.889999,30.238001,30.570000,29.766407,12000
2020-09-17,30.480000,30.573000,30.360001,30.573000,29.769331,35600
2020-09-18,30.700001,30.700001,30.309000,30.309000,29.512270,13400
2020-09-21,29.590000,29.590000,28.975000,29.170000,28.403212,13700
2020-09-22,29.120001,29.260000,28.950001,29.214001,28.446054,10700
2020-09-23,29.010000,29.010000,27.934999,27.934999,27.200674,9800
2020-09-24,27.590000,28.535000,27.590000,28.290001,27.546345,16300
2020-09-25,28.205000,28.459999,28.094999,28.350000,27.604767,15200
2020-09-28,28.895000,28.920000,28.690001,28.690001,27.935829,10800
2020-09-29,28.629999,28.680000,28.250000,28.400000,27.653452,9600
2020-09-30,28.530001,28.629999,28.420000,28.549000,27.798534,19700
2020-10-01,28.215000,28.257999,28.049999,28.120001,27.380812,28400
2020-10-02,27.570000,28.354000,27.570000,28.200001,27.458710,19500
2020-10-05,28.340000,28.879999,28.340000,28.870001,28.111097,16900
2020-10-06,28.820000,29.100000,28.209999,28.253000,27.510317,18600
2020-10-07,28.520000,28.700001,28.450001,28.620001,27.867668,98100
2020-10-08,28.870001,29.379999,28.870001,29.379999,28.607689,13100
2020-10-09,29.500000,29.639999,29.370001,29.580000,28.802433,16800
2020-10-12,29.430000,29.690001,29.389999,29.676001,28.895910,64100
2020-10-13,29.500000,29.500000,29.219999,29.409000,28.635929,21800
2020-10-14,29.379999,29.910000,29.379999,29.521999,28.745958,11600
2020-10-15,29.040001,29.584999,29.040001,29.584999,28.807301,21300
2020-10-16,29.500000,29.549999,29.270000,29.292000,28.522003,26700
2020-10-19,29.240000,29.434999,28.766001,28.766001,28.009832,12100
2020-10-20,28.830000,29.010000,28.750000,28.921000,28.160757,29100
2020-10-21,28.969999,28.969999,28.730000,28.731001,27.975752,29100
2020-10-22,28.629999,29.190001,28.480000,29.152000,28.385685,15500
2020-10-23,29.160000,29.254000,29.020000,29.112000,28.346735,9400
2020-10-26,28.420000,28.420000,28.270000,28.334000,27.589186,12000
2020-10-27,28.320000,28.430000,28.320000,28.350000,27.604767,9400
2020-10-28,27.450001,27.600000,27.139000,27.215000,26.499601,24800
2020-10-29,26.910000,27.834999,26.900000,27.827999,27.096487,376800
2020-10-30,27.660000,27.844000,27.320000,27.844000,27.112068,20500
2020-11-02,28.254999,28.860001,28.254999,28.780001,28.023462,17800
2020-11-03,28.940001,28.940001,28.660000,28.749001,27.993277,19300
2020-11-04,28.620001,28.820000,28.430000,28.517000,27.767376,18000
2020-11-05,28.690001,29.459999,28.690001,29.316999,28.546345,15100
2020-11-06,29.392000,29.392000,28.980000,29.066000,28.301945,22700
2020-11-09,30.969999,30.969999,30.170000,30.540001,29.737200,21300
2020-11-10,30.695000,30.850000,30.605000,30.850000,30.039049,63900
2020-11-11,31.430000,31.430000,30.650000,30.799000,29.989389,20100
2020-11-12,30.559999,30.737000,30.010000,30.129999,29.337975,18200
2020-11-13,30.674999,30.860001,30.638000,30.815001,30.004969,10900
2020-11-16,31.270000,31.877001,31.270000,31.877001,31.039053,21400
2020-11-17,31.530001,32.029999,31.530001,31.982000,31.141291,38900
2020-11-18,32.020000,32.180000,31.417999,31.417999,30.592117,16300
2020-11-19,31.100000,31.495001,31.100000,31.495001,30.667095,22100
2020-11-20,31.549999,31.650000,31.549999,31.576000,30.745964,14200
2020-11-23,31.969999,32.639999,31.969999,32.625000,31.767391,23600
2020-11-24,33.009998,33.759998,33.009998,33.730000,32.843342,19600
2020-11-25,33.299999,33.630001,33.299999,33.439999,32.560963,41000
2020-11-27,33.209999,33.369999,33.209999,33.299999,32.424644,7700
2020-11-30,32.523998,32.680000,32.330002,32.360001,31.509356,14900
2020-12-01,32.950001,32.950001,32.509998,32.580002,31.723576,23600
2020-12-02,32.279999,33.110001,32.279999,33.000000,32.132530,18800
2020-12-03,33.035000,33.490002,33.035000,33.270000,32.395435,108900
2020-12-04,33.650002,34.509998,33.650002,34.509998,33.602837,18200
2020-12-07,34.180000,34.450001,34.110001,34.220001,33.320461,32500
2020-12-08,34.130001,34.590000,34.130001,34.520000,33.612576,18300
2020-12-09,34.799999,34.860001,34.106998,34.400002,33.495731,20800
2020-12-10,34.150002,34.991001,34.150002,34.980000,34.060482,19100
2020-12-11,34.770000,34.770000,34.580002,34.764999,33.851135,14700
2020-12-14,35.110001,35.110001,33.902000,33.928001,33.036140,16300
2020-12-15,34.340000,34.560001,34.060001,34.439999,33.534676,14700
2020-12-16,34.840000,34.840000,34.254002,34.380001,33.476257,20000
2020-12-17,34.830002,34.830002,34.480999,34.549999,33.641785,216200
2020-12-18,34.270000,34.270000,33.498001,33.630001,33.290375,17600
2020-12-21,32.639999,33.340000,32.311001,33.259998,32.924107,14500
2020-12-22,32.915001,32.945000,32.452000,32.460999,32.133179,17300
2020-12-23,32.939999,33.330002,32.939999,33.150002,32.815224,30100
2020-12-24,32.977001,33.113998,32.977001,33.113998,32.779583,5900
2020-12-28,33.270000,33.437000,32.830002,32.840000,32.508350,32100
2020-12-29,32.930000,32.930000,32.689999,32.810001,32.478657,23800
2020-12-30,32.639999,33.480000,32.639999,33.400002,33.062698,12500
2020-12-31,33.202000,33.349998,33.130001,33.130001,32.795422,9800
2021-01-04,33.500000,34.139999,33.500000,33.880001,33.537849,25200
2021-01-05,33.919998,35.320000,33.919998,34.970001,34.616840,25200
2021-01-06,35.259998,35.952999,35.259998,35.945999,35.582981,26500
2021-01-07,36.290001,36.467999,36.200001,36.349998,35.982903,55800
2021-01-08,36.430000,36.430000,35.639999,35.990002,35.626541,36800
2021-01-11,35.270000,35.950001,35.270000,35.799999,35.438457,18800
2021-01-12,36.000000,36.605000,35.970001,36.560001,36.190784,26600
2021-01-13,36.480000,36.480000,36.130001,36.150002,35.784924,71600
2021-01-14,36.200001,37.040001,36.200001,36.799999,36.428360,25600
2021-01-15,36.209999,36.209999,35.490002,35.509998,35.151386,36800
2021-01-19,35.700001,36.049999,35.619999,35.980000,35.616638,63400
2021-01-20,36.009998,36.310001,36.009998,36.269001,35.902721,20800
2021-01-21,36.084999,36.084999,35.317001,35.439999,35.082092,21000
2021-01-22,34.790001,35.209999,34.570000,35.200001,34.844517,31800
2021-01-25,34.849998,34.889999,34.335999,34.889999,34.537647,17400
2021-01-26,34.959999,34.959999,34.139999,34.139999,33.795223,113300
2021-01-27,33.759998,33.860001,33.029999,33.119999,32.785522,13100
2021-01-28,33.389999,33.958000,33.389999,33.880001,33.537849,13500
2021-01-29,33.799999,33.945000,33.110001,33.139999,32.805321,22700
2021-02-01,33.759998,33.884998,33.389999,33.759998,33.419060,30400
2021-02-02,34.160000,34.160000,33.740002,33.740002,33.399265,16200
2021-02-03,34.139999,34.584000,34.139999,34.584000,34.234737,12500
2021-02-04,34.340000,34.689999,34.340000,34.680000,34.329769,9900
2021-02-05,34.840000,35.377998,34.840000,35.377998,35.020718,10600
2021-02-08,35.740002,36.349998,35.740002,36.240002,35.874016,37200
2021-02-09,35.959999,36.180000,35.869999,36.080002,35.715633,41400
2021-02-10,36.049999,36.575001,36.049999,36.237000,35.871044,21500
2021-02-11,36.259998,36.259998,35.669998,35.950001,35.586945,21700
2021-02-12,35.689999,36.285000,35.689999,36.270000,35.903713,25400
2021-02-16,36.430000,37.029999,36.430000,36.849998,36.477852,83100
2021-02-17,36.980000,36.980000,36.430000,36.799999,36.428360,45800
2021-02-18,36.723999,36.723999,36.250000,36.400002,36.032402,17200
2021-02-19,36.669998,37.040001,36.669998,36.950001,36.576843,34600
2021-02-22,36.919998,38.349998,36.919998,38.139000,37.753838,200900
2021-02-23,37.799999,38.349998,37.171001,38.310001,37.923111,77300
2021-02-24,38.119999,39.230000,38.119999,39.080002,38.685337,23900
2021-02-25,39.119999,39.188999,37.990002,38.029999,37.645935,124900
2021-02-26,37.680000,37.680000,36.520000,36.830002,36.458057,26300
2021-03-01,37.619999,37.900002,37.270000,37.478001,37.099514,43800
2021-03-02,37.700001,38.119999,37.700001,37.880001,37.497452,89400
2021-03-03,38.049999,38.470001,37.790001,37.980000,37.596443,32300
2021-03-04,38.080002,38.770000,37.380001,38.029999,37.645935,45300
2021-03-05,38.970001,39.300999,38.151001,39.300999,38.904102,22200
2021-03-08,39.279999,39.560001,39.049999,39.209999,38.814018,112600
2021-03-09,39.250000,39.610001,39.110001,39.160000,38.764526,121800
2021-03-10,39.349998,40.029999,39.349998,39.910000,39.506950,20100
2021-03-11,40.259998,40.639999,40.259998,40.540001,40.130589,28800
2021-03-12,40.520000,40.720001,40.445000,40.720001,40.308773,23900
2021-03-15,40.840000,40.840000,40.290001,40.709999,40.298870,52000
2021-03-16,40.360001,40.360001,39.759998,39.869999,39.467354,35200
2021-03-17,39.520000,40.459999,39.520000,40.369999,39.962303,13900
2021-03-18,40.119999,40.200001,39.090000,39.119999,38.724930,17700
2021-03-19,39.400002,39.400002,38.900002,39.070000,38.675434,9900
2021-03-22,38.939999,38.970001,38.669998,38.669998,38.279472,15400
2021-03-23,38.290001,38.352001,37.780998,37.799999,37.418259,21600
2021-03-24,38.150002,38.740002,38.150002,38.299999,37.913212,22600
2021-03-25,37.709999,38.290001,37.404999,38.278999,37.892422,300400
2021-03-26,38.750000,39.240002,38.701000,39.240002,38.843719,151900
2021-03-29,39.189999,39.189999,38.599998,38.930000,38.536850,24100
2021-03-30,38.590000,38.740002,38.450001,38.509998,38.121090,14900
2021-03-31,38.540001,38.689999,38.490002,38.490002,38.101295,7400
2021-04-01,38.900002,39.424999,38.720001,39.410000,39.012001,36100
2021-04-05,39.410000,39.519001,39.220001,39.258999,38.862526,35700
2021-04-06,39.270000,39.869999,39.270000,39.430000,39.031799,30600
2021-04-07,39.250000,39.340000,39.180000,39.259998,38.863514,12500
2021-04-08,39.090000,39.330002,39.060001,39.292000,38.895191,9600
2021-04-09,39.341999,39.341999,39.099998,39.250000,38.853619,31400
2021-04-12,39.286999,39.286999,38.770000,38.799999,38.408161,14700
2021-04-13,38.919998,39.020000,38.840000,38.880001,38.487354,20300
2021-04-14,38.980000,40.055000,38.980000,39.770000,39.368366,15200
2021-04-15,40.060001,40.340000,40.060001,40.230000,39.823719,46400
2021-04-16,40.299999,40.480000,40.169998,40.169998,39.764324,23300
2021-04-19,40.169998,40.187000,39.840000,39.970001,39.566345,30300
2021-04-20,39.810001,39.810001,39.259998,39.367001,38.969437,12200
2021-04-21,39.130001,40.020000,39.130001,39.980000,39.576244,87000
2021-04-22,39.910000,39.910000,39.270000,39.439999,39.041698,13100
2021-04-23,39.480000,39.860001,39.480000,39.770000,39.368366,11400
2021-04-26,39.840000,40.310001,39.799999,40.169998,39.764324,12200
2021-04-27,40.150002,40.590000,40.150002,40.480000,40.071194,3804100
2021-04-28,40.369999,41.360001,40.369999,41.259998,40.843315,59200
2021-04-29,41.470001,41.509998,40.849998,41.205002,40.788876,28300
2021-04-30,40.575001,40.650002,40.355000,40.372002,39.964287,45000
2021-05-03,41.270000,41.700001,41.220001,41.630001,41.209583,27300
2021-05-04,41.639999,41.700001,41.305000,41.580002,41.160088,24000
2021-05-05,41.919998,42.610001,41.680000,42.584000,42.153946,28900
2021-05-06,42.500000,43.129002,42.310001,43.129002,42.693443,21700
2021-05-07,43.320000,44.139999,43.220001,44.119999,43.674435,42900
2021-05-10,44.830002,45.020000,43.900002,43.900002,43.456657,57200
2021-05-11,42.889999,43.759998,42.889999,43.523998,43.084454,30900
2021-05-12,43.619999,43.860001,42.830002,42.990002,42.555847,25200
2021-05-13,42.790001,43.080002,42.308998,42.673000,42.242050,33000
2021-05-14,42.980000,43.712002,42.980000,43.650002,43.209183,27400
2021-05-17,43.689999,44.849998,43.680000,44.790001,44.337669,35300
2021-05-18,45.029999,45.029999,44.090000,44.250000,43.803123,52200
2021-05-19,43.259998,43.480000,42.540001,42.930000,42.496452,3310100
2021-05-20,43.049999,43.240002,42.790001,43.029999,42.595440,22400
2021-05-21,43.220001,43.490002,43.029999,43.090000,42.654839,73400
2021-05-24,43.139999,43.480000,43.139999,43.430000,42.991405,67400
2021-05-25,43.580002,43.580002,42.803001,42.830002,42.397465,51700
2021-05-26,42.840000,43.259998,42.840000,43.139999,42.704330,14800
2021-05-27,43.369999,43.578999,43.320000,43.369999,42.932007,21400
2021-05-28,43.680000,43.680000,43.340000,43.470001,43.031002,14500