Date,Open,High,Low,Close,Adj Close,Volume
2017-06-30,3.985000,3.990000,3.900000,3.900000,3.900000,800
2017-07-03,3.900000,3.900000,3.900000,3.900000,3.900000,0
2017-07-05,3.600000,3.600000,3.600000,3.600000,3.600000,1900
2017-07-06,3.590000,3.590000,3.590000,3.590000,3.590000,200
2017-07-07,3.590000,3.590000,3.590000,3.590000,3.590000,0
2017-07-10,3.169000,3.400000,3.169000,3.400000,3.400000,6500
2017-07-11,3.600000,4.000000,3.600000,3.710000,3.710000,12300
2017-07-12,3.980000,3.980000,3.800000,3.800000,3.800000,600
2017-07-13,3.800000,3.800000,3.800000,3.800000,3.800000,0
2017-07-14,3.800000,3.800000,3.800000,3.800000,3.800000,0
2017-07-17,3.750000,3.750000,3.655000,3.750000,3.750000,3600
2017-07-18,3.750000,3.750000,3.750000,3.750000,3.750000,0
2017-07-19,3.575000,3.590000,3.400000,3.590000,3.590000,4900
2017-07-20,3.400000,3.400000,3.400000,3.400000,3.400000,4100
2017-07-21,3.110000,3.490000,3.110000,3.490000,3.490000,400
2017-07-24,3.490000,3.490000,3.490000,3.490000,3.490000,0
2017-07-25,3.490000,3.490000,3.490000,3.490000,3.490000,0
2017-07-26,3.490000,3.490000,3.490000,3.490000,3.490000,0
2017-07-27,3.411000,3.411000,3.400000,3.400000,3.400000,200
2017-07-28,3.450000,3.450000,3.030000,3.400000,3.400000,5800
2017-07-31,3.400000,3.400000,3.400000,3.400000,3.400000,1000
2017-08-01,3.200000,3.200000,3.102000,3.102000,3.102000,500
2017-08-02,3.250000,3.300000,3.200000,3.200000,3.200000,4000
2017-08-03,3.247000,3.247000,2.970000,2.970000,2.970000,2100
2017-08-04,3.300000,3.411000,3.300000,3.410000,3.410000,5700
2017-08-07,3.410000,3.410000,3.410000,3.410000,3.410000,0
2017-08-08,3.060000,3.060000,3.030000,3.030000,3.030000,1000
2017-08-09,3.050000,3.085000,3.000000,3.085000,3.085000,3600
2017-08-10,3.000000,3.246000,3.000000,3.050000,3.050000,3300
2017-08-11,3.260000,3.300000,3.260000,3.300000,3.300000,1600
2017-08-14,3.300000,3.300000,3.300000,3.300000,3.300000,0
2017-08-15,3.300000,3.300000,3.300000,3.300000,3.300000,0
2017-08-16,3.201000,3.201000,3.080000,3.080000,3.080000,2200
2017-08-17,3.000000,3.240000,2.800000,3.240000,3.240000,3000
2017-08-18,3.240000,3.240000,3.240000,3.240000,3.240000,0
2017-08-21,3.321000,3.321000,3.250000,3.250000,3.250000,7900
2017-08-22,3.260000,3.260000,3.260000,3.260000,3.260000,200
2017-08-23,3.250000,3.250000,3.250000,3.250000,3.250000,1300
2017-08-24,3.260000,3.260000,3.260000,3.260000,3.260000,1500
2017-08-25,3.260000,3.260000,3.260000,3.260000,3.260000,0
2017-08-28,3.330000,3.330000,3.330000,3.330000,3.330000,100
2017-08-29,3.330000,3.330000,3.330000,3.330000,3.330000,0
2017-08-30,3.330000,3.330000,3.330000,3.330000,3.330000,0
2017-08-31,3.250000,3.250000,3.250000,3.250000,3.250000,3000
2017-09-01,3.260000,3.260000,3.250000,3.250000,3.250000,8100
2017-09-05,3.250000,3.250000,3.250000,3.250000,3.250000,0
2017-09-06,3.250000,3.250000,3.250000,3.250000,3.250000,100
2017-09-07,3.260000,3.375000,3.000000,3.000000,3.000000,14900
2017-09-08,3.020000,3.212000,3.020000,3.212000,3.212000,1000
2017-09-11,3.050000,3.150000,2.773000,2.773000,2.773000,13600
2017-09-12,2.700000,2.770000,2.700000,2.770000,2.770000,1000
2017-09-13,2.590000,2.600000,2.590000,2.600000,2.600000,3800
2017-09-14,2.600000,3.000000,2.600000,3.000000,3.000000,5200
2017-09-15,3.250000,3.450000,3.100000,3.100000,3.100000,20700
2017-09-18,3.010000,3.010000,3.010000,3.010000,3.010000,200
2017-09-19,3.010000,3.010000,3.010000,3.010000,3.010000,0
2017-09-20,3.100000,3.850000,3.100000,3.834000,3.834000,34400
2017-09-21,3.500000,3.500000,3.400000,3.400000,3.400000,13500
2017-09-22,3.400000,3.568000,3.210000,3.237000,3.237000,15300
2017-09-25,3.430000,3.570000,3.230000,3.230000,3.230000,25500
2017-09-26,3.180000,3.590000,3.090000,3.150000,3.150000,17100
2017-09-27,3.230000,3.260000,3.200000,3.200000,3.200000,4500
2017-09-28,3.195000,3.240000,3.150000,3.150000,3.150000,1900
2017-09-29,3.200000,3.231000,3.107000,3.180000,3.180000,9500
2017-10-02,3.050000,3.350000,3.050000,3.100000,3.100000,11400
2017-10-03,3.150000,3.156000,3.150000,3.156000,3.156000,2100
2017-10-04,3.150000,3.150000,3.050000,3.060000,3.060000,900
2017-10-05,3.060000,3.320000,3.060000,3.311000,3.311000,3100
2017-10-06,3.311000,3.311000,3.311000,3.311000,3.311000,0
2017-10-09,3.311000,3.311000,3.311000,3.311000,3.311000,0
2017-10-10,3.170000,3.170000,3.050000,3.050000,3.050000,2100
2017-10-11,3.060000,3.060000,3.050000,3.050000,3.050000,2000
2017-10-12,3.050000,3.050000,3.050000,3.050000,3.050000,0
2017-10-13,3.100000,3.100000,3.100000,3.100000,3.100000,400
2017-10-16,3.340000,3.340000,3.340000,3.340000,3.340000,100
2017-10-17,3.350000,3.350000,2.990000,3.070000,3.070000,4800
2017-10-18,3.280000,3.280000,3.150000,3.150000,3.150000,3400
2017-10-19,3.290000,3.290000,3.290000,3.290000,3.290000,300
2017-10-20,3.110000,3.180000,2.900000,2.900000,2.900000,11700
2017-10-23,3.346000,3.346000,2.850000,2.860000,2.860000,7200
2017-10-24,2.780000,3.010000,2.670000,2.770000,2.770000,12000
2017-10-25,2.760000,2.930000,2.500000,2.550000,2.550000,9000
2017-10-26,2.511000,3.000000,2.250000,2.720000,2.720000,21400
2017-10-27,2.500000,2.835000,2.450000,2.600000,2.600000,11000
2017-10-30,2.600000,2.650000,2.260000,2.500000,2.500000,8100
2017-10-31,2.510000,2.510000,2.250000,2.300000,2.300000,8500
2017-11-01,2.440000,2.440000,2.400000,2.410000,2.410000,4500
2017-11-02,2.410000,2.610000,2.410000,2.500000,2.500000,5300
2017-11-03,2.350000,2.350000,2.200000,2.200000,2.200000,2400
2017-11-06,2.200000,2.200000,2.200000,2.200000,2.200000,100
2017-11-07,2.200000,2.220000,2.200000,2.220000,2.220000,3600
2017-11-08,2.220000,2.300000,2.210000,2.230000,2.230000,1800
2017-11-09,2.320000,2.332000,2.300000,2.312000,2.312000,3000
2017-11-10,2.300000,2.300000,2.300000,2.300000,2.300000,100
2017-11-13,2.310000,2.350000,2.310000,2.350000,2.350000,900
2017-11-14,2.340000,2.500000,2.335000,2.500000,2.500000,5600
2017-11-15,2.700000,2.730000,2.390000,2.430000,2.430000,9600
2017-11-16,2.300000,2.432000,2.300000,2.300000,2.300000,4900
2017-11-17,2.310000,2.440000,2.200000,2.360000,2.360000,27700
2017-11-20,2.400000,2.400000,2.150000,2.330000,2.330000,10200
2017-11-21,2.350000,2.940000,2.310000,2.900000,2.900000,29100
2017-11-22,3.000000,3.400000,3.000000,3.240000,3.240000,12800
2017-11-24,3.250000,3.750000,3.200000,3.750000,3.750000,5200
2017-11-27,3.660000,3.750000,3.020000,3.260000,3.260000,20200
2017-11-28,3.260000,3.610000,3.210000,3.590000,3.590000,5800
2017-11-29,3.760000,4.160000,3.250000,3.450000,3.450000,61400
2017-11-30,3.450000,3.873000,3.450000,3.600000,3.600000,21400
2017-12-01,3.600000,3.890000,3.590000,3.590000,3.590000,33900
2017-12-04,3.590000,4.051000,3.590000,3.630000,3.630000,25700
2017-12-05,3.760000,4.000000,3.760000,3.972000,3.972000,11100
2017-12-06,3.912000,3.990000,3.840000,3.844000,3.844000,12300
2017-12-07,3.990000,4.740000,3.880000,4.030000,4.030000,63700
2017-12-08,4.100000,4.442000,3.630000,3.710000,3.710000,48800
2017-12-11,3.940000,4.000000,3.550000,3.590000,3.590000,31100
2017-12-12,3.710000,4.109000,3.691000,4.060000,4.060000,23500
2017-12-13,4.000000,4.250000,3.970000,4.250000,4.250000,12800
2017-12-14,4.250000,4.890000,4.020000,4.400000,4.400000,40900
2017-12-15,4.570000,4.570000,4.060000,4.110000,4.110000,21000
2017-12-18,4.250000,4.313000,4.050000,4.050000,4.050000,21300
2017-12-19,4.050000,4.050000,3.590000,3.660000,3.660000,16100
2017-12-20,3.660000,3.660000,3.660000,3.660000,3.660000,0
2017-12-21,3.690000,3.820000,3.630000,3.735000,3.735000,1200
2017-12-22,3.810000,3.830000,3.792000,3.800000,3.800000,2300
2017-12-26,3.850000,5.880000,3.839000,4.830000,4.830000,416200
2017-12-27,5.500000,5.500000,4.950000,4.999000,4.999000,293800
2017-12-28,5.100000,5.100000,4.630000,4.860000,4.860000,146600
2017-12-29,5.070000,5.280000,4.556000,4.860000,4.860000,81700
2018-01-02,5.000000,5.300000,4.770000,4.950000,4.950000,108000
2018-01-03,5.160000,5.200000,4.620000,4.670000,4.670000,40400
2018-01-04,4.620000,4.869000,4.300000,4.410000,4.410000,55200
2018-01-05,4.370000,4.405000,4.020000,4.050000,4.050000,51400
2018-01-08,4.050000,4.060000,3.670000,3.920000,3.920000,66100
2018-01-09,3.980000,4.040000,3.800000,3.950000,3.950000,31600
2018-01-10,3.880000,3.990000,3.800000,3.910000,3.910000,9700
2018-01-11,3.980000,4.030000,3.800000,3.900000,3.900000,17400
2018-01-12,3.900000,4.011000,3.630000,3.630000,3.630000,19400
2018-01-16,3.630000,3.850000,3.100000,3.100000,3.100000,48600
2018-01-17,3.090000,3.270000,2.900000,3.090000,3.090000,25900
2018-01-18,3.030000,3.070000,2.550000,2.820000,2.820000,55300
2018-01-19,2.820000,2.820000,2.680000,2.710000,2.710000,32400
2018-01-22,2.750000,3.010000,2.750000,2.850000,2.850000,25500
2018-01-23,2.950000,2.950000,2.550000,2.720000,2.720000,37900
2018-01-24,2.750000,2.835000,2.651000,2.711000,2.711000,36000
2018-01-25,2.724000,2.890000,2.610000,2.720000,2.720000,17400
2018-01-26,2.740000,2.940000,2.740000,2.940000,2.940000,7800
2018-01-29,2.990000,3.340000,2.990000,3.200000,3.200000,25300
2018-01-30,3.190000,3.400000,3.159000,3.400000,3.400000,18900
2018-01-31,3.450000,3.578000,3.433000,3.510000,3.510000,13000
2018-02-01,3.530000,3.540000,3.400000,3.480000,3.480000,17500
2018-02-02,3.310000,3.753000,3.310000,3.590000,3.590000,19800
2018-02-05,3.590000,3.620000,3.217000,3.500000,3.500000,26300
2018-02-06,3.409000,3.580000,3.320000,3.510000,3.510000,18100
2018-02-07,3.410000,3.443000,3.400000,3.430000,3.430000,23200
2018-02-08,3.383000,3.500000,3.230000,3.500000,3.500000,16300
2018-02-09,3.370000,3.490000,3.300000,3.390000,3.390000,11900
2018-02-12,3.420000,3.447000,3.360000,3.370000,3.370000,12700
2018-02-13,3.400000,3.400000,3.300000,3.307000,3.307000,1200
2018-02-14,3.260000,3.321000,3.200000,3.270000,3.270000,7500
2018-02-15,3.430000,3.500000,3.300000,3.471000,3.471000,16200
2018-02-16,3.490000,3.603000,3.230000,3.389000,3.389000,17500
2018-02-20,3.380000,3.380000,3.310000,3.310000,3.310000,3500
2018-02-21,3.201000,3.310000,3.201000,3.210000,3.210000,1000
2018-02-22,3.210000,3.280000,3.200000,3.270000,3.270000,2100
2018-02-23,3.200000,3.235000,3.200000,3.200000,3.200000,600
2018-02-26,3.100000,3.100000,3.002000,3.091000,3.091000,6500
2018-02-27,3.020000,3.080000,2.950000,2.980000,2.980000,8100
2018-02-28,3.000000,3.200000,3.000000,3.040000,3.040000,45900
2018-03-01,3.020000,3.122000,2.750000,2.910000,2.910000,38500
2018-03-02,2.875000,2.965000,2.780000,2.965000,2.965000,5400
2018-03-05,3.045000,3.190000,3.000000,3.000000,3.000000,5100
2018-03-06,3.290000,3.290000,3.010000,3.040000,3.040000,12400
2018-03-07,3.040000,3.160000,3.040000,3.050000,3.050000,1500
2018-03-08,3.120000,3.120000,3.000000,3.000000,3.000000,3400
2018-03-09,3.010000,3.060000,2.980000,3.060000,3.060000,4200
2018-03-12,3.010000,3.273000,3.010000,3.100000,3.100000,6800
2018-03-13,3.140000,3.140000,2.840000,2.980000,2.980000,6300
2018-03-14,2.968000,3.055000,2.968000,3.040000,3.040000,4700
2018-03-15,3.000000,3.014000,3.000000,3.000000,3.000000,2100
2018-03-16,2.859000,2.950000,2.850000,2.880000,2.880000,9400
2018-03-19,3.030000,3.030000,2.874000,2.890000,2.890000,5700
2018-03-20,2.850000,2.873000,2.830000,2.870000,2.870000,8000
2018-03-21,2.910000,3.044000,2.820000,2.980000,2.980000,6500
2018-03-22,2.950000,2.950000,2.910000,2.930000,2.930000,1400
2018-03-23,2.910000,2.910000,2.790000,2.880000,2.880000,4700
2018-03-26,2.880000,2.880000,2.790000,2.820000,2.820000,2600
2018-03-27,2.770000,2.800000,2.770000,2.790000,2.790000,800
2018-03-28,2.786000,2.786000,2.630000,2.650000,2.650000,15100
2018-03-29,2.600000,2.600000,2.550000,2.600000,2.600000,1200
2018-04-02,2.550000,2.640000,2.550000,2.640000,2.640000,1300
2018-04-03,2.610000,2.630000,2.510000,2.630000,2.630000,1800
2018-04-04,2.620000,2.630000,2.566000,2.566000,2.566000,4500
2018-04-05,2.619000,2.620000,2.587000,2.619000,2.619000,5500
2018-04-06,2.550000,2.550000,2.325000,2.347000,2.347000,8200
2018-04-09,2.410000,2.619000,2.410000,2.590000,2.590000,4800
2018-04-10,2.590000,2.590000,2.590000,2.590000,2.590000,300
2018-04-11,2.446000,2.450000,2.410000,2.444000,2.444000,10700
2018-04-12,2.490000,2.535000,2.490000,2.535000,2.535000,1800
2018-04-13,2.420000,2.570000,2.420000,2.570000,2.570000,500
2018-04-16,2.278000,2.470000,2.278000,2.470000,2.470000,1200
2018-04-17,2.316000,2.501000,2.316000,2.370000,2.370000,6300
2018-04-18,2.360000,2.444000,2.360000,2.420000,2.420000,4700
2018-04-19,2.420000,2.420000,2.420000,2.420000,2.420000,0
2018-04-20,2.412000,2.505000,2.412000,2.505000,2.505000,5300
2018-04-23,2.450000,2.450000,2.450000,2.450000,2.450000,700
2018-04-24,2.352000,2.460000,2.352000,2.460000,2.460000,1100
2018-04-25,2.460000,2.460000,2.460000,2.460000,2.460000,200
2018-04-26,2.482000,2.482000,2.482000,2.482000,2.482000,200
2018-04-27,2.500000,2.600000,2.480000,2.480000,2.480000,9400
2018-04-30,2.500000,2.500000,2.490000,2.490000,2.490000,600
2018-05-01,2.590000,2.600000,2.535000,2.535000,2.535000,5100
2018-05-02,2.514000,2.550000,2.505000,2.550000,2.550000,700
2018-05-03,2.600000,5.020000,2.600000,2.900000,2.900000,607600
2018-05-04,2.920000,3.000000,2.610000,2.740000,2.740000,32900
2018-05-07,2.480000,2.600000,2.480000,2.550000,2.550000,34300
2018-05-08,2.474000,2.550000,2.290000,2.301000,2.301000,42900
2018-05-09,2.460000,2.460000,2.358000,2.453000,2.453000,2100
2018-05-10,2.400000,2.858000,2.400000,2.600000,2.600000,56200
2018-05-11,2.460000,2.498000,2.400000,2.450000,2.450000,6200
2018-05-14,2.880000,2.969000,2.448000,2.900000,2.900000,155300
2018-05-15,2.950000,3.050000,2.400000,2.450000,2.450000,110700
2018-05-16,2.300000,2.300000,2.050000,2.145000,2.145000,38700
2018-05-17,2.300000,2.300000,2.050000,2.210000,2.210000,12700
2018-05-18,2.120000,2.191000,1.720000,1.994000,1.994000,48500
2018-05-21,2.190000,2.190000,1.730000,2.003000,2.003000,18000
2018-05-22,1.830000,2.127000,1.830000,1.880000,1.880000,32600
2018-05-23,1.930000,1.930000,1.878000,1.880000,1.880000,4500
2018-05-24,1.870000,1.870000,1.825000,1.850000,1.850000,18000
2018-05-25,1.810000,1.900000,1.810000,1.885000,1.885000,4100
2018-05-29,1.950000,2.350000,1.839000,2.190000,2.190000,162700
2018-05-30,2.200000,2.200000,2.000000,2.020000,2.020000,10400
2018-05-31,1.990000,2.841000,1.800000,1.890000,1.890000,266900
2018-06-01,2.010000,2.060000,1.900000,1.917000,1.917000,20000
2018-06-04,1.920000,2.000000,1.700000,1.800000,1.800000,14900
2018-06-05,1.920000,3.500000,1.920000,2.010000,2.010000,1967200
2018-06-06,1.930000,2.010000,1.571000,1.710000,1.710000,289000
2018-06-07,1.820000,1.820000,1.650000,1.790000,1.790000,51000
2018-06-08,1.704000,1.770000,1.660000,1.740000,1.740000,19300
2018-06-11,1.750000,1.794000,1.660000,1.700000,1.700000,22800
2018-06-12,1.690000,1.690000,1.550000,1.610000,1.610000,48500
2018-06-13,1.610000,1.837000,1.610000,1.710000,1.710000,44300
2018-06-14,1.790000,1.850000,1.639000,1.830000,1.830000,23300
2018-06-15,1.850000,2.350000,1.665000,2.200000,2.200000,468800
2018-06-18,2.270000,2.500000,2.100000,2.440000,2.440000,167300
2018-06-19,2.600000,2.989000,2.230000,2.425000,2.425000,296000
2018-06-20,2.500000,2.600000,2.300000,2.470000,2.470000,76700
2018-06-21,2.500000,2.603000,2.355000,2.510000,2.510000,52400
2018-06-22,2.490000,2.890000,2.100000,2.650000,2.650000,80000
2018-06-25,2.650000,2.690000,2.487000,2.570000,2.570000,20300
2018-06-26,2.561000,2.580000,2.360000,2.450000,2.450000,20700
2018-06-27,2.520000,2.680000,2.320000,2.520000,2.520000,55100
2018-06-28,2.675000,2.990000,2.484000,2.830000,2.830000,243100
2018-06-29,2.820000,2.986000,2.400000,2.550000,2.550000,71400
2018-07-02,2.670000,2.750000,2.430000,2.464000,2.464000,44100
2018-07-03,2.580000,2.689000,2.456000,2.630000,2.630000,32500
2018-07-05,2.720000,2.720000,2.560000,2.690000,2.690000,17600
2018-07-06,2.700000,2.790000,2.510000,2.610000,2.610000,35600
2018-07-09,2.240000,2.508000,2.220000,2.376000,2.376000,47400
2018-07-10,2.460000,2.460000,2.261000,2.340000,2.340000,20100
2018-07-11,2.450000,2.540000,2.300000,2.450000,2.450000,59300
2018-07-12,3.090000,3.110000,1.950000,2.330000,2.330000,546300
2018-07-13,2.300000,2.340000,2.100000,2.215000,2.215000,34600
2018-07-16,2.200000,2.208000,2.030000,2.060000,2.060000,27800
2018-07-17,2.060000,2.880000,1.920000,1.940000,1.940000,459900
2018-07-18,1.940000,2.180000,1.930000,2.090000,2.090000,111800
2018-07-19,2.150000,2.150000,1.950000,2.140000,2.140000,27100
2018-07-20,2.190000,2.190000,2.050000,2.088000,2.088000,22100
2018-07-23,2.045000,2.075000,2.030000,2.050000,2.050000,3300
2018-07-24,2.070000,2.348000,2.000000,2.150000,2.150000,108000
2018-07-25,2.050000,2.145000,2.000000,2.010000,2.010000,21900
2018-07-26,2.030000,2.240000,2.030000,2.230000,2.230000,30200
2018-07-27,2.250000,2.370000,2.050000,2.300000,2.300000,77500
2018-07-30,2.400000,2.470000,2.213000,2.390000,2.390000,58500
2018-07-31,2.440000,2.490000,2.227000,2.490000,2.490000,34500
2018-08-01,2.376000,2.652000,2.350000,2.370000,2.370000,74200
2018-08-02,2.400000,2.580000,2.360000,2.449000,2.449000,39800
2018-08-03,2.400000,2.500000,2.250000,2.430000,2.430000,35800
2018-08-06,2.400000,2.470000,2.250000,2.300000,2.300000,10800
2018-08-07,2.281000,2.375000,2.150000,2.330000,2.330000,19700
2018-08-08,2.380000,2.380000,2.218000,2.330000,2.330000,22200
2018-08-09,2.260000,2.450000,2.210000,2.330000,2.330000,8300
2018-08-10,1.990000,2.330000,1.990000,2.320000,2.320000,6000
2018-08-13,2.051000,2.275000,2.051000,2.269000,2.269000,11900
2018-08-14,2.160000,2.580000,2.010000,2.570000,2.570000,125100
2018-08-15,2.560000,2.560000,2.300000,2.310000,2.310000,41300
2018-08-16,2.370000,2.579000,2.306000,2.500000,2.500000,68500
2018-08-17,2.500000,2.940000,2.443000,2.695000,2.695000,302000
2018-08-20,2.560000,2.670000,2.410000,2.600000,2.600000,73800
2018-08-21,2.720000,2.730000,2.449000,2.590000,2.590000,22200
2018-08-22,2.600000,2.721000,2.490000,2.620000,2.620000,41800
2018-08-23,2.640000,2.700000,2.490000,2.690000,2.690000,32400
2018-08-24,2.642000,2.694000,2.560000,2.580000,2.580000,11000
2018-08-27,2.640000,2.650000,2.550000,2.620000,2.620000,26500
2018-08-28,2.630000,2.630000,2.468000,2.516000,2.516000,18900
2018-08-29,2.560000,2.598000,2.335000,2.537000,2.537000,34200
2018-08-30,2.510000,2.580000,2.412000,2.430000,2.430000,24500
2018-08-31,2.430000,2.610000,2.424000,2.610000,2.610000,9900
2018-09-04,2.640000,2.640000,2.420000,2.580000,2.580000,27900
2018-09-05,2.590000,2.590000,2.316000,2.381000,2.381000,54000
2018-09-06,2.330000,2.520000,2.330000,2.370000,2.370000,12900
2018-09-07,2.350000,2.650000,2.350000,2.580000,2.580000,65100
2018-09-10,2.580000,2.725000,2.480000,2.700000,2.700000,47500
2018-09-11,2.680000,2.990000,2.584000,2.985000,2.985000,135600
2018-09-12,2.960000,3.280000,2.910000,3.100000,3.100000,229500
2018-09-13,3.280000,3.280000,2.870000,3.200000,3.200000,116600
2018-09-14,3.200000,3.200000,2.934000,3.120000,3.120000,20800
2018-09-17,3.060000,3.280000,3.000000,3.100000,3.100000,151900
2018-09-18,3.080000,3.280000,2.950000,3.000000,3.000000,158600
2018-09-19,3.020000,3.074000,2.910000,2.920000,2.920000,40700
2018-09-20,2.920000,3.280000,2.920000,3.250000,3.250000,137800
2018-09-21,3.300000,3.690000,3.210000,3.310000,3.310000,420000
2018-09-24,3.350000,3.690000,3.278000,3.570000,3.570000,232300
2018-09-25,3.540000,3.560000,3.310000,3.410000,3.410000,83900
2018-09-26,3.400000,3.690000,3.310000,3.400000,3.400000,164600
2018-09-27,3.330000,3.490000,3.010000,3.110000,3.110000,162900
2018-09-28,3.110000,3.195000,3.050000,3.060000,3.060000,43200
2018-10-01,3.030000,3.490000,2.850000,2.980000,2.980000,190500
2018-10-02,2.960000,3.100000,2.860000,3.090000,3.090000,56600
2018-10-03,3.030000,3.230000,2.940000,3.100000,3.100000,34500
2018-10-04,3.120000,3.140000,2.850000,2.860000,2.860000,71500
2018-10-05,2.840000,2.990000,2.778000,2.860000,2.860000,85700
2018-10-08,2.840000,2.940000,2.731000,2.860000,2.860000,24400
2018-10-09,2.830000,2.940000,2.764000,2.820000,2.820000,25700
2018-10-10,2.900000,2.900000,2.510000,2.550000,2.550000,115900
2018-10-11,2.210000,2.435000,2.110000,2.250000,2.250000,273300
2018-10-12,2.420000,2.440000,2.200000,2.440000,2.440000,58400
2018-10-15,2.410000,2.840000,2.211000,2.510000,2.510000,142300
2018-10-16,2.830000,2.890000,2.580000,2.820000,2.820000,462400
2018-10-17,2.990000,3.490000,2.800000,3.180000,3.180000,1238500
2018-10-18,3.100000,3.310000,3.100000,3.200000,3.200000,355700
2018-10-19,3.180000,4.300000,3.172000,4.140000,4.140000,2216000
2018-10-22,4.630000,5.620000,3.880000,4.510000,4.510000,3178800
2018-10-23,4.020000,4.889000,4.010000,4.470000,4.470000,772600
2018-10-24,4.330000,4.690000,3.810000,3.880000,3.880000,623900
2018-10-25,4.010000,4.520000,3.900000,4.360000,4.360000,955000
2018-10-26,4.200000,5.130000,4.060000,5.100000,5.100000,1564700
2018-10-29,5.150000,5.750000,4.540000,5.000000,5.000000,1529900
2018-10-30,4.780000,5.550000,4.720000,5.400000,5.400000,712800
2018-10-31,5.590000,5.730000,5.050000,5.400000,5.400000,580800
2018-11-01,5.400000,5.500000,4.300000,4.980000,4.980000,1074900
2018-11-02,5.000000,5.200000,4.650000,4.830000,4.830000,370200
2018-11-05,4.850000,5.190000,4.630000,5.000000,5.000000,339900
2018-11-06,5.020000,5.020000,4.220000,4.500000,4.500000,697500
2018-11-07,4.660000,4.677000,4.150000,4.450000,4.450000,665200
2018-11-08,4.050000,4.650000,4.050000,4.520000,4.520000,1229800
2018-11-09,4.360000,4.530000,4.220000,4.470000,4.470000,304400
2018-11-12,4.430000,4.450000,4.050000,4.120000,4.120000,389800
2018-11-13,4.120000,4.280000,3.764000,3.970000,3.970000,306900
2018-11-14,4.010000,4.280000,3.790000,3.980000,3.980000,274900
2018-11-15,3.900000,4.250000,3.610000,4.210000,4.210000,351000
2018-11-16,4.130000,4.249000,4.020000,4.180000,4.180000,121600
2018-11-19,4.150000,4.190000,3.950000,4.030000,4.030000,132000
2018-11-20,3.880000,4.140000,3.850000,3.950000,3.950000,149400
2018-11-21,3.950000,4.500000,3.950000,4.110000,4.110000,334700
2018-11-23,4.030000,4.210000,3.970000,3.970000,3.970000,118300
2018-11-26,4.000000,4.133000,3.860000,3.920000,3.920000,123600
2018-11-27,3.850000,4.170000,3.850000,3.920000,3.920000,163000
2018-11-28,4.050000,4.050000,3.010000,3.380000,3.380000,1385400
2018-11-29,3.390000,3.440000,3.060000,3.160000,3.160000,364300
2018-11-30,3.120000,3.360000,2.900000,3.310000,3.310000,453500
2018-12-03,3.220000,3.280000,2.900000,3.090000,3.090000,379200
2018-12-04,3.030000,3.280000,2.860000,2.930000,2.930000,215800
2018-12-06,2.700000,2.832000,2.270000,2.320000,2.320000,962900
2018-12-07,2.320000,2.400000,1.890000,2.210000,2.210000,616600
2018-12-10,2.220000,2.220000,2.060000,2.150000,2.150000,132700
2018-12-11,2.180000,2.440000,2.100000,2.230000,2.230000,340900
2018-12-12,2.170000,2.550000,2.130000,2.390000,2.390000,406400
2018-12-13,2.350000,2.509000,2.212000,2.250000,2.250000,233300
2018-12-14,2.240000,2.338000,2.100000,2.140000,2.140000,168400
2018-12-17,2.110000,2.310000,1.940000,2.020000,2.020000,477200
2018-12-18,2.050000,2.050000,1.870000,1.950000,1.950000,193200
2018-12-19,1.930000,2.040000,1.860000,1.920000,1.920000,257200
2018-12-20,1.940000,1.940000,1.640000,1.750000,1.750000,271400
2018-12-21,1.750000,1.750000,1.560000,1.670000,1.670000,216600
2018-12-24,1.640000,1.680000,1.555000,1.585000,1.585000,141600
2018-12-26,1.600000,1.920000,1.540000,1.880000,1.880000,253400
2018-12-27,1.830000,1.861000,1.613000,1.780000,1.780000,265600
2018-12-28,1.810000,1.850000,1.740000,1.780000,1.780000,238400
2018-12-31,1.550000,1.710000,1.440000,1.500000,1.500000,427100
2019-01-02,1.590000,1.790000,1.550000,1.750000,1.750000,212300
2019-01-03,1.750000,1.750000,1.640000,1.670000,1.670000,86000
2019-01-04,1.710000,1.880000,1.670000,1.830000,1.830000,148800
2019-01-07,1.870000,2.300000,1.770000,2.160000,2.160000,382300
2019-01-08,2.230000,2.270000,1.980000,2.060000,2.060000,139200
2019-01-09,2.090000,2.200000,2.010000,2.160000,2.160000,80700
2019-01-10,2.150000,2.340000,2.080000,2.170000,2.170000,107200
2019-01-11,2.170000,2.350000,2.110000,2.150000,2.150000,63400
2019-01-14,2.090000,2.090000,1.830000,1.960000,1.960000,211000
2019-01-15,1.980000,2.100000,1.850000,1.890000,1.890000,109900
2019-01-16,1.950000,1.991000,1.780000,1.830000,1.830000,121800
2019-01-17,1.810000,2.050000,1.809000,1.860000,1.860000,110400
2019-01-18,1.900000,1.920000,1.850000,1.860000,1.860000,43100
2019-01-22,1.820000,1.880000,1.720000,1.720000,1.720000,108200
2019-01-23,1.740000,1.950000,1.732000,1.790000,1.790000,100900
2019-01-24,1.770000,1.850000,1.740000,1.760000,1.760000,28200
2019-01-25,1.780000,1.866000,1.720000,1.850000,1.850000,52400
2019-01-28,1.800000,2.050000,1.770000,1.950000,1.950000,149400
2019-01-29,1.990000,2.240000,1.886000,2.190000,2.190000,207100
2019-01-30,2.200000,2.260000,2.015000,2.180000,2.180000,113900
2019-01-31,2.200000,2.250000,2.040000,2.100000,2.100000,168000
2019-02-01,2.120000,2.140000,2.000000,2.040000,2.040000,75900
2019-02-04,2.050000,2.076000,1.991000,2.020000,2.020000,77200
2019-02-05,2.060000,2.150000,1.990000,2.030000,2.030000,68800
2019-02-06,2.010000,2.079000,1.920000,1.950000,1.950000,39600
2019-02-07,1.910000,1.975000,1.850000,1.910000,1.910000,87300
2019-02-08,1.880000,2.000000,1.860000,1.870000,1.870000,60300
2019-02-11,1.910000,2.020000,1.890000,2.020000,2.020000,59700
2019-02-12,2.050000,2.200000,1.980000,1.980000,1.980000,82800
2019-02-13,2.030000,2.040000,1.980000,2.020000,2.020000,29000
2019-02-14,1.940000,2.034000,1.934000,1.960000,1.960000,49200
2019-02-15,2.040000,2.040000,1.860000,1.900000,1.900000,81800
2019-02-19,1.950000,1.970000,1.750000,1.800000,1.800000,188400
2019-02-20,1.810000,1.850000,1.740000,1.750000,1.750000,49400
2019-02-21,1.760000,1.840000,1.740000,1.820000,1.820000,118000
2019-02-22,1.830000,1.840000,1.620000,1.790000,1.790000,256500
2019-02-25,1.750000,1.840000,1.701000,1.770000,1.770000,75100
2019-02-26,1.640000,1.755000,1.600000,1.670000,1.670000,166500
2019-02-27,1.670000,1.738000,1.600000,1.670000,1.670000,72200
2019-02-28,1.650000,1.709000,1.560000,1.650000,1.650000,72600
2019-03-01,1.620000,1.770000,1.620000,1.700000,1.700000,143600
2019-03-04,1.730000,1.815000,1.660000,1.750000,1.750000,97700
2019-03-05,1.770000,1.850000,1.700000,1.760000,1.760000,114700
2019-03-06,1.800000,1.850000,1.730000,1.750000,1.750000,67200
2019-03-07,1.770000,1.829000,1.710000,1.740000,1.740000,79800
2019-03-08,1.770000,2.080000,1.730000,1.930000,1.930000,525100
2019-03-11,2.060000,2.120000,1.800000,1.900000,1.900000,472400
2019-03-12,2.100000,2.950000,2.080000,2.640000,2.640000,6379600
2019-03-13,2.500000,2.650000,2.320000,2.520000,2.520000,1661200
2019-03-14,2.320000,2.531000,2.320000,2.380000,2.380000,376700
2019-03-15,2.390000,2.440000,2.250000,2.340000,2.340000,250300
2019-03-18,2.320000,2.470000,2.320000,2.410000,2.410000,184500
2019-03-19,2.450000,2.940000,2.447000,2.800000,2.800000,959400
2019-03-20,2.790000,2.930000,2.670000,2.900000,2.900000,303500
2019-03-21,2.910000,3.486000,2.910000,3.290000,3.290000,1197100
2019-03-22,3.280000,3.390000,2.960000,3.210000,3.210000,346100
2019-03-25,3.270000,3.310000,3.050000,3.090000,3.090000,175800
2019-03-26,3.170000,3.200000,2.760000,3.080000,3.080000,237500
2019-03-27,3.090000,3.106000,2.850000,2.980000,2.980000,108500
2019-03-28,2.920000,2.920000,2.690000,2.840000,2.840000,227400
2019-03-29,2.140000,2.240000,1.500000,1.660000,1.660000,2322100
2019-04-01,1.580000,1.717000,1.580000,1.590000,1.590000,502900
2019-04-02,1.610000,1.740000,1.360000,1.740000,1.740000,417000
2019-04-03,1.690000,1.850000,1.600000,1.680000,1.680000,378500
2019-04-04,1.680000,1.685000,1.580000,1.600000,1.600000,177500
2019-04-05,1.610000,1.630000,1.550000,1.570000,1.570000,106300
2019-04-08,1.570000,1.642000,1.530000,1.580000,1.580000,139100
2019-04-09,1.560000,1.600000,1.489000,1.550000,1.550000,178300
2019-04-10,1.550000,1.580000,1.500000,1.520000,1.520000,109800
2019-04-11,1.530000,1.610000,1.510000,1.520000,1.520000,47200
2019-04-12,1.540000,1.548000,1.500000,1.520000,1.520000,55700
2019-04-15,1.510000,1.550000,1.460000,1.510000,1.510000,169900
2019-04-16,1.510000,1.690000,1.510000,1.577000,1.577000,359000
2019-04-17,1.590000,1.660000,1.580000,1.600000,1.600000,122400
2019-04-18,1.600000,1.600000,1.490000,1.530000,1.530000,87200
2019-04-22,1.540000,1.540000,1.490000,1.540000,1.540000,44300
2019-04-23,1.530000,1.610000,1.510000,1.530000,1.530000,61600
2019-04-24,1.600000,1.600000,1.490000,1.550000,1.550000,88100
2019-04-25,1.540000,1.580000,1.480000,1.530000,1.530000,129000
2019-04-26,1.520000,1.550000,1.500000,1.530000,1.530000,45200
2019-04-29,1.500000,1.600000,1.481000,1.560000,1.560000,48400
2019-04-30,1.560000,1.619000,1.520000,1.530000,1.530000,76100
2019-05-01,1.538000,1.600000,1.460000,1.500000,1.500000,100200
2019-05-02,1.500000,1.540000,1.450000,1.450000,1.450000,55900
2019-05-03,1.480000,1.540000,1.430000,1.540000,1.540000,42400
2019-05-06,1.480000,1.540000,1.480000,1.510000,1.510000,21300
2019-05-07,1.500000,1.545000,1.460000,1.520000,1.520000,38400
2019-05-08,1.490000,1.510000,1.410000,1.430000,1.430000,61700
2019-05-09,1.440000,1.469000,1.400000,1.460000,1.460000,86000
2019-05-10,1.430000,1.447000,1.340000,1.420000,1.420000,77700
2019-05-13,1.380000,1.449000,1.330000,1.380000,1.380000,58700
2019-05-14,1.400000,1.410000,1.360000,1.370000,1.370000,72800
2019-05-15,1.320000,1.320000,1.020000,1.076000,1.076000,229800
2019-05-16,1.070000,1.210000,1.000000,1.120000,1.120000,291100
2019-05-17,1.130000,1.240000,1.100000,1.140000,1.140000,106000
2019-05-20,1.240000,1.410000,1.205000,1.230000,1.230000,517300
2019-05-21,1.260000,1.310000,1.110000,1.200000,1.200000,126400
2019-05-22,1.200000,1.200000,1.120000,1.160000,1.160000,42000
2019-05-23,1.115000,1.150000,1.021000,1.070000,1.070000,81800
2019-05-24,1.070000,1.150000,1.070000,1.130000,1.130000,19800
2019-05-28,1.120000,1.120000,1.020000,1.040000,1.040000,71900
2019-05-29,1.040000,1.110000,0.900000,1.020000,1.020000,136400
2019-05-30,1.030000,1.190000,1.030000,1.120000,1.120000,141200
2019-05-31,1.120000,1.170000,1.100000,1.170000,1.170000,69200
2019-06-03,1.180000,1.180000,1.060000,1.130000,1.130000,152900
2019-06-04,1.150000,1.350000,1.100000,1.190000,1.190000,103000
2019-06-05,1.200000,1.320000,1.120000,1.220000,1.220000,81200
2019-06-06,1.170000,1.300000,1.060000,1.080000,1.080000,112800
2019-06-07,1.100000,1.150000,1.090000,1.150000,1.150000,57700
2019-06-10,1.199000,1.199000,1.100000,1.160000,1.160000,32100
2019-06-11,1.170000,1.203000,1.160000,1.170000,1.170000,37600
2019-06-12,1.180000,1.234000,1.180000,1.230000,1.230000,33800
2019-06-13,1.250000,1.828000,1.201000,1.681000,1.681000,991800
2019-06-14,1.610000,1.672000,1.417000,1.650000,1.650000,428200
2019-06-17,1.620000,1.640000,1.490000,1.540000,1.540000,152600
2019-06-18,1.550000,1.640000,1.520000,1.580000,1.580000,90600
2019-06-19,1.600000,1.650000,1.520000,1.620000,1.620000,77200
2019-06-20,1.620000,1.820000,1.580000,1.720000,1.720000,105300
2019-06-21,1.700000,1.701000,1.590000,1.650000,1.650000,52500
2019-06-24,1.640000,1.670000,1.595000,1.660000,1.660000,104400
2019-06-25,1.830000,2.110000,1.748000,2.040000,2.040000,1002500
2019-06-26,2.000000,2.060000,1.800000,1.920000,1.920000,333000
2019-06-27,1.980000,1.980000,1.870000,1.940000,1.940000,149200
2019-06-28,1.970000,2.050000,1.500000,1.710000,1.710000,303600
2019-07-01,1.730000,1.839000,1.577000,1.660000,1.660000,138600
2019-07-02,1.660000,1.700000,1.520000,1.560000,1.560000,146100
2019-07-03,1.550000,1.602000,1.530000,1.550000,1.550000,33800
2019-07-05,1.550000,1.640000,1.520000,1.550000,1.550000,41700
2019-07-08,1.560000,1.656000,1.530000,1.570000,1.570000,61500
2019-07-09,1.580000,1.700000,1.580000,1.630000,1.630000,67800
2019-07-10,1.610000,1.690000,1.550000,1.580000,1.580000,59400
2019-07-11,1.600000,1.620000,1.410000,1.430000,1.430000,116400
2019-07-12,1.400000,1.538000,1.400000,1.510000,1.510000,52000
2019-07-15,1.600000,1.670000,1.487000,1.510000,1.510000,89100
2019-07-16,1.540000,1.600000,1.450000,1.535000,1.535000,142000
2019-07-17,1.546000,1.570000,1.450000,1.460000,1.460000,63800
2019-07-18,1.450000,1.530000,1.410000,1.460000,1.460000,29800
2019-07-19,1.470000,1.523000,1.460000,1.460000,1.460000,38400
2019-07-22,1.460000,1.500000,1.430000,1.450000,1.450000,32000
2019-07-23,1.450000,1.500000,1.450000,1.485000,1.485000,41100
2019-07-24,1.500000,1.600000,1.470000,1.520000,1.520000,40500
2019-07-25,1.540000,1.600000,1.480000,1.490000,1.490000,36300
2019-07-26,1.500000,1.569000,1.500000,1.540000,1.540000,66800
2019-07-29,1.550000,1.700000,1.480000,1.640000,1.640000,252100
2019-07-30,1.640000,1.640000,1.570000,1.590000,1.590000,38900
2019-07-31,1.580000,1.600000,1.480000,1.500000,1.500000,62400
2019-08-01,1.590000,1.590000,1.420000,1.420000,1.420000,69700
2019-08-02,1.420000,1.500000,1.380000,1.440000,1.440000,56000
2019-08-05,1.410000,1.431000,1.310000,1.340000,1.340000,74000
2019-08-06,1.350000,1.462000,1.310000,1.380000,1.380000,44000
2019-08-07,1.350000,1.440000,1.350000,1.400000,1.400000,15700
2019-08-08,1.420000,1.500000,1.380000,1.420000,1.420000,75600
2019-08-09,1.470000,1.481000,1.320000,1.360000,1.360000,115000
2019-08-12,1.400000,1.464000,1.320000,1.350000,1.350000,45600
2019-08-13,1.330000,1.400000,1.320000,1.390000,1.390000,32000
2019-08-14,1.360000,1.390000,1.230000,1.390000,1.390000,40300
2019-08-15,1.380000,1.440000,1.325000,1.330000,1.330000,30600
2019-08-16,1.341000,1.380000,1.231000,1.360000,1.360000,37000
2019-08-19,1.347000,1.450000,1.340000,1.430000,1.430000,31200
2019-08-20,1.420000,1.450000,1.340000,1.450000,1.450000,32000
2019-08-21,1.450000,1.450000,1.400000,1.450000,1.450000,18300
2019-08-22,1.430000,1.600000,1.430000,1.550000,1.550000,88200
2019-08-23,1.550000,1.590000,1.467000,1.490000,1.490000,72100
2019-08-26,1.470000,1.560000,1.450000,1.560000,1.560000,33900
2019-08-27,1.521000,1.570000,1.518000,1.560000,1.560000,39500
2019-08-28,1.550000,1.600000,1.450000,1.570000,1.570000,92400
2019-08-29,1.550000,1.580000,1.530000,1.550000,1.550000,10600
2019-08-30,1.510000,1.740000,1.510000,1.700000,1.700000,166400
2019-09-03,1.760000,1.800000,1.670000,1.790000,1.790000,113600
2019-09-04,1.790000,1.850000,1.710000,1.800000,1.800000,182400
2019-09-05,1.830000,1.880000,1.771000,1.868000,1.868000,164600
2019-09-06,1.860000,1.860000,1.580000,1.790000,1.790000,123600
2019-09-09,1.790000,1.790000,1.672000,1.690000,1.690000,62500
2019-09-10,1.720000,1.795000,1.690000,1.710000,1.710000,67800
2019-09-11,1.700000,1.750000,1.650000,1.680000,1.680000,82600
2019-09-12,1.700000,1.720000,1.680000,1.720000,1.720000,28500
2019-09-13,1.710000,1.790000,1.661000,1.690000,1.690000,63300
2019-09-16,1.670000,1.740000,1.532000,1.705000,1.705000,142600
2019-09-17,1.700000,1.700000,1.587000,1.610000,1.610000,33800
2019-09-18,1.600000,1.640000,1.460000,1.530000,1.530000,118000
2019-09-19,1.520000,1.650000,1.520000,1.570000,1.570000,41200
2019-09-20,1.580000,1.620000,1.521000,1.560000,1.560000,68900
2019-09-23,1.570000,1.580000,1.470000,1.536000,1.536000,52600
2019-09-24,1.540000,1.540000,1.480000,1.480000,1.480000,54600
2019-09-25,1.470000,1.480000,1.310000,1.336000,1.336000,202600
2019-09-26,1.380000,1.380000,1.010000,1.170000,1.170000,279700
2019-09-27,1.180000,1.252000,1.030000,1.077000,1.077000,136900
2019-09-30,1.080000,1.120000,1.050000,1.060000,1.060000,50200
2019-10-01,1.050000,1.078000,0.995000,1.010000,1.010000,112700
2019-10-02,1.030000,1.090000,1.030000,1.060000,1.060000,116900
2019-10-03,1.060000,1.110000,1.020000,1.080000,1.080000,62700
2019-10-04,1.080000,1.160000,1.080000,1.150000,1.150000,41400
2019-10-07,1.120000,1.369000,1.120000,1.160000,1.160000,164700
2019-10-08,1.270000,1.270000,1.095000,1.140000,1.140000,50500
2019-10-09,1.140000,1.194000,1.140000,1.150000,1.150000,22300
2019-10-10,1.150000,1.163000,1.100000,1.150000,1.150000,32500
2019-10-11,1.160000,1.170000,1.140000,1.150000,1.150000,27700
2019-10-14,1.165000,1.180000,1.110000,1.110000,1.110000,29500
2019-10-15,1.120000,1.190000,1.120000,1.160000,1.160000,41200
2019-10-16,1.170000,1.240000,1.150000,1.215000,1.215000,20100
2019-10-17,1.195000,1.380000,1.182000,1.376000,1.376000,199500
2019-10-18,1.360000,1.380000,1.230000,1.242000,1.242000,116300
2019-10-21,1.268000,1.330000,1.200000,1.270000,1.270000,106500
2019-10-22,1.320000,1.327000,1.160000,1.167000,1.167000,64700
2019-10-23,1.190000,1.230000,1.120000,1.120000,1.120000,40900
2019-10-24,1.120000,1.155000,0.985000,1.050000,1.050000,222600
2019-10-25,1.030000,1.110000,1.020000,1.090000,1.090000,41800
2019-10-28,1.080000,1.140000,1.060000,1.110000,1.110000,38100
2019-10-29,1.090000,1.120000,1.090000,1.100000,1.100000,33200
2019-10-30,1.100000,1.118000,1.040000,1.065000,1.065000,32800
2019-10-31,1.050000,1.060000,1.050000,1.057000,1.057000,17100
2019-11-01,1.050000,1.100000,1.000000,1.096000,1.096000,90200
2019-11-04,1.100000,1.100000,1.020000,1.060000,1.060000,66900
2019-11-05,1.040000,1.090000,1.040000,1.060000,1.060000,33800
2019-11-06,1.050000,1.090000,1.050000,1.050000,1.050000,20400
2019-11-07,1.070000,1.090000,1.050000,1.060000,1.060000,12300
2019-11-08,1.050000,1.070000,1.000000,1.047000,1.047000,69000
2019-11-11,1.010000,1.070000,1.000000,1.030000,1.030000,18200
2019-11-12,1.030000,1.035000,1.000000,1.029000,1.029000,25200
2019-11-13,1.042000,1.090000,1.025000,1.035000,1.035000,51300
2019-11-14,1.000000,1.050000,0.950000,1.045000,1.045000,77600
2019-11-15,1.010000,1.050000,0.950000,1.020000,1.020000,40000
2019-11-18,1.000000,1.020000,0.901000,0.906000,0.906000,115100
2019-11-19,0.880000,0.900000,0.760000,0.760000,0.760000,222200
2019-11-20,0.798000,0.798000,0.637000,0.650000,0.650000,203600
2019-11-21,0.678000,0.709000,0.621000,0.680000,0.680000,98400
2019-11-22,0.680000,0.750000,0.680000,0.690000,0.690000,36800
2019-11-25,0.700000,0.738000,0.680000,0.720000,0.720000,42600
2019-11-26,0.721000,0.750000,0.721000,0.744000,0.744000,54300
2019-11-27,0.770000,0.800000,0.750000,0.769000,0.769000,71800
2019-11-29,0.800000,0.839000,0.800000,0.839000,0.839000,38300
2019-12-02,0.860000,0.890000,0.830000,0.841000,0.841000,34500
2019-12-03,0.883000,0.950000,0.825000,0.923000,0.923000,72500
2019-12-04,0.960000,1.080000,0.939000,1.010000,1.010000,312900
2019-12-05,1.010000,1.110000,0.900000,0.905000,0.905000,122500
2019-12-06,0.930000,0.950000,0.910000,0.930000,0.930000,36000
2019-12-09,0.950000,1.000000,0.910000,0.930000,0.930000,41900
2019-12-10,0.920000,0.978000,0.900000,0.907000,0.907000,27000
2019-12-11,0.925000,0.940000,0.900000,0.900000,0.900000,16100
2019-12-12,0.910000,1.100000,0.910000,1.050000,1.050000,134500
2019-12-13,1.070000,1.070000,0.980000,1.040000,1.040000,52100
2019-12-16,1.070000,1.070000,0.990000,1.037000,1.037000,57200
2019-12-17,1.018000,1.040000,1.010000,1.040000,1.040000,11500
2019-12-18,1.040000,1.055000,0.990000,1.000000,1.000000,44200
2019-12-19,1.040000,1.480000,1.040000,1.359000,1.359000,1089000
2019-12-20,1.400000,1.400000,1.090000,1.260000,1.260000,331800
2019-12-23,1.300000,1.300000,1.140000,1.189000,1.189000,88500
2019-12-24,1.220000,1.300000,1.160000,1.265000,1.265000,121400
2019-12-26,1.330000,1.350000,1.300000,1.340000,1.340000,101500
2019-12-27,1.320000,1.500000,1.264000,1.380000,1.380000,103300
2019-12-30,1.450000,1.800000,1.410000,1.560000,1.560000,418900
2019-12-31,1.590000,1.780000,1.587000,1.680000,1.680000,162300
2020-01-02,1.760000,2.120000,1.720000,1.900000,1.900000,433600
2020-01-03,1.900000,2.100000,1.670000,1.740000,1.740000,234700
2020-01-06,1.750000,2.250000,1.640000,2.140000,2.140000,487600
2020-01-07,2.120000,2.120000,1.820000,1.920000,1.920000,232300
2020-01-08,1.890000,2.040000,1.650000,1.810000,1.810000,294600
2020-01-09,2.000000,2.000000,1.670000,1.700000,1.700000,161400
2020-01-10,1.710000,1.813000,1.610000,1.810000,1.810000,171600
2020-01-13,1.840000,1.840000,1.650000,1.690000,1.690000,144900
2020-01-14,1.700000,1.931000,1.630000,1.820000,1.820000,161500
2020-01-15,1.910000,2.088000,1.670000,1.710000,1.710000,455000
2020-01-16,1.700000,1.850000,1.700000,1.810000,1.810000,100600
2020-01-17,1.860000,1.890000,1.760000,1.830000,1.830000,83900
2020-01-21,1.890000,1.890000,1.790000,1.880000,1.880000,95900
2020-01-22,1.890000,2.039000,1.850000,1.990000,1.990000,241700
2020-01-23,1.980000,2.040000,1.775000,1.850000,1.850000,255200
2020-01-24,1.800000,1.892000,1.665000,1.710000,1.710000,228300
2020-01-27,1.710000,1.740000,1.620000,1.660000,1.660000,125000
2020-01-28,1.700000,1.700000,1.400000,1.625000,1.625000,157800
2020-01-29,1.630000,1.630000,1.370000,1.400000,1.400000,164400
2020-01-30,1.470000,1.643000,1.406000,1.499000,1.499000,79200
2020-01-31,1.510000,1.550000,1.430000,1.450000,1.450000,80000
2020-02-03,1.500000,1.515000,1.420000,1.460000,1.460000,78100
2020-02-04,1.500000,1.550000,1.460000,1.480000,1.480000,69300
2020-02-05,1.590000,1.590000,1.450000,1.510000,1.510000,50900
2020-02-06,1.500000,1.580000,1.450000,1.510000,1.510000,25400
2020-02-07,1.470000,1.540000,1.400000,1.400000,1.400000,67200
2020-02-10,1.360000,1.433000,1.260000,1.330000,1.330000,97100
2020-02-11,1.340000,1.450000,1.330000,1.390000,1.390000,78800
2020-02-12,1.400000,1.473000,1.360000,1.424000,1.424000,21400
2020-02-13,1.384000,1.450000,1.307000,1.390000,1.390000,51600
2020-02-14,1.370000,1.420000,1.340000,1.350000,1.350000,47900
2020-02-18,1.360000,1.420000,1.290000,1.290000,1.290000,47600
2020-02-19,1.290000,1.366000,1.232000,1.290000,1.290000,85700
2020-02-20,1.360000,1.360000,1.240000,1.250000,1.250000,80800
2020-02-21,1.250000,1.300000,1.210000,1.220000,1.220000,87900
2020-02-24,1.220000,1.306000,1.180000,1.250000,1.250000,105400
2020-02-25,1.250000,1.255000,1.190000,1.230000,1.230000,56600
2020-02-26,1.193000,1.286000,1.190000,1.210000,1.210000,46800
2020-02-27,1.210000,1.215000,1.160000,1.179000,1.179000,47200
2020-02-28,1.160000,1.218000,1.080000,1.099000,1.099000,72700
2020-03-02,1.100000,1.150000,1.080000,1.100000,1.100000,93900
2020-03-03,1.150000,1.234000,1.080000,1.080000,1.080000,55500
2020-03-04,1.110000,1.200000,1.100000,1.120000,1.120000,109500
2020-03-05,1.120000,1.177000,1.095000,1.110000,1.110000,77600
2020-03-06,1.130000,1.190000,1.100000,1.110000,1.110000,145100
2020-03-09,1.110000,1.110000,1.010000,1.070000,1.070000,64700
2020-03-10,1.120000,1.180000,0.960000,1.030000,1.030000,338500
2020-03-11,1.090000,1.090000,0.960000,1.003000,1.003000,212300
2020-03-12,0.941000,0.960000,0.810000,0.823000,0.823000,170800
2020-03-13,0.908000,0.960000,0.800000,0.900000,0.900000,83500
2020-03-16,0.840000,0.887000,0.748000,0.772000,0.772000,68900
2020-03-17,0.790000,0.850000,0.715000,0.740000,0.740000,53500
2020-03-18,0.750000,0.812000,0.685000,0.750000,0.750000,59600
2020-03-19,0.780000,0.920000,0.669000,0.816000,0.816000,217000
2020-03-20,0.838000,0.920000,0.838000,0.876000,0.876000,70400
2020-03-23,0.850000,0.920000,0.750000,0.780000,0.780000,74600
2020-03-24,0.850000,0.920000,0.750000,0.914000,0.914000,160700
2020-03-25,0.920000,0.935000,0.783000,0.873000,0.873000,43100
2020-03-26,0.900000,0.940000,0.860000,0.885000,0.885000,92400
2020-03-27,0.875000,0.875000,0.710000,0.760000,0.760000,143900
2020-03-30,0.736000,0.766000,0.650000,0.683000,0.683000,183100
2020-03-31,0.696000,0.750000,0.673000,0.722000,0.722000,91700
2020-04-01,0.710000,0.746000,0.650000,0.680000,0.680000,83200
2020-04-02,0.714000,0.714000,0.610000,0.639000,0.639000,103700
2020-04-03,0.620000,0.660000,0.600000,0.660000,0.660000,77200
2020-04-06,0.670000,0.670000,0.599000,0.654000,0.654000,90300
2020-04-07,0.669000,0.720000,0.600000,0.710000,0.710000,90000
2020-04-08,0.710000,0.720000,0.660000,0.716000,0.716000,41300
2020-04-09,0.720000,0.720000,0.660000,0.700000,0.700000,29100
2020-04-13,0.700000,0.750000,0.660000,0.742000,0.742000,72500
2020-04-14,0.750000,0.880000,0.750000,0.876000,0.876000,130300
2020-04-15,0.890000,0.890000,0.810000,0.870000,0.870000,39000
2020-04-16,0.900000,0.900000,0.850000,0.860000,0.860000,37000
2020-04-17,0.840000,0.900000,0.760000,0.853000,0.853000,103900
2020-04-20,0.804000,0.880000,0.778000,0.810000,0.810000,53000
2020-04-21,0.780000,0.810000,0.740000,0.765000,0.765000,50500
2020-04-22,0.790000,0.798000,0.740000,0.786000,0.786000,18700
2020-04-23,0.790000,0.840000,0.740000,0.826000,0.826000,38900
2020-04-24,0.790000,0.865000,0.735000,0.836000,0.836000,68200
2020-04-27,0.836000,0.870000,0.780000,0.870000,0.870000,73500
2020-04-28,0.860000,1.350000,0.800000,0.811000,0.811000,1794600
2020-04-29,0.830000,0.839000,0.760000,0.780000,0.780000,257500
2020-04-30,0.850000,0.850000,0.740000,0.776000,0.776000,484700
2020-05-01,0.810000,0.810000,0.720000,0.756000,0.756000,177300
2020-05-04,0.770000,0.770000,0.701000,0.710000,0.710000,251900
2020-05-05,0.700000,0.770000,0.670000,0.713000,0.713000,522700
2020-05-06,0.719000,0.730000,0.640000,0.680000,0.680000,560200
2020-05-07,0.672000,0.736000,0.650000,0.736000,0.736000,227700
2020-05-08,0.739000,0.755000,0.671000,0.726000,0.726000,162300
2020-05-11,0.700000,0.740000,0.660000,0.685000,0.685000,273100
2020-05-12,0.680000,0.690000,0.651000,0.675000,0.675000,268300
2020-05-13,0.670000,0.675000,0.600000,0.630000,0.630000,229300
2020-05-14,0.650000,0.740000,0.610000,0.715000,0.715000,445500
2020-05-15,0.710000,0.850000,0.681000,0.681000,0.681000,689400
2020-05-18,0.690000,0.720000,0.640000,0.650000,0.650000,219600
2020-05-19,0.668000,0.677000,0.630000,0.665000,0.665000,145500
2020-05-20,0.699000,0.699000,0.655000,0.699000,0.699000,164500
2020-05-21,0.700000,0.730000,0.687000,0.709000,0.709000,86000
2020-05-22,0.712000,0.820000,0.712000,0.790000,0.790000,403000
2020-05-26,0.860000,0.890000,0.791000,0.840000,0.840000,434900
2020-05-27,0.872000,0.890000,0.810000,0.875000,0.875000,171600
2020-05-28,0.900000,0.975000,0.860000,0.890000,0.890000,368200
2020-05-29,0.900000,0.965000,0.871000,0.920000,0.920000,286700
2020-06-01,0.900000,0.950000,0.891000,0.910000,0.910000,383400
2020-06-02,0.910000,0.910000,0.841000,0.909000,0.909000,245800
2020-06-03,0.901000,0.990000,0.865000,0.940000,0.940000,301600
2020-06-04,0.960000,0.990000,0.910000,0.930000,0.930000,251500
2020-06-05,1.000000,1.010000,0.895000,0.928000,0.928000,585700
2020-06-08,0.920000,0.950000,0.860000,0.920000,0.920000,698900
2020-06-09,0.949000,0.950000,0.900000,0.948000,0.948000,283600
2020-06-10,0.997000,1.000000,0.940000,0.951000,0.951000,419500
2020-06-11,0.947000,0.950000,0.805000,0.850000,0.850000,395100
2020-06-12,0.888000,0.932000,0.832000,0.865000,0.865000,140900
2020-06-15,0.893000,0.980000,0.820000,0.932000,0.932000,366300
2020-06-16,0.990000,1.100000,0.970000,1.050000,1.050000,631600
2020-06-17,1.080000,1.100000,1.020000,1.100000,1.100000,291300
2020-06-18,1.100000,1.120000,1.000000,1.050000,1.050000,287700
2020-06-19,1.100000,1.170000,1.050000,1.050000,1.050000,502800
2020-06-22,1.150000,1.150000,1.020000,1.040000,1.040000,475600
2020-06-23,1.120000,1.120000,0.900000,1.030000,1.030000,2182800
2020-06-24,1.010000,1.030000,0.940000,0.960000,0.960000,332000
2020-06-25,0.980000,1.020000,0.900000,0.930000,0.930000,900900
2020-06-26,0.910000,1.020000,0.870000,0.970000,0.970000,596600
2020-06-29,0.990000,1.080000,0.971000,1.020000,1.020000,383400
2020-06-30,0.980000,1.000000,0.940000,0.962000,0.962000,402200
2020-07-01,0.940000,0.970000,0.911000,0.930000,0.930000,228300
2020-07-02,0.930000,1.130000,0.850000,0.899000,0.899000,4249000
2020-07-06,0.899000,0.901000,0.850000,0.888000,0.888000,279800
2020-07-07,0.878000,0.910000,0.850000,0.900000,0.900000,359600
2020-07-08,0.879000,0.956000,0.872000,0.925000,0.925000,408600
2020-07-09,0.909000,0.909000,0.870000,0.909000,0.909000,262600
2020-07-10,0.909000,0.910000,0.880000,0.889000,0.889000,190000
2020-07-13,0.890000,0.950000,0.876000,0.895000,0.895000,291800
2020-07-14,0.884000,0.920000,0.860000,0.891000,0.891000,153800
2020-07-15,0.870000,0.894000,0.862000,0.894000,0.894000,179300
2020-07-16,0.915000,0.949000,0.880000,0.925000,0.925000,362700
2020-07-17,0.932000,0.990000,0.921000,0.931000,0.931000,415400
2020-07-20,0.977000,1.060000,0.931000,1.009000,1.009000,1291100
2020-07-21,1.040000,1.040000,0.975000,1.000000,1.000000,607800
2020-07-22,1.020000,1.090000,0.972000,1.010000,1.010000,891600
2020-07-23,1.020000,1.050000,0.969000,0.970000,0.970000,629900
2020-07-24,0.970000,1.090000,0.960000,1.040000,1.040000,1778400
2020-07-27,1.070000,1.070000,1.000000,1.011000,1.011000,430500
2020-07-28,1.060000,1.060000,1.000000,1.040000,1.040000,237600
2020-07-29,1.040000,1.041000,0.961000,1.000000,1.000000,665700
2020-07-30,1.010000,1.020000,0.972000,1.010000,1.010000,206000
2020-07-31,0.990000,1.020000,0.975000,0.985000,0.985000,297400
2020-08-03,0.980000,0.990000,0.930000,0.954000,0.954000,398700
2020-08-04,0.955000,0.990000,0.930000,0.965000,0.965000,214100
2020-08-05,0.970000,1.020000,0.967000,0.995000,0.995000,818900
2020-08-06,1.000000,1.010000,0.970000,0.984000,0.984000,173000
2020-08-07,0.980000,1.000000,0.955000,0.974000,0.974000,169200
2020-08-10,1.000000,1.000000,0.960000,0.980000,0.980000,117000
2020-08-11,1.000000,1.110000,0.951000,0.967000,0.967000,2167100
2020-08-12,0.973000,0.980000,0.900000,0.928000,0.928000,670100
2020-08-13,0.926000,0.926000,0.861000,0.879000,0.879000,428200
2020-08-14,0.897000,0.937000,0.870000,0.920000,0.920000,306400
2020-08-17,0.900000,0.915000,0.871000,0.900000,0.900000,307800
2020-08-18,0.919000,0.920000,0.855000,0.899000,0.899000,259000
2020-08-19,0.890000,0.900000,0.870000,0.900000,0.900000,151200
2020-08-20,0.885000,0.948000,0.870000,0.930000,0.930000,354600
2020-08-21,0.904000,0.940000,0.880000,0.935000,0.935000,165400
2020-08-24,0.956000,0.956000,0.849000,0.884000,0.884000,580600
2020-08-25,0.890000,0.890000,0.820000,0.852000,0.852000,341300
2020-08-26,0.850000,0.875000,0.823000,0.841000,0.841000,167200
2020-08-27,0.860000,0.870000,0.780000,0.841000,0.841000,361500
2020-08-28,0.832000,0.860000,0.810000,0.824000,0.824000,200400
2020-08-31,0.823000,0.850000,0.810000,0.820000,0.820000,102100
2020-09-01,0.815000,0.825000,0.780000,0.820000,0.820000,163000
2020-09-02,0.826000,0.826000,0.780000,0.810000,0.810000,81600
2020-09-03,0.810000,0.814000,0.766000,0.795000,0.795000,90700
2020-09-04,0.790000,0.800000,0.701000,0.718000,0.718000,363600
2020-09-08,0.724000,0.798000,0.710000,0.771000,0.771000,135100
2020-09-09,0.772000,0.835000,0.772000,0.790000,0.790000,53800
2020-09-10,0.790000,0.823000,0.761000,0.798000,0.798000,65300
2020-09-11,0.802000,0.818000,0.775000,0.800000,0.800000,84500
2020-09-14,0.813000,0.813000,0.750000,0.790000,0.790000,115800
2020-09-15,0.800000,0.800000,0.761000,0.790000,0.790000,74700
2020-09-16,0.796000,0.810000,0.790000,0.810000,0.810000,37200
2020-09-17,0.798000,0.800000,0.760000,0.780000,0.780000,140800
2020-09-18,0.770000,0.790000,0.746000,0.752000,0.752000,116200
2020-09-21,0.750000,0.796000,0.742000,0.758000,0.758000,17300
2020-09-22,0.755000,0.790000,0.750000,0.751000,0.751000,31000
2020-09-23,0.790000,0.790000,0.730000,0.740000,0.740000,25600
2020-09-24,0.760000,0.775000,0.730000,0.742000,0.742000,64300
2020-09-25,0.758000,0.790000,0.730000,0.752000,0.752000,54000
2020-09-28,0.750000,0.760000,0.731000,0.742000,0.742000,74500
2020-09-29,0.731000,0.790000,0.731000,0.747000,0.747000,58200
2020-09-30,0.749000,0.750000,0.732000,0.732000,0.732000,34400
2020-10-01,0.732000,0.769000,0.701000,0.720000,0.720000,80500
2020-10-02,0.700000,0.740000,0.651000,0.700000,0.700000,86700
2020-10-05,0.739000,0.739000,0.667000,0.706000,0.706000,181200
2020-10-06,0.720000,0.800000,0.710000,0.730000,0.730000,224500
2020-10-07,0.742000,0.770000,0.681000,0.704000,0.704000,114400
2020-10-08,0.740000,0.740000,0.700000,0.724000,0.724000,127600
2020-10-09,0.721000,0.732000,0.702000,0.715000,0.715000,56700
2020-10-12,0.726000,0.745000,0.700000,0.728000,0.728000,162700
2020-10-13,0.770000,0.770000,0.710000,0.720000,0.720000,112000
2020-10-14,0.720000,0.749000,0.720000,0.729000,0.729000,37300
2020-10-15,0.728000,0.728000,0.680000,0.715000,0.715000,95600
2020-10-16,0.700000,0.730000,0.700000,0.714000,0.714000,71400
2020-10-19,0.748000,0.750000,0.660000,0.698000,0.698000,193000
2020-10-20,0.701000,0.723000,0.690000,0.710000,0.710000,95800
2020-10-21,0.718000,0.750000,0.690000,0.726000,0.726000,276500
2020-10-22,0.730000,0.750000,0.715000,0.730000,0.730000,79300
2020-10-23,0.738000,0.789000,0.703000,0.780000,0.780000,177900
2020-10-26,0.800000,0.800000,0.690000,0.724000,0.724000,358600
2020-10-27,0.700000,0.729000,0.687000,0.704000,0.704000,117800
2020-10-28,0.710000,0.723000,0.670000,0.690000,0.690000,255600
2020-10-29,0.720000,0.741000,0.675000,0.718000,0.718000,149300
2020-10-30,0.699000,0.699000,0.675000,0.688000,0.688000,60300
2020-11-02,0.692000,0.713000,0.671000,0.710000,0.710000,54800
2020-11-03,0.710000,0.715000,0.681000,0.698000,0.698000,38600
2020-11-04,0.681000,0.700000,0.680000,0.690000,0.690000,75900
2020-11-05,0.700000,0.745000,0.685000,0.706000,0.706000,110400
2020-11-06,0.698000,0.720000,0.698000,0.701000,0.701000,42900
2020-11-09,0.700000,0.740000,0.690000,0.730000,0.730000,69400
2020-11-10,0.740000,0.740000,0.720000,0.722000,0.722000,59400
2020-11-11,0.730000,0.740000,0.702000,0.712000,0.712000,82400
2020-11-12,0.695000,0.770000,0.671000,0.770000,0.770000,354500
2020-11-13,0.746000,0.880000,0.742000,0.844000,0.844000,483400
2020-11-16,0.870000,0.880000,0.810000,0.811000,0.811000,134700
2020-11-17,0.826000,0.837000,0.750000,0.834000,0.834000,115900
2020-11-18,0.838000,0.875000,0.760000,0.800000,0.800000,566900
2020-11-19,0.799000,0.825000,0.765000,0.810000,0.810000,400900
2020-11-20,0.790000,0.820000,0.790000,0.792000,0.792000,151800
2020-11-23,0.793000,0.816000,0.765000,0.796000,0.796000,68800
2020-11-24,0.816000,0.843000,0.800000,0.830000,0.830000,165200
2020-11-25,0.850000,0.900000,0.800000,0.835000,0.835000,353700
2020-11-27,0.865000,0.900000,0.830000,0.851000,0.851000,142500
2020-11-30,0.850000,0.870000,0.820000,0.821000,0.821000,221400
2020-12-01,0.890000,0.890000,0.820000,0.850000,0.850000,368300
2020-12-02,0.870000,0.880000,0.820000,0.868000,0.868000,196200
2020-12-03,0.920000,0.940000,0.810000,0.840000,0.840000,817100
2020-12-04,0.822000,0.850000,0.811000,0.850000,0.850000,294100
2020-12-07,0.836000,0.890000,0.780000,0.880000,0.880000,537200
2020-12-08,0.889000,0.890000,0.815000,0.849000,0.849000,448900
2020-12-09,0.870000,0.897000,0.835000,0.852000,0.852000,552600
2020-12-10,0.860000,0.890000,0.828000,0.850000,0.850000,448100
2020-12-11,0.840000,0.879000,0.821000,0.868000,0.868000,218900
2020-12-14,0.879000,0.940000,0.840000,0.899000,0.899000,380500
2020-12-15,0.900000,0.940000,0.770000,0.815000,0.815000,1838000
2020-12-16,0.720000,0.779000,0.714000,0.756000,0.756000,2324000
2020-12-17,0.733000,0.770000,0.720000,0.735000,0.735000,439500
2020-12-18,0.740000,0.760000,0.723000,0.750000,0.750000,804500
2020-12-21,0.759000,0.763000,0.703000,0.710000,0.710000,1218300
2020-12-22,0.720000,0.749000,0.703000,0.734000,0.734000,447000
2020-12-23,0.730000,0.798000,0.712000,0.769000,0.769000,1886400
2020-12-24,0.765000,0.780000,0.718000,0.765000,0.765000,676700
2020-12-28,0.720000,0.768000,0.720000,0.748000,0.748000,468000
2020-12-29,0.739000,0.750000,0.706000,0.710000,0.710000,455200
2020-12-30,0.719000,0.745000,0.710000,0.745000,0.745000,371700
2020-12-31,0.744000,0.790000,0.740000,0.750000,0.750000,434500
2021-01-04,0.780000,0.870000,0.760000,0.800000,0.800000,826800
2021-01-05,0.820000,0.900000,0.800000,0.890000,0.890000,1393300
2021-01-06,0.905000,0.940000,0.822000,0.841000,0.841000,1676800
2021-01-07,0.850000,0.898000,0.820000,0.890000,0.890000,1185600
2021-01-08,0.900000,0.950000,0.875000,0.920000,0.920000,813200
2021-01-11,0.910000,0.948000,0.851000,0.900000,0.900000,2194800
2021-01-12,0.924000,1.050000,0.914000,1.050000,1.050000,3369400
2021-01-13,1.100000,1.200000,0.980000,1.040000,1.040000,3572900
2021-01-14,1.030000,1.050000,0.956000,1.010000,1.010000,1482700
2021-01-15,0.980000,1.160000,0.956000,1.050000,1.050000,3563600
2021-01-19,1.284000,1.750000,1.190000,1.740000,1.740000,18137500
2021-01-20,2.310000,2.580000,1.810000,2.040000,2.040000,33278400
2021-01-21,2.200000,2.250000,2.020000,2.160000,2.160000,8152400
2021-01-22,2.090000,2.370000,1.940000,2.330000,2.330000,6323400
2021-01-25,2.810000,2.850000,2.410000,2.690000,2.690000,7263600
2021-01-26,2.990000,2.990000,2.650000,2.850000,2.850000,5247000
2021-01-27,2.400000,2.750000,2.020000,2.200000,2.200000,6927300
2021-01-28,2.130000,2.150000,1.850000,2.010000,2.010000,3982900
2021-01-29,1.900000,2.070000,1.840000,1.900000,1.900000,2953300
2021-02-01,1.950000,2.070000,1.880000,2.020000,2.020000,1826200
2021-02-02,2.050000,2.180000,2.000000,2.060000,2.060000,1935500
2021-02-03,2.160000,2.300000,2.120000,2.270000,2.270000,1957500
2021-02-04,2.360000,2.390000,2.018000,2.140000,2.140000,2142200
2021-02-05,2.130000,2.250000,2.073000,2.230000,2.230000,1556700
2021-02-08,2.230000,2.630000,2.210000,2.500000,2.500000,3716800
2021-02-09,2.554000,2.650000,2.330000,2.390000,2.390000,2418000
2021-02-10,2.480000,2.480000,2.120000,2.330000,2.330000,1760700
2021-02-11,2.350000,2.390000,2.220000,2.280000,2.280000,1506700
2021-02-12,2.320000,2.480000,2.271000,2.460000,2.460000,1896500
2021-02-16,2.690000,2.990000,2.530000,2.620000,2.620000,4751500
2021-02-17,2.730000,2.780000,2.470000,2.540000,2.540000,2660900
2021-02-18,2.510000,2.530000,2.300000,2.390000,2.390000,1549300
2021-02-19,2.430000,2.460000,2.340000,2.460000,2.460000,1519600
2021-02-22,2.360000,2.400000,2.150000,2.180000,2.180000,1992800
2021-02-23,2.020000,2.130000,1.600000,2.020000,2.020000,2274900
2021-02-24,2.120000,2.270000,2.080000,2.270000,2.270000,1243100
2021-02-25,2.488000,2.690000,2.350000,2.460000,2.460000,4845800
2021-02-26,2.480000,2.500000,2.160000,2.500000,2.500000,2179700
2021-03-01,2.550000,2.690000,2.460000,2.640000,2.640000,2664500
2021-03-02,2.630000,2.685000,2.550000,2.630000,2.630000,1783700
2021-03-03,2.630000,3.050000,2.360000,2.460000,2.460000,7147200
2021-03-04,2.380000,2.390000,2.000000,2.130000,2.130000,3279200
2021-03-05,2.080000,2.270000,1.790000,2.220000,2.220000,2621700
2021-03-08,2.240000,2.290000,2.010000,2.120000,2.120000,1454700
2021-03-09,2.160000,2.400000,2.100000,2.290000,2.290000,1510200
2021-03-10,2.330000,2.350000,2.190000,2.330000,2.330000,1156200
2021-03-11,2.360000,2.370000,2.210000,2.310000,2.310000,1339800
2021-03-12,2.300000,2.575000,2.200000,2.500000,2.500000,1764000
2021-03-15,2.530000,2.800000,2.470000,2.720000,2.720000,3320900
2021-03-16,2.820000,2.890000,2.561000,2.700000,2.700000,2666900
2021-03-17,2.620000,2.870000,2.460000,2.800000,2.800000,2932300
2021-03-18,2.880000,3.100000,2.600000,2.740000,2.740000,5431300
2021-03-19,2.730000,2.930000,2.630000,2.840000,2.840000,2577400
2021-03-22,2.830000,2.858000,2.610000,2.660000,2.660000,3177900
2021-03-23,2.590000,2.670000,2.400000,2.480000,2.480000,2517600
2021-03-24,2.450000,2.490000,2.280000,2.310000,2.310000,1809000
2021-03-25,2.260000,2.400000,2.160000,2.310000,2.310000,1185500
2021-03-26,2.436000,2.480000,2.310000,2.430000,2.430000,1798500
2021-03-29,2.390000,2.395000,2.220000,2.330000,2.330000,1136900
2021-03-30,2.270000,2.590000,2.220000,2.570000,2.570000,1902300
2021-03-31,2.520000,2.650000,2.440000,2.600000,2.600000,834100
2021-04-01,2.600000,2.745000,2.530000,2.740000,2.740000,1293700
2021-04-05,2.740000,2.800000,2.620000,2.640000,2.640000,1257100
2021-04-06,2.670000,2.670000,2.530000,2.550000,2.550000,745100
2021-04-07,2.530000,2.590000,2.480000,2.510000,2.510000,628100
2021-04-08,2.500000,2.590000,2.440000,2.580000,2.580000,688200
2021-04-09,2.560000,2.580000,2.470000,2.540000,2.540000,602800
2021-04-12,2.560000,2.560000,2.250000,2.350000,2.350000,1366400
2021-04-13,2.310000,2.380000,2.240000,2.360000,2.360000,779400
2021-04-14,2.340000,2.410000,2.220000,2.280000,2.280000,987400
2021-04-15,2.280000,2.319000,2.090000,2.220000,2.220000,1066700
2021-04-16,2.200000,2.230000,2.070000,2.180000,2.180000,772700
2021-04-19,2.170000,2.300000,2.050000,2.290000,2.290000,1183200
2021-04-20,2.290000,2.290000,2.110000,2.200000,2.200000,784800
2021-04-21,2.110000,2.270000,2.100000,2.230000,2.230000,946600
2021-04-22,2.250000,2.330000,2.180000,2.250000,2.250000,563000
2021-04-23,2.340000,2.430000,2.250000,2.400000,2.400000,1288700
2021-04-26,2.460000,2.570000,2.390000,2.520000,2.520000,1035400
2021-04-27,2.610000,2.630000,2.350000,2.390000,2.390000,1110500
2021-04-28,2.360000,2.530000,2.330000,2.530000,2.530000,645900
2021-04-29,2.490000,2.536000,2.360000,2.470000,2.470000,568400
2021-04-30,2.400000,2.510000,2.370000,2.400000,2.400000,746400
2021-05-03,2.380000,2.400000,2.290000,2.310000,2.310000,701600
2021-05-04,2.340000,2.360000,2.180000,2.250000,2.250000,1197200
2021-05-05,2.250000,2.290000,2.130000,2.180000,2.180000,817900
2021-05-06,2.200000,2.220000,2.089000,2.160000,2.160000,819800
2021-05-07,2.170000,2.240000,2.125000,2.170000,2.170000,510200
2021-05-10,2.110000,2.140000,2.040000,2.070000,2.070000,478700
2021-05-11,2.010000,2.188000,1.920000,2.160000,2.160000,727100
2021-05-12,2.120000,2.140000,2.000000,2.060000,2.060000,590800
2021-05-13,2.060000,2.134000,1.930000,1.980000,1.980000,670100
2021-05-14,2.030000,2.100000,2.000000,2.050000,2.050000,588700
2021-05-17,2.050000,2.070000,1.955000,1.980000,1.980000,692700
2021-05-18,1.980000,2.220000,1.980000,2.170000,2.170000,952400
2021-05-19,2.110000,2.330000,2.090000,2.270000,2.270000,753000
2021-05-20,2.250000,2.320000,2.200000,2.260000,2.260000,485800
2021-05-21,2.250000,2.300000,2.210000,2.260000,2.260000,367700
2021-05-24,2.220000,2.230000,2.060000,2.100000,2.100000,487000
2021-05-25,2.110000,2.190000,2.075000,2.090000,2.090000,292100
2021-05-26,2.080000,2.160000,2.070000,2.140000,2.140000,284300
2021-05-27,2.130000,2.160000,2.030000,2.110000,2.110000,358600
2021-05-28,2.100000,2.130000,2.040000,2.120000,2.120000,329700